workout_frequency_week,avg_session_duration,avg_intensity,sleep_avg_7d,previous_injuries_count,age,experience_level,recovery_score_avg,injury_risk
3,90.0,7.647058823529411,7.2,3,43,2,79.0,1
2,42.599999999999994,7.4576271186440675,7.6,3,51,1,80.22222222222223,1
2,55.800000000000004,6.581632653061225,6.5,1,52,1,78.11111111111111,1
3,45.0,7.473684210526316,8.2,2,52,1,87.55555555555554,0
4,72.0,9.329608938547485,7.2,3,55,2,85.0,1
4,94.2,8.449197860962567,6.5,3,24,3,81.11111111111111,1
4,101.39999999999999,7.513513513513513,6.0,1,41,3,82.33333333333333,1
3,60.6,7.206703910614525,6.5,3,52,2,81.11111111111111,1
3,66.0,10.0,8.1,3,42,2,90.0,1
3,77.4,8.829787234042554,7.4,1,56,2,87.11111111111111,1
2,54.6,6.934673366834171,7.2,1,22,1,84.0,1
4,82.8,7.011494252873564,6.6,0,27,2,78.66666666666666,1
3,30.6,7.374301675977653,8.4,0,47,1,94.66666666666666,0
4,75.6,7.210526315789474,8.2,3,31,2,85.55555555555554,1
4,61.2,8.115183246073299,7.9,0,22,2,84.88888888888889,1
5,110.4,7.0,7.7,1,33,3,80.77777777777777,1
3,58.199999999999996,7.6608187134502925,6.1,0,21,1,76.88888888888889,1
2,70.19999999999999,7.664670658682635,7.3,0,39,1,78.55555555555556,1
2,70.8,7.897727272727273,6.0,0,43,1,80.33333333333333,1
5,106.8,7.297297297297297,6.1,2,35,3,76.88888888888889,2
2,76.8,8.440860215053764,7.8,1,43,1,91.33333333333334,1
4,114.0,8.571428571428571,7.7,0,18,3,83.77777777777777,1
2,36.6,7.554347826086957,8.0,1,42,1,93.44444444444444,0
5,114.0,8.46590909090909,7.8,0,48,3,85.33333333333334,1
3,70.19999999999999,8.068181818181818,7.7,1,43,1,91.77777777777777,1
3,79.80000000000001,9.135802469135802,6.5,3,43,2,83.11111111111111,1
2,67.8,7.470588235294118,7.6,3,30,1,84.22222222222223,1
4,63.0,8.695652173913043,8.1,2,58,2,94.0,1
3,69.0,7.393939393939394,6.4,0,25,2,79.55555555555556,1
4,69.6,7.687861271676301,7.1,3,50,2,77.44444444444444,1
4,110.4,7.967032967032966,7.7,1,52,3,86.77777777777777,1
3,84.6,8.596491228070175,8.4,3,46,1,91.66666666666666,1
3,72.0,8.160919540229886,8.1,3,25,1,94.0,1
4,62.400000000000006,7.409638554216867,7.1,2,41,2,80.44444444444444,1
4,64.80000000000001,7.886597938144329,6.5,0,45,2,77.11111111111111,1
2,40.800000000000004,7.5,7.2,0,28,1,83.0,1
5,118.2,7.853107344632768,6.0,1,41,3,71.33333333333333,2
5,108.60000000000001,8.524590163934425,7.3,3,48,3,85.55555555555556,1
4,76.8,8.5625,5.9,2,54,2,76.77777777777777,1
3,84.0,7.526881720430108,8.0,2,33,2,85.44444444444444,1
4,117.0,6.894736842105264,8.1,0,47,3,94.0,1
3,86.39999999999999,9.464285714285714,7.7,3,47,2,89.77777777777777,1
4,116.39999999999999,7.23404255319149,7.1,3,25,3,77.44444444444444,2
2,55.800000000000004,7.062146892655368,7.1,3,26,1,79.44444444444444,1
4,65.4,7.590361445783133,6.5,0,41,2,84.11111111111111,1
3,88.8,7.151162790697675,7.5,1,29,1,81.66666666666667,1
3,61.800000000000004,9.875,7.4,3,49,2,79.11111111111111,1
3,81.0,8.983957219251337,6.5,1,59,2,74.11111111111111,1
4,94.80000000000001,8.75,7.8,3,58,3,82.33333333333334,1
3,71.39999999999999,6.853932584269663,6.1,0,55,2,73.88888888888889,1
4,90.0,7.257142857142858,6.3,2,19,2,75.0,2
2,60.6,7.5925925925925934,7.6,0,37,1,82.22222222222223,1
3,82.2,6.6839378238341975,7.2,3,36,1,87.0,1
3,60.0,6.5482233502538065,7.2,3,56,2,88.0,0
2,51.0,8.47457627118644,6.3,0,33,1,76.0,1
3,82.8,7.354497354497354,7.7,3,51,2,85.77777777777777,1
2,82.8,9.428571428571429,6.7,3,54,1,83.22222222222223,1
4,76.2,7.393617021276596,6.7,2,52,2,78.22222222222223,1
3,46.2,9.277777777777779,8.4,0,55,1,84.66666666666666,1
2,77.4,9.822485207100591,8.3,0,24,1,94.11111111111111,1
4,101.39999999999999,8.722222222222221,7.7,3,56,3,90.77777777777777,1
3,85.19999999999999,9.337016574585634,8.0,2,47,1,85.44444444444444,1
5,91.2,7.305699481865285,6.5,2,53,3,83.11111111111111,1
4,71.39999999999999,9.064327485380117,6.3,1,54,2,78.0,1
4,69.6,7.687861271676301,6.5,0,50,2,74.11111111111111,1
3,76.2,6.0606060606060606,6.5,2,40,2,77.11111111111111,1
4,99.6,8.0,7.8,3,19,3,93.33333333333334,1
4,72.0,9.329608938547485,6.5,3,55,2,81.11111111111111,1
4,67.2,9.767441860465116,7.2,3,20,2,85.0,1
4,62.400000000000006,8.214285714285714,8.4,3,25,2,93.66666666666666,1
2,50.4,6.269430051813472,6.1,0,35,1,81.88888888888889,1
3,67.8,7.0879120879120885,7.7,0,26,1,84.77777777777777,1
3,88.8,7.151162790697675,7.8,0,29,1,83.33333333333334,1
4,103.2,8.633540372670808,7.5,2,18,3,81.66666666666667,1
4,78.0,8.435754189944134,7.3,0,46,2,86.55555555555556,1
3,64.2,10.0,7.6,1,20,2,84.22222222222223,1
5,101.39999999999999,8.156424581005586,8.3,0,20,3,93.11111111111111,1
3,46.2,9.277777777777779,6.8,3,55,1,75.77777777777777,1
5,103.2,6.185567010309279,6.0,3,59,3,74.33333333333333,2
3,87.0,7.461139896373057,8.0,3,33,2,82.44444444444444,1
5,103.2,7.906976744186046,7.2,1,20,3,86.0,1
4,102.6,7.287234042553191,6.0,1,20,3,82.33333333333333,1
3,82.8,6.721311475409836,6.0,0,22,1,80.33333333333333,1
3,46.2,10.0,7.3,0,55,1,85.55555555555556,1
5,117.6,8.37696335078534,6.4,0,39,3,75.55555555555556,2
5,119.4,8.28125,6.1,3,28,3,78.88888888888889,2
4,85.19999999999999,8.580246913580247,6.0,3,22,2,74.33333333333333,2
3,46.2,10.0,7.8,2,55,1,88.33333333333334,0
5,91.2,7.305699481865285,7.5,3,53,3,88.66666666666667,1
2,44.4,6.532663316582915,7.6,2,38,1,83.22222222222223,1
2,76.8,8.256410256410255,6.5,2,19,1,76.11111111111111,1
5,116.39999999999999,6.632124352331607,7.2,3,28,3,84.0,1
4,94.2,8.362573099415204,6.3,0,58,3,78.0,2
4,75.6,9.171270718232044,7.3,3,30,2,86.55555555555556,1
5,99.0,9.0625,6.6,0,29,3,74.66666666666666,2
2,43.199999999999996,9.876543209876543,6.0,3,39,1,80.33333333333333,1
3,64.80000000000001,8.061224489795919,7.7,0,55,1,89.77777777777777,0
4,109.80000000000001,7.3053892215568865,6.5,2,42,3,76.11111111111111,2
4,82.2,7.351351351351352,6.6,2,47,2,83.66666666666666,1
3,85.8,8.353658536585366,6.0,2,46,2,79.33333333333333,1
5,112.2,7.664670658682635,7.8,3,41,3,90.33333333333334,1
2,48.6,8.241206030150753,8.0,3,34,1,88.44444444444444,0
2,33.0,7.976878612716764,6.4,2,21,1,76.55555555555556,1
4,66.60000000000001,7.3053892215568865,6.6,3,32,2,78.66666666666666,1
4,73.8,8.418367346938776,6.2,2,56,2,74.44444444444444,1
4,75.6,8.516483516483516,7.9,1,56,2,88.88888888888889,1
4,62.400000000000006,7.409638554216867,8.0,2,41,2,85.44444444444444,1
4,84.6,7.831325301204819,8.5,1,30,2,97.22222222222223,1
4,72.6,7.888888888888888,7.7,1,38,2,83.77777777777777,1
4,94.80000000000001,8.75,7.2,1,58,3,79.0,2
4,67.2,8.24561403508772,7.1,2,53,2,81.44444444444444,1
5,103.2,6.185567010309279,6.0,2,59,3,74.33333333333333,2
5,108.60000000000001,7.1875,7.1,2,34,3,86.44444444444444,1
4,77.4,7.604166666666666,6.1,3,49,2,74.88888888888889,1
5,92.4,7.98941798941799,8.2,0,42,3,92.55555555555554,1
3,50.4,7.305699481865285,7.2,3,36,1,84.0,1
5,112.2,7.664670658682635,7.3,3,41,3,87.55555555555556,1
2,88.8,7.788944723618091,6.6,2,50,1,84.66666666666666,1
3,57.0,9.523809523809524,6.0,1,45,1,74.33333333333333,1
2,64.80000000000001,6.892655367231638,8.3,2,20,1,89.11111111111111,0
4,71.39999999999999,6.153846153846154,6.6,3,27,2,84.66666666666666,1
3,84.0,7.808988764044944,6.0,0,51,1,75.33333333333333,1
5,107.4,7.637362637362637,7.8,3,50,3,81.33333333333334,1
3,64.80000000000001,7.216494845360825,7.1,3,30,2,87.44444444444444,0
4,61.2,9.878048780487806,7.6,0,30,2,84.22222222222223,1
3,64.80000000000001,8.04733727810651,7.7,3,28,1,90.77777777777777,0
2,62.400000000000006,8.39572192513369,6.5,2,24,1,80.11111111111111,1
2,39.6,6.331658291457286,6.1,2,56,1,77.88888888888889,1
2,52.2,6.464646464646465,8.4,1,40,1,88.66666666666666,0
3,73.2,9.254658385093167,7.2,1,41,2,78.0,1
4,120.0,9.322033898305085,8.5,0,47,3,85.22222222222223,1
2,60.6,9.281767955801104,6.9,1,58,1,80.33333333333334,1
4,91.2,8.61111111111111,7.7,0,46,3,83.77777777777777,1
4,109.80000000000001,7.142857142857143,7.8,3,46,3,93.33333333333334,1
4,112.8,7.02020202020202,7.8,2,26,3,89.33333333333334,1
3,79.80000000000001,9.506172839506172,6.1,0,39,2,74.88888888888889,1
3,81.60000000000001,8.092485549132949,7.7,3,47,1,80.77777777777777,1
3,82.2,7.759562841530054,7.1,3,42,1,77.44444444444444,1
3,82.2,8.125,6.1,1,23,2,80.88888888888889,1
2,46.2,6.703296703296703,6.6,2,50,1,81.66666666666666,1
2,90.0,9.404761904761905,6.0,3,37,1,71.33333333333333,2
2,48.6,7.380952380952381,7.1,1,50,1,77.44444444444444,1
3,46.2,10.0,7.2,0,55,1,85.0,1
4,73.2,7.593582887700535,8.0,0,43,2,82.44444444444444,1
5,108.60000000000001,8.633879781420765,7.8,3,37,3,86.33333333333334,1
4,84.6,8.61111111111111,8.2,3,54,2,85.55555555555554,1
3,66.0,9.171597633136095,6.0,3,56,2,74.33333333333333,1
4,61.2,7.445652173913043,7.2,2,31,2,81.0,1
3,79.2,9.580838323353294,7.2,3,26,1,90.0,1
3,66.0,7.602339181286549,7.9,2,49,1,85.88888888888889,1
2,66.60000000000001,6.596858638743456,6.1,1,18,1,76.88888888888889,1
3,67.8,8.121212121212121,6.0,1,57,1,79.33333333333333,1
4,79.80000000000001,6.557377049180327,5.9,2,28,2,76.77777777777777,1
3,80.4,9.75609756097561,8.5,3,53,2,87.22222222222223,1
4,69.6,7.687861271676301,7.9,2,50,2,81.88888888888889,1
4,66.60000000000001,7.3053892215568865,6.1,0,32,2,75.88888888888889,1
2,34.8,6.881720430107528,6.2,1,32,1,83.44444444444444,1
3,80.4,8.713450292397662,7.7,2,53,2,83.77777777777777,1
3,42.0,8.756756756756758,6.3,1,23,1,79.0,1
5,105.0,7.3770491803278695,7.7,2,27,3,80.77777777777777,1
2,70.19999999999999,8.609625668449198,6.0,1,50,1,75.33333333333333,1
3,65.4,7.625,6.5,2,43,1,74.11111111111111,1
3,31.200000000000003,7.23404255319149,7.2,1,42,1,84.0,1
3,62.400000000000006,8.47560975609756,6.1,1,22,1,72.88888888888889,1
3,63.0,9.021739130434783,6.1,3,28,2,76.88888888888889,1
3,34.199999999999996,7.704918032786885,7.1,3,31,1,81.44444444444444,1
4,61.800000000000004,7.222222222222222,8.4,2,35,2,87.66666666666666,1
4,83.39999999999999,9.212121212121213,7.8,3,20,2,92.33333333333334,1
2,32.400000000000006,7.528735632183908,8.4,2,37,1,92.66666666666666,0
4,81.0,8.242424242424242,7.3,0,39,2,86.55555555555556,1
3,46.2,10.0,6.0,3,55,1,78.33333333333333,1
2,54.6,8.012048192771084,7.8,0,40,1,89.33333333333334,0
5,100.19999999999999,7.621621621621621,6.0,3,23,3,79.33333333333333,2
3,42.0,6.546391752577319,6.1,3,49,1,72.88888888888889,1
3,85.19999999999999,7.796610169491526,5.9,1,24,2,78.77777777777777,1
4,88.2,8.421052631578947,8.2,1,25,2,85.55555555555554,1
3,73.2,7.727272727272727,6.6,2,51,2,77.66666666666666,1
2,42.599999999999994,7.4576271186440675,6.4,1,51,1,73.55555555555556,1
3,60.6,8.225806451612904,7.8,3,20,2,88.33333333333334,0
3,82.2,9.017341040462428,7.2,2,53,2,82.0,1
3,69.6,7.11864406779661,6.5,1,26,2,75.11111111111111,1
3,85.19999999999999,6.717948717948717,6.0,2,54,2,76.33333333333333,1
2,43.8,7.239583333333334,5.8,3,44,1,76.22222222222223,1
3,72.0,7.967914438502674,7.8,0,18,2,83.33333333333334,1
3,62.400000000000006,6.927374301675978,7.1,3,43,2,81.44444444444444,1
3,82.8,8.112244897959183,7.7,2,21,2,90.77777777777777,1
4,109.80000000000001,7.142857142857143,6.5,3,46,3,86.11111111111111,1
2,52.2,6.464646464646465,6.1,1,40,1,75.88888888888889,1
4,102.0,7.158469945355192,7.9,3,45,3,85.88888888888889,1
4,64.2,6.976744186046512,8.0,0,26,2,90.44444444444444,1
3,84.0,7.526881720430108,8.4,1,33,2,87.66666666666666,1
3,70.19999999999999,8.068181818181818,7.3,1,43,1,89.55555555555556,1
3,64.80000000000001,8.04733727810651,6.6,3,28,1,84.66666666666666,1
4,61.800000000000004,7.222222222222222,6.6,1,35,2,77.66666666666666,1
4,75.6,9.171270718232044,7.7,0,30,2,88.77777777777777,1
2,82.2,7.441860465116279,8.4,0,42,1,89.66666666666666,1
2,90.0,9.404761904761905,6.3,0,37,1,73.0,2
2,88.2,8.615384615384617,8.1,0,45,1,86.0,1
4,82.8,7.374301675977653,7.2,0,23,2,79.0,1
2,85.19999999999999,7.180851063829787,8.1,3,25,1,85.0,1
2,43.8,8.9375,7.6,2,50,1,88.22222222222223,0
2,51.0,6.576086956521739,7.8,1,36,1,91.33333333333334,0
4,61.800000000000004,7.514450867052023,7.8,0,55,2,88.33333333333334,1
2,48.6,8.241206030150753,7.4,1,34,1,85.11111111111111,1
2,43.8,7.239583333333334,7.8,3,44,1,87.33333333333334,0
3,84.0,9.135135135135135,6.3,0,46,1,84.0,1
3,42.0,8.756756756756758,7.3,3,23,1,84.55555555555556,1
5,105.0,7.3770491803278695,7.7,1,27,3,80.77777777777777,1
5,91.2,8.265895953757225,6.0,1,32,3,81.33333333333333,1
2,87.0,8.0,6.6,0,45,1,74.66666666666666,2
4,78.60000000000001,8.823529411764707,6.3,0,38,2,74.0,1
4,71.39999999999999,9.064327485380117,6.9,2,54,2,81.33333333333334,1
2,88.8,8.351063829787234,7.2,2,54,1,85.0,1
2,68.39999999999999,10.0,6.0,1,51,1,81.33333333333333,1
4,61.800000000000004,8.434343434343434,8.4,1,38,2,94.66666666666666,1
3,76.2,7.740112994350282,7.1,0,30,1,81.44444444444444,1
4,81.0,8.242424242424242,6.9,3,39,2,84.33333333333334,1
4,102.0,7.158469945355192,7.7,3,45,3,84.77777777777777,1
2,88.8,8.351063829787234,8.1,1,54,1,90.0,1
3,78.60000000000001,8.272251308900524,7.6,3,43,1,87.22222222222223,1
3,85.8,6.313131313131313,6.1,0,59,2,80.88888888888889,1
3,36.6,9.181286549707602,8.4,0,28,1,84.66666666666666,1
5,111.60000000000001,6.774193548387096,6.6,0,47,3,84.66666666666666,1
5,102.0,7.127071823204419,8.4,1,26,3,87.66666666666666,1
5,111.0,6.898395721925134,6.5,2,47,3,85.11111111111111,1
4,115.8,9.352941176470589,6.3,3,25,3,84.0,1
4,70.8,7.848837209302325,6.5,2,33,2,74.11111111111111,1
5,119.4,8.950276243093922,7.6,0,41,3,81.22222222222223,1
5,99.6,8.47715736040609,7.3,1,44,3,78.55555555555556,2
2,47.400000000000006,9.580838323353294,7.6,3,20,1,81.22222222222223,1
4,64.2,6.976744186046512,6.8,2,26,2,83.77777777777777,1
4,87.0,6.302083333333334,6.4,0,22,2,80.55555555555556,1
3,71.39999999999999,9.065934065934066,7.8,0,41,1,89.33333333333334,1
3,85.8,7.802197802197802,7.8,2,51,1,89.33333333333334,1
4,69.0,8.323353293413174,8.1,3,23,2,88.0,1
3,70.8,7.597765363128492,7.1,0,41,1,82.44444444444444,1
2,35.4,9.457831325301205,6.0,2,31,1,79.33333333333333,1
5,119.4,7.210526315789474,7.7,2,56,3,91.77777777777777,1
3,84.6,6.180904522613066,6.0,2,27,2,79.33333333333333,1
3,73.8,7.094972067039106,6.0,0,53,2,82.33333333333333,1
3,88.8,8.258426966292134,6.2,3,47,2,82.44444444444444,1
3,70.8,7.597765363128492,6.0,2,41,1,76.33333333333333,1
5,100.19999999999999,8.473684210526315,6.4,3,32,3,81.55555555555556,1
4,120.0,9.322033898305085,6.2,2,47,3,72.44444444444444,2
3,62.400000000000006,6.927374301675978,5.9,3,43,2,74.77777777777777,1
5,119.4,7.578947368421053,6.5,1,59,3,77.11111111111111,2
4,81.0,9.0,7.1,1,22,2,89.44444444444444,1
3,71.39999999999999,7.6020408163265305,8.1,3,48,2,93.0,1
4,81.60000000000001,7.034883720930233,7.7,2,48,2,91.77777777777777,1
3,67.8,6.722222222222223,8.4,1,25,1,86.66666666666666,1
3,53.4,7.923497267759563,6.9,2,50,1,76.33333333333334,1
3,70.8,9.028571428571428,8.0,0,28,1,88.44444444444444,1
3,88.8,8.756756756756758,6.1,2,46,2,79.88888888888889,1
3,65.4,7.625,7.7,0,43,1,80.77777777777777,1
3,74.4,8.461538461538462,8.5,2,57,2,96.22222222222223,1
3,56.4,7.127659574468085,8.4,1,18,1,91.66666666666666,0
4,112.8,7.02247191011236,6.0,1,39,3,77.33333333333333,2
5,118.2,7.853107344632768,8.5,1,41,3,85.22222222222223,1
3,82.8,8.351063829787234,7.6,1,40,1,90.22222222222223,1
2,57.599999999999994,7.297297297297297,6.0,2,34,1,73.33333333333333,1
3,79.2,9.580838323353294,7.6,0,26,1,92.22222222222223,1
3,76.8,9.760479041916168,8.3,2,20,2,86.11111111111111,1
3,72.6,6.302083333333334,7.2,2,37,2,80.0,1
3,64.2,7.760416666666666,8.4,0,42,1,84.66666666666666,1
4,64.2,8.121546961325967,8.1,3,33,2,91.0,1
2,76.8,6.684210526315789,7.3,1,43,1,83.55555555555556,1
5,91.2,7.914438502673797,7.8,1,38,3,89.33333333333334,1
4,91.2,8.61111111111111,8.5,2,46,3,88.22222222222223,1
5,112.2,6.275510204081632,7.7,0,53,3,90.77777777777777,1
2,36.6,7.554347826086957,6.0,2,42,1,82.33333333333333,1
2,42.0,8.909090909090908,6.5,2,46,1,85.11111111111111,1
4,66.60000000000001,8.083832335329342,7.1,1,51,2,82.44444444444444,1
2,39.6,7.953216374269005,7.2,0,30,1,87.0,0
3,63.6,9.393939393939394,7.8,0,33,1,92.33333333333334,0
4,112.2,9.876543209876543,8.2,0,49,3,93.55555555555554,1
2,33.0,7.424242424242424,8.1,1,39,1,84.0,1
4,72.0,9.329608938547485,7.1,3,55,2,84.44444444444444,1
3,75.0,9.386503067484663,8.4,1,22,2,93.66666666666666,1
3,70.19999999999999,6.858638743455497,6.0,2,31,2,75.33333333333333,1
4,67.2,9.767441860465116,6.8,2,20,2,82.77777777777777,1
2,78.0,7.292817679558011,8.1,3,21,1,83.0,1
3,65.4,6.810810810810811,8.0,3,56,2,82.44444444444444,1
3,87.6,8.777777777777779,6.7,0,45,1,83.22222222222223,1
3,81.60000000000001,7.988826815642458,8.2,0,20,2,91.55555555555554,1
3,89.4,6.76923076923077,6.1,1,36,2,75.88888888888889,1
2,61.2,6.494845360824742,7.1,0,33,1,78.44444444444444,1
4,67.8,7.653631284916202,7.3,0,40,2,84.55555555555556,1
5,90.6,6.6310160427807485,8.2,3,56,3,83.55555555555554,1
3,64.80000000000001,7.626262626262626,8.4,0,43,1,84.66666666666666,1
3,84.6,6.180904522613066,7.7,3,27,2,88.77777777777777,1
2,87.0,8.0,7.1,0,45,1,77.44444444444444,2
2,48.6,9.152542372881356,7.7,2,40,1,85.77777777777777,1
3,66.0,7.373737373737374,7.2,1,32,2,90.0,1
3,78.0,6.976744186046512,8.5,3,30,2,87.22222222222223,1
3,68.39999999999999,8.457142857142857,8.1,3,26,1,87.0,1
2,44.4,7.176470588235294,7.7,0,58,1,87.77777777777777,0
4,61.2,6.8449197860962565,8.2,3,35,2,88.55555555555554,1
2,46.2,9.26829268292683,6.5,1,54,1,81.11111111111111,1
3,86.39999999999999,9.135802469135802,7.7,3,45,1,83.77777777777777,1
5,95.4,8.704663212435232,6.2,3,23,3,77.44444444444444,2
4,72.6,7.888888888888888,6.1,0,38,2,74.88888888888889,1
2,88.8,7.788944723618091,7.2,3,50,1,88.0,1
3,75.0,9.386503067484663,8.1,0,22,2,92.0,1
3,70.19999999999999,6.302083333333334,8.0,3,59,2,90.44444444444444,1
5,108.0,7.701863354037267,6.1,1,31,3,71.88888888888889,2
4,96.60000000000001,6.345177664974619,6.5,3,46,3,75.11111111111111,2
5,91.2,7.914438502673797,7.2,2,38,3,86.0,1
2,82.8,8.296703296703297,7.6,3,49,1,90.22222222222223,1
4,92.4,6.793478260869565,7.7,2,31,3,81.77777777777777,1
4,67.8,8.42696629213483,7.5,1,34,2,85.66666666666667,1
2,85.19999999999999,7.180851063829787,6.2,3,25,1,74.44444444444444,2
4,62.400000000000006,8.313953488372093,7.7,2,54,2,86.77777777777777,1
3,81.60000000000001,8.181818181818182,7.7,2,52,1,89.77777777777777,1
2,46.2,8.588957055214724,6.1,2,39,1,82.88888888888889,1
3,81.60000000000001,8.91891891891892,6.0,2,52,2,78.33333333333333,1
3,36.0,9.010989010989011,6.1,1,18,1,74.88888888888889,1
3,61.800000000000004,8.324324324324325,6.1,2,59,2,76.88888888888889,1
5,108.0,7.321428571428571,6.5,1,36,3,74.11111111111111,2
2,45.0,7.687861271676301,6.0,1,26,1,75.33333333333333,1
2,43.8,7.239583333333334,7.1,3,44,1,83.44444444444444,1
3,79.2,6.470588235294118,7.8,2,55,1,88.33333333333334,1
4,93.60000000000001,8.159509202453988,7.3,3,51,3,80.55555555555556,1
3,60.6,7.4074074074074066,6.6,1,48,2,84.66666666666666,1
5,108.60000000000001,8.633879781420765,7.9,0,37,3,86.88888888888889,1
3,61.800000000000004,8.17142857142857,6.3,2,45,2,78.0,1
3,46.2,9.277777777777779,8.0,0,55,1,82.44444444444444,1
5,112.8,7.142857142857143,6.1,1,50,3,82.88888888888889,1
4,63.6,7.679558011049724,6.6,3,53,2,81.66666666666666,1
3,80.4,9.75609756097561,7.2,3,53,2,80.0,1
2,78.0,7.72972972972973,7.9,1,40,1,83.88888888888889,1
4,102.0,8.881987577639752,8.1,3,50,3,91.0,1
3,79.80000000000001,9.135802469135802,7.7,3,43,2,89.77777777777777,1
3,72.6,7.236180904522613,8.4,1,57,2,88.66666666666666,1
3,64.80000000000001,7.216494845360825,6.0,1,30,2,81.33333333333333,1
4,68.39999999999999,8.043478260869566,7.1,2,45,2,77.44444444444444,1
4,75.6,7.058823529411765,7.8,3,44,2,88.33333333333334,1
3,49.8,8.275862068965518,6.1,0,24,1,76.88888888888889,1
2,31.200000000000003,8.011695906432749,8.2,2,53,1,87.55555555555554,0
3,45.6,7.437185929648241,7.6,0,47,1,90.22222222222223,0
2,88.8,7.788944723618091,7.7,2,50,1,90.77777777777777,1
5,118.2,7.853107344632768,8.1,3,41,3,83.0,1
2,82.8,9.428571428571429,7.3,2,54,1,86.55555555555556,1
4,75.6,7.058823529411765,6.5,1,44,2,81.11111111111111,1
2,69.0,7.802197802197802,7.7,1,26,1,84.77777777777777,1
4,63.6,9.085365853658537,8.5,1,53,2,85.22222222222223,1
4,60.0,7.134831460674157,7.8,3,23,2,86.33333333333334,1
3,80.4,9.75609756097561,8.0,0,53,2,84.44444444444444,1
3,79.80000000000001,6.576086956521739,7.2,1,20,2,79.0,1
4,82.8,7.374301675977653,7.8,2,23,2,82.33333333333334,1
3,89.4,9.71264367816092,6.5,0,36,2,75.11111111111111,1
5,112.2,7.865853658536586,7.3,3,23,3,86.55555555555556,1
3,66.0,10.0,7.3,2,42,2,85.55555555555556,1
4,110.4,7.967032967032966,8.1,3,52,3,89.0,1
5,117.0,8.043478260869566,6.1,3,39,3,80.88888888888889,1
3,85.8,9.691358024691358,7.2,0,25,2,88.0,1
3,70.19999999999999,7.437185929648241,8.4,2,19,2,96.66666666666666,1
3,87.6,7.664670658682635,6.5,3,59,1,77.11111111111111,2
4,91.2,6.9491525423728815,6.8,0,29,3,77.77777777777777,2
3,76.2,7.740112994350282,7.6,3,30,1,84.22222222222223,1
3,61.800000000000004,9.314285714285713,6.2,2,43,1,78.44444444444444,1
5,112.2,8.64864864864865,6.7,1,36,3,76.22222222222223,2
2,45.0,7.687861271676301,6.5,3,26,1,78.11111111111111,1
4,62.400000000000006,8.313953488372093,6.3,0,54,2,79.0,1
4,77.4,8.170731707317072,7.7,1,28,2,86.77777777777777,1
4,76.8,9.257142857142856,6.6,1,58,2,77.66666666666666,1
4,87.0,8.322981366459627,6.1,1,43,2,82.88888888888889,1
3,55.800000000000004,8.797814207650273,6.1,3,49,1,78.88888888888889,1
4,87.0,8.214285714285714,7.5,2,57,2,85.66666666666667,1
3,76.8,6.410256410256411,6.5,2,32,1,79.11111111111111,1
2,66.0,10.0,7.2,1,35,1,87.0,1
3,84.6,6.180904522613066,6.4,3,27,2,81.55555555555556,1
3,60.0,6.5482233502538065,7.6,1,56,2,90.22222222222223,0
3,45.0,9.352941176470589,8.1,0,48,1,84.0,1
4,101.39999999999999,7.513513513513513,6.1,1,41,3,82.88888888888889,1
2,80.4,6.758241758241759,7.5,2,27,1,79.66666666666667,1
2,37.8,7.57396449704142,7.9,0,58,1,88.88888888888889,0
2,67.2,7.208121827411168,8.1,2,38,1,85.0,1
4,61.800000000000004,7.309941520467836,7.7,3,30,2,92.77777777777777,1
5,106.8,7.297297297297297,6.1,1,35,3,76.88888888888889,2
4,79.2,10.0,6.6,1,40,2,74.66666666666666,1
3,76.8,6.410256410256411,7.3,3,32,1,83.55555555555556,1
4,78.0,9.096045197740112,7.1,0,59,2,84.44444444444444,1
2,37.2,8.256410256410255,7.3,2,38,1,83.55555555555556,1
5,112.2,7.865853658536586,7.2,2,23,3,86.0,1
2,71.39999999999999,8.167539267015707,8.2,3,36,1,83.55555555555554,1
4,67.8,8.42696629213483,6.7,2,34,2,81.22222222222223,1
4,85.19999999999999,8.580246913580247,7.2,1,22,2,81.0,1
3,73.8,7.422680412371134,8.1,3,36,1,89.0,1
4,94.2,8.362573099415204,8.0,0,58,3,87.44444444444444,1
4,102.0,8.881987577639752,7.4,1,50,3,87.11111111111111,1
3,58.199999999999996,7.6608187134502925,6.1,3,21,1,76.88888888888889,1
3,51.0,9.53216374269006,7.3,1,40,1,78.55555555555556,1
3,66.60000000000001,7.4074074074074066,8.2,3,37,2,84.55555555555554,1
3,81.0,9.176470588235293,6.0,1,25,2,79.33333333333333,1
5,100.19999999999999,9.880239520958083,7.7,2,43,3,92.77777777777777,1
5,114.0,8.46590909090909,7.7,2,48,3,84.77777777777777,1
2,67.8,9.166666666666666,8.2,2,27,1,94.55555555555554,1
5,99.6,9.207317073170731,7.7,1,38,3,81.77777777777777,1
2,67.8,7.470588235294118,6.1,1,30,1,75.88888888888889,1
4,60.0,7.134831460674157,7.2,1,23,2,83.0,1
3,69.0,8.685714285714285,7.8,2,53,2,83.33333333333334,1
4,85.19999999999999,8.49740932642487,7.7,2,19,2,88.77777777777777,1
2,81.60000000000001,9.226519337016574,6.1,3,34,1,78.88888888888889,1
3,81.0,8.983957219251337,6.0,3,59,2,71.33333333333333,1
2,46.2,9.26829268292683,8.1,0,54,1,90.0,0
3,87.6,7.11764705882353,6.4,2,19,2,80.55555555555556,1
4,81.60000000000001,7.111111111111112,8.4,3,37,2,91.66666666666666,1
4,78.0,7.45945945945946,6.0,1,36,2,72.33333333333333,1
3,58.199999999999996,7.9381443298969065,6.8,1,54,1,85.77777777777777,1
2,65.4,7.098445595854922,6.5,0,58,1,82.11111111111111,1
4,115.8,8.442211055276381,6.2,2,32,3,79.44444444444444,2
3,64.80000000000001,7.75,7.2,3,43,1,86.0,1
4,82.8,9.349112426035504,6.0,0,36,2,74.33333333333333,1
3,84.6,8.4472049689441,8.0,0,34,2,90.44444444444444,1
3,88.2,7.317073170731707,6.5,3,46,2,79.11111111111111,1
4,60.0,7.647058823529411,7.7,2,22,2,80.77777777777777,1
4,82.2,9.69325153374233,7.2,0,50,2,90.0,1
3,73.2,9.254658385093167,8.2,2,41,2,83.55555555555554,1
3,76.2,7.055837563451776,7.2,1,22,2,86.0,1
4,61.2,7.445652173913043,7.2,2,31,2,81.0,1
4,78.0,9.146341463414634,6.1,2,21,2,83.88888888888889,1
3,85.19999999999999,9.753086419753087,7.3,0,34,2,81.55555555555556,1
4,72.0,7.180851063829787,8.2,0,54,2,86.55555555555554,1
5,91.2,7.305699481865285,6.0,1,53,3,80.33333333333333,1
4,115.8,7.891566265060241,8.0,2,41,3,88.44444444444444,1
3,73.8,7.636363636363637,7.7,1,36,1,89.77777777777777,1
3,60.6,7.206703910614525,7.9,1,52,2,88.88888888888889,0
2,49.8,6.7894736842105265,6.5,0,45,1,85.11111111111111,1
4,91.2,7.011494252873564,8.1,0,29,3,88.0,1
4,81.0,9.058823529411764,6.6,2,39,2,83.66666666666666,1
3,67.2,7.245508982035929,6.1,3,58,2,74.88888888888889,1
3,53.4,6.979166666666666,8.0,1,39,1,82.44444444444444,1
2,85.19999999999999,7.180851063829787,7.2,2,25,1,80.0,2
2,55.800000000000004,7.062146892655368,7.9,3,26,1,83.88888888888889,1
4,67.8,8.081395348837209,6.3,3,41,2,73.0,1
3,47.400000000000006,10.0,6.1,2,43,1,71.88888888888889,1
4,102.6,7.287234042553191,8.5,2,20,3,96.22222222222223,1
4,78.0,9.096045197740112,7.3,2,59,2,85.55555555555556,1
4,112.8,7.02020202020202,6.6,2,26,3,82.66666666666666,1
2,54.6,8.29896907216495,7.2,3,46,1,79.0,1
4,68.39999999999999,8.15028901734104,7.7,3,57,2,85.77777777777777,1
5,118.8,7.0256410256410255,7.2,0,36,3,88.0,1
2,46.2,9.26829268292683,7.7,1,54,1,87.77777777777777,0
3,67.8,7.6,7.1,0,41,2,85.44444444444444,1
3,86.39999999999999,7.083333333333334,7.2,3,39,2,80.0,1
2,73.2,8.121546961325967,7.2,0,42,1,78.0,1
2,50.4,8.633879781420765,8.0,3,35,1,92.44444444444444,0
2,60.0,8.0625,7.2,3,56,1,86.0,1
2,53.4,6.802030456852792,7.3,2,23,1,78.55555555555556,1
3,53.4,7.796610169491526,7.6,0,53,1,80.22222222222223,1
4,87.0,8.47457627118644,7.2,3,49,2,88.0,1
3,57.0,9.523809523809524,7.2,0,45,1,81.0,1
3,77.4,8.290155440414507,8.5,2,18,2,85.22222222222223,1
3,64.2,6.580310880829016,6.0,3,18,2,82.33333333333333,1
3,79.80000000000001,6.576086956521739,8.5,1,20,2,86.22222222222223,1
5,95.4,8.704663212435232,7.1,3,23,3,82.44444444444444,1
2,81.60000000000001,8.023952095808383,6.5,2,34,1,83.11111111111111,1
4,100.19999999999999,6.683417085427136,6.7,3,45,3,83.22222222222223,1
3,79.2,7.747252747252747,6.5,3,50,1,82.11111111111111,1
2,63.6,8.205128205128204,8.2,1,55,1,89.55555555555554,0
3,87.6,8.777777777777779,7.2,3,45,1,86.0,1
5,105.6,7.857142857142857,7.3,0,54,3,86.55555555555556,1
3,82.2,9.017341040462428,7.4,2,53,2,83.11111111111111,1
5,118.8,7.0256410256410255,6.3,0,36,3,83.0,1
2,49.199999999999996,7.272727272727273,7.6,0,43,1,82.22222222222223,1
4,81.60000000000001,8.341968911917098,7.1,1,53,2,77.44444444444444,1
3,61.800000000000004,8.324324324324325,6.0,3,59,2,76.33333333333333,1
2,76.8,8.256410256410255,7.2,3,19,1,80.0,1
3,30.6,8.695652173913043,8.4,3,22,1,93.66666666666666,0
2,71.39999999999999,8.167539267015707,6.0,3,36,1,71.33333333333333,1
2,73.2,8.087431693989071,6.0,0,39,1,79.33333333333333,1
3,87.6,7.664670658682635,6.0,1,59,1,74.33333333333333,2
2,51.0,8.895027624309392,6.5,1,29,1,79.11111111111111,1
3,77.4,8.829787234042554,6.6,3,56,2,82.66666666666666,1
2,38.4,6.735751295336787,8.1,0,34,1,84.0,1
2,48.6,7.380952380952381,8.5,3,50,1,85.22222222222223,1
3,53.4,7.923497267759563,7.7,0,50,1,80.77777777777777,1
4,77.4,7.604166666666666,8.4,2,49,2,87.66666666666666,1
3,68.39999999999999,8.457142857142857,7.6,1,26,1,84.22222222222223,1
4,69.0,8.402366863905325,7.1,1,45,2,86.44444444444444,1
2,70.8,7.897727272727273,7.2,2,43,1,87.0,1
3,78.60000000000001,8.823529411764707,5.9,2,37,1,82.77777777777777,1
3,75.0,9.386503067484663,6.6,1,22,2,83.66666666666666,1
3,82.2,8.248587570621469,6.6,1,38,1,75.66666666666666,1
2,90.0,7.337278106508876,8.2,2,52,1,85.55555555555554,1
2,49.199999999999996,7.7368421052631575,6.5,1,43,1,82.11111111111111,1
3,61.800000000000004,9.875,6.2,1,49,2,72.44444444444444,1
5,105.6,8.333333333333334,6.0,0,34,3,83.33333333333333,1
3,50.4,7.267441860465116,7.1,1,18,1,83.44444444444444,1
3,63.6,9.438202247191011,8.0,0,45,2,91.44444444444444,0
4,75.6,8.516483516483516,8.5,0,56,2,92.22222222222223,1
4,109.80000000000001,10.0,6.2,3,52,3,78.44444444444444,2
3,89.4,9.520958083832335,8.4,2,44,2,94.66666666666666,1
4,62.400000000000006,8.214285714285714,7.8,1,25,2,90.33333333333334,1
4,61.2,9.176470588235293,7.2,3,20,2,78.0,1
3,68.39999999999999,9.064327485380117,7.7,2,43,2,83.77777777777777,1
2,46.800000000000004,8.527918781725889,6.5,0,29,1,83.11111111111111,1
3,55.2,10.0,7.7,3,39,1,91.77777777777777,0
4,64.2,8.84393063583815,8.4,3,50,2,96.66666666666666,1
4,72.0,7.3224043715847,5.9,1,57,2,71.77777777777777,1
3,89.4,8.02030456852792,6.3,2,22,1,79.0,2
3,68.39999999999999,9.064327485380117,6.2,3,43,2,75.44444444444444,1
2,46.2,6.703296703296703,6.0,0,50,1,78.33333333333333,1
3,66.60000000000001,7.640449438202247,8.1,2,43,2,92.0,1
2,71.39999999999999,8.167539267015707,7.1,2,36,1,77.44444444444444,1
4,74.4,6.8181818181818175,7.3,0,50,2,86.55555555555556,1
2,40.800000000000004,7.5,8.5,1,28,1,90.22222222222223,0
3,88.2,7.64367816091954,6.2,0,22,2,80.44444444444444,1
3,61.800000000000004,7.5,7.2,0,37,2,87.0,0
2,83.39999999999999,8.048780487804878,7.2,2,37,1,78.0,1
2,50.4,6.269430051813472,6.2,2,35,1,82.44444444444444,1
4,115.8,9.352941176470589,6.6,0,25,3,85.66666666666666,1
4,65.4,8.793103448275861,7.1,1,28,2,77.44444444444444,1
4,99.6,9.156626506024097,7.1,2,52,3,83.44444444444444,1
4,88.8,7.951807228915663,7.2,3,22,2,82.0,1
5,119.4,8.950276243093922,6.0,3,41,3,72.33333333333333,2
3,68.39999999999999,8.555555555555555,6.1,2,21,2,83.88888888888889,1
3,82.2,8.88888888888889,7.9,0,30,2,91.88888888888889,1
5,118.2,6.871508379888268,8.5,3,21,3,87.22222222222223,1
3,57.599999999999994,7.653061224489796,7.1,3,27,1,83.44444444444444,1
2,74.4,6.892655367231638,6.1,3,32,1,79.88888888888889,1
3,55.2,6.94300518134715,7.4,0,51,1,79.11111111111111,1
2,54.0,7.5376884422110555,6.5,1,58,1,79.11111111111111,1
4,118.8,6.458333333333334,7.1,3,48,3,82.44444444444444,1
3,64.2,7.586206896551724,6.3,0,21,2,74.0,1
2,32.400000000000006,7.528735632183908,6.6,0,37,1,82.66666666666666,1
3,64.80000000000001,8.04733727810651,8.0,1,28,1,92.44444444444444,0
5,100.19999999999999,6.237113402061856,7.5,0,45,3,87.66666666666667,1
4,72.0,6.315789473684211,7.1,0,29,2,83.44444444444444,1
3,67.8,7.6,7.3,3,41,2,86.55555555555556,1
5,94.80000000000001,7.68361581920904,7.1,1,44,3,83.44444444444444,1
5,102.0,7.157894736842105,6.2,2,52,3,80.44444444444444,1
3,61.800000000000004,9.875,6.3,2,49,2,73.0,1
2,49.8,8.223350253807107,8.4,1,19,1,84.66666666666666,1
2,77.4,6.494845360824742,6.0,0,56,1,81.33333333333333,1
5,102.0,8.595505617977528,6.6,1,45,3,78.66666666666666,2
4,109.80000000000001,7.839506172839506,6.0,1,49,3,77.33333333333333,2
3,88.8,7.151162790697675,7.8,1,29,1,83.33333333333334,1
5,119.4,7.210526315789474,6.5,1,56,3,85.11111111111111,1
4,64.80000000000001,6.9491525423728815,6.5,1,51,2,76.11111111111111,1
4,94.2,8.362573099415204,7.2,3,58,3,83.0,1
3,65.4,8.502673796791443,6.3,0,56,2,82.0,1
4,104.4,7.017543859649122,7.8,3,54,3,89.33333333333334,1
2,78.60000000000001,9.254658385093167,6.6,3,19,1,78.66666666666666,1
4,80.4,6.861702127659575,7.7,0,44,2,82.77777777777777,1
3,64.2,7.760416666666666,7.4,2,42,1,79.11111111111111,1
2,56.4,7.176470588235294,6.8,3,18,1,86.77777777777777,0
3,81.0,9.176470588235293,6.6,1,25,2,82.66666666666666,1
3,80.4,8.713450292397662,7.6,2,53,2,83.22222222222223,1
5,100.19999999999999,8.473684210526315,7.7,3,32,3,88.77777777777777,1
4,61.800000000000004,8.0,7.3,3,35,2,87.55555555555556,1
3,74.4,8.869047619047619,6.9,1,59,1,82.33333333333334,1
3,58.199999999999996,8.373493975903614,5.9,1,50,1,76.77777777777777,1
3,52.8,7.515527950310559,6.0,0,18,1,74.33333333333333,1
4,70.8,8.397790055248619,8.0,3,45,2,82.44444444444444,1
5,115.8,7.258883248730964,7.8,3,40,3,82.33333333333334,1
3,74.4,7.790697674418605,6.5,2,22,2,81.11111111111111,1
4,63.6,8.5,7.3,1,41,2,79.55555555555556,1
2,68.39999999999999,10.0,7.6,3,51,1,90.22222222222223,1
4,67.8,7.653631284916202,7.3,3,40,2,84.55555555555556,1
2,57.0,8.333333333333334,6.5,2,25,1,81.11111111111111,1
3,85.8,6.313131313131313,5.9,1,59,2,79.77777777777777,1
4,76.2,9.938271604938272,7.8,3,41,2,84.33333333333334,1
3,31.200000000000003,7.23404255319149,7.6,0,42,1,86.22222222222223,1
4,106.2,9.130434782608695,7.6,0,33,3,84.22222222222223,1
3,80.4,8.713450292397662,8.1,3,53,2,86.0,1
3,87.6,7.664670658682635,6.2,3,59,1,75.44444444444444,2
2,46.2,7.647058823529411,6.2,1,41,1,78.44444444444444,1
3,67.8,7.461928934010152,6.3,0,28,2,73.0,1
2,78.60000000000001,9.254658385093167,8.2,1,19,1,87.55555555555554,1
3,43.199999999999996,7.055555555555556,7.4,0,59,1,82.11111111111111,1
3,81.60000000000001,8.91891891891892,8.1,0,52,2,90.0,1
4,105.6,8.700564971751412,7.4,1,24,3,88.11111111111111,1
2,67.8,7.237569060773481,6.5,3,39,1,76.11111111111111,1
4,75.6,9.171270718232044,8.2,1,30,2,91.55555555555554,1
3,64.2,7.586206896551724,6.6,1,21,2,75.66666666666666,1
4,73.8,8.418367346938776,6.1,1,56,2,73.88888888888889,1
3,51.6,7.257142857142858,7.8,1,24,1,87.33333333333334,0
4,95.4,7.445652173913043,7.7,3,33,3,81.77777777777777,1
3,79.2,9.440993788819876,6.0,3,21,2,71.33333333333333,1
4,77.4,7.604166666666666,7.7,2,49,2,83.77777777777777,1
3,88.2,7.158469945355192,7.2,1,38,2,83.0,1
4,103.2,8.633540372670808,7.7,1,18,3,82.77777777777777,1
2,51.0,7.764705882352941,7.2,2,52,1,85.0,1
5,119.4,8.238636363636363,6.2,3,32,3,82.44444444444444,1
4,81.60000000000001,8.172043010752688,6.1,3,29,2,78.88888888888889,1
3,45.6,7.857142857142857,8.1,2,23,1,83.0,1
3,48.0,7.630057803468207,6.6,0,47,1,85.66666666666666,1
2,48.6,7.380952380952381,6.1,1,50,1,71.88888888888889,1
4,108.0,7.0618556701030935,7.9,0,21,3,86.88888888888889,1
4,65.4,7.590361445783133,7.3,3,41,2,88.55555555555556,1
4,88.2,8.421052631578947,6.0,0,25,2,73.33333333333333,2
4,73.8,8.418367346938776,7.2,0,56,2,80.0,1
5,111.0,6.898395721925134,6.5,3,47,3,85.11111111111111,1
4,81.0,7.857142857142857,6.5,1,20,2,75.11111111111111,1
5,111.60000000000001,9.030303030303031,7.1,0,43,3,77.44444444444444,2
2,60.0,7.849462365591398,6.6,1,21,1,76.66666666666666,1
4,82.2,9.69325153374233,7.1,3,50,2,89.44444444444444,1
3,37.8,6.878306878306878,6.2,1,24,1,73.44444444444444,1
4,92.4,6.793478260869565,7.4,0,31,3,80.11111111111111,2
4,65.4,8.793103448275861,6.1,3,28,2,71.88888888888889,1
4,118.8,8.406593406593407,7.7,3,47,3,84.77777777777777,1
5,105.6,8.333333333333334,6.0,0,34,3,83.33333333333333,1
4,87.6,7.291666666666666,5.8,1,28,2,81.22222222222223,1
5,108.0,8.950617283950617,8.2,2,57,3,87.55555555555554,1
4,60.6,7.674418604651163,7.4,2,41,2,91.11111111111111,1
2,64.80000000000001,6.892655367231638,5.8,1,20,1,75.22222222222223,1
5,112.2,8.64864864864865,7.7,2,36,3,81.77777777777777,1
3,67.8,7.3366834170854265,8.5,2,47,2,91.22222222222223,1
4,75.6,8.55421686746988,7.3,2,27,2,90.55555555555556,1
3,36.6,7.752808988764045,7.2,0,19,1,82.0,1
2,31.8,6.614583333333334,7.8,2,50,1,88.33333333333334,0
4,75.0,7.789473684210526,6.4,2,39,2,81.55555555555556,1
5,105.6,8.333333333333334,6.8,1,34,3,87.77777777777777,1
3,82.8,10.0,7.5,2,56,2,80.66666666666667,1
4,85.19999999999999,8.580246913580247,8.0,2,22,2,85.44444444444444,1
2,63.6,8.205128205128204,8.1,3,55,1,89.0,0
2,88.8,8.520710059171599,7.6,0,27,1,82.22222222222223,1
3,88.2,7.142857142857143,8.1,1,45,2,88.0,1
4,93.60000000000001,8.636363636363637,7.9,2,25,3,88.88888888888889,1
3,48.6,7.062146892655368,7.7,2,19,1,91.77777777777777,0
3,67.8,8.121212121212121,7.8,2,57,1,89.33333333333334,1
3,68.39999999999999,9.515151515151516,6.1,0,42,2,80.88888888888889,1
5,99.6,8.47715736040609,7.8,0,44,3,81.33333333333334,1
4,68.39999999999999,8.15028901734104,7.8,3,57,2,86.33333333333334,1
2,48.6,9.152542372881356,8.1,0,40,1,88.0,0
2,90.0,9.404761904761905,5.8,1,37,1,70.22222222222223,2
3,66.60000000000001,7.4074074074074066,7.7,1,37,2,81.77777777777777,1
3,56.4,7.076023391812866,8.1,2,27,1,91.0,0
4,64.80000000000001,9.82456140350877,6.8,1,29,2,87.77777777777777,1
4,99.6,9.156626506024097,6.1,3,52,3,77.88888888888889,2
3,61.800000000000004,7.5,8.2,2,37,2,92.55555555555554,0
3,45.6,7.857142857142857,6.3,0,23,1,73.0,1
2,72.6,6.735751295336787,7.2,0,51,1,87.0,1
5,104.4,7.582417582417582,7.7,1,38,3,86.77777777777777,1
2,78.0,9.710982658959537,6.0,1,18,1,74.33333333333333,1
5,97.8,7.95031055900621,7.2,3,36,3,79.0,2
2,82.2,7.441860465116279,7.1,1,42,1,82.44444444444444,1
3,69.6,8.372093023255815,7.3,2,22,2,83.55555555555556,1
3,89.4,7.878787878787879,7.7,1,58,2,86.77777777777777,1
2,88.8,7.788944723618091,6.3,0,50,1,83.0,1
2,51.0,7.764705882352941,7.3,1,52,1,85.55555555555556,1
3,71.39999999999999,7.839506172839506,6.0,2,21,2,75.33333333333333,1
4,64.80000000000001,9.82456140350877,7.3,3,29,2,90.55555555555556,1
3,79.2,9.761904761904761,7.8,1,28,2,85.33333333333334,1
3,63.0,8.934911242603551,7.8,0,57,2,88.33333333333334,0
3,81.60000000000001,8.057142857142857,6.9,1,48,1,82.33333333333334,1
3,77.4,7.3770491803278695,6.5,3,33,2,79.11111111111111,1
3,87.6,6.597938144329897,7.7,2,49,1,85.77777777777777,1
3,60.6,7.4074074074074066,6.3,1,48,2,83.0,1
2,84.6,7.197802197802198,6.6,3,25,1,80.66666666666666,1
3,85.19999999999999,9.76878612716763,7.7,0,42,2,92.77777777777777,1
4,69.0,8.24468085106383,6.4,0,57,2,84.55555555555556,1
3,86.39999999999999,7.083333333333334,7.6,1,39,2,82.22222222222223,1
4,106.2,6.910112359550562,6.2,3,32,3,77.44444444444444,2
4,80.4,8.69109947643979,7.8,1,48,2,84.33333333333334,1
2,62.400000000000006,8.39572192513369,7.4,2,24,1,85.11111111111111,1
3,63.0,9.021739130434783,7.2,3,28,2,83.0,1
2,46.2,8.588957055214724,8.1,2,39,1,94.0,0
3,43.199999999999996,7.6923076923076925,8.3,3,54,1,84.11111111111111,1
3,67.8,6.722222222222223,8.4,3,25,1,86.66666666666666,1
3,77.4,8.121546961325967,6.7,3,18,2,77.22222222222223,1
3,79.2,7.3224043715847,6.1,3,42,2,80.88888888888889,1
4,75.6,7.210526315789474,6.0,1,31,2,73.33333333333333,1
5,106.2,8.636363636363637,6.6,1,56,3,83.66666666666666,1
2,70.19999999999999,7.17948717948718,5.8,1,54,1,80.22222222222223,1
4,104.4,7.017543859649122,7.1,3,54,3,85.44444444444444,1
4,105.6,8.700564971751412,6.6,0,24,3,83.66666666666666,1
3,32.400000000000006,7.294117647058823,7.2,3,53,1,78.0,1
4,90.0,7.257142857142858,7.1,0,19,2,79.44444444444444,2
3,67.8,7.411764705882353,6.6,2,57,2,78.66666666666666,1
5,99.0,8.804347826086957,6.8,1,19,3,75.77777777777777,2
3,66.0,10.0,7.1,3,42,2,84.44444444444444,1
3,79.80000000000001,7.777777777777778,7.8,1,36,1,82.33333333333334,1
4,83.39999999999999,7.298850574712644,7.2,0,31,2,78.0,1
4,61.800000000000004,7.826086956521739,6.5,3,31,2,83.11111111111111,1
4,76.8,8.5625,7.7,2,54,2,86.77777777777777,1
3,49.8,7.818181818181818,7.4,2,56,1,80.11111111111111,1
2,67.8,7.237569060773481,7.2,0,39,1,80.0,1
4,62.400000000000006,8.313953488372093,6.3,1,54,2,79.0,1
5,112.2,7.3770491803278695,6.8,3,32,3,79.77777777777777,2
3,84.6,6.759776536312849,7.3,2,52,1,89.55555555555556,1
3,58.199999999999996,7.6608187134502925,7.1,3,21,1,82.44444444444444,1
4,109.80000000000001,10.0,7.1,0,52,3,83.44444444444444,1
3,89.4,7.878787878787879,6.1,0,58,2,77.88888888888889,1
5,106.8,7.297297297297297,8.3,3,35,3,89.11111111111111,1
3,89.4,6.76923076923077,7.6,1,36,2,84.22222222222223,1
2,36.6,7.816091954022989,6.1,0,40,1,82.88888888888889,1
3,86.39999999999999,9.272727272727273,6.1,0,55,1,80.88888888888889,1
2,36.6,7.554347826086957,7.2,3,42,1,89.0,0
2,55.800000000000004,7.062146892655368,7.2,3,26,1,80.0,1
2,88.8,8.520710059171599,6.0,0,27,1,73.33333333333333,2
3,88.2,7.64367816091954,6.7,3,22,2,83.22222222222223,1
3,63.0,8.225806451612904,6.0,2,57,2,80.33333333333333,1
2,43.199999999999996,9.876543209876543,6.5,2,39,1,83.11111111111111,1
4,73.8,8.526315789473685,7.8,1,18,2,81.33333333333334,1
4,81.60000000000001,7.111111111111112,7.5,3,37,2,86.66666666666667,1
4,70.19999999999999,7.975460122699386,7.2,0,50,2,89.0,1
2,82.2,7.441860465116279,6.1,1,42,1,76.88888888888889,1
3,82.2,8.88888888888889,6.0,1,30,2,81.33333333333333,1
3,49.199999999999996,8.682634730538922,7.6,1,23,1,91.22222222222223,0
4,61.800000000000004,6.864864864864865,7.4,2,28,2,81.11111111111111,1
3,55.2,7.619047619047619,7.3,3,33,1,90.55555555555556,0
2,39.6,6.331658291457286,8.5,1,56,1,91.22222222222223,0
2,49.8,8.223350253807107,7.8,3,19,1,81.33333333333334,1
4,93.60000000000001,8.159509202453988,7.2,1,51,3,80.0,2
4,64.2,6.80628272251309,6.0,0,51,2,73.33333333333333,1
4,96.0,7.987804878048781,8.1,3,50,3,89.0,1
4,66.60000000000001,8.083832335329342,7.7,3,51,2,85.77777777777777,1
4,68.39999999999999,8.597560975609756,7.8,2,45,2,86.33333333333334,1
2,88.8,6.717948717948717,6.6,1,31,1,84.66666666666666,1
5,111.0,6.898395721925134,6.1,2,47,3,82.88888888888889,1
4,68.39999999999999,8.15028901734104,8.2,2,57,2,88.55555555555554,1
4,116.39999999999999,7.23404255319149,7.7,2,25,3,80.77777777777777,1
3,87.6,8.777777777777779,7.3,0,45,1,86.55555555555556,1
4,76.2,9.602272727272727,6.1,2,44,2,75.88888888888889,1
3,73.8,7.636363636363637,8.5,1,36,1,94.22222222222223,1
3,88.8,10.0,6.5,3,48,2,82.11111111111111,1
3,85.19999999999999,6.717948717948717,6.6,0,54,2,79.66666666666666,1
3,72.0,7.967914438502674,7.1,2,18,2,79.44444444444444,1
5,115.8,6.907216494845361,8.0,0,26,3,92.44444444444444,1
5,96.60000000000001,9.6875,7.1,0,30,3,83.44444444444444,1
3,88.2,8.876404494382022,7.2,0,34,1,80.0,2
2,70.8,7.897727272727273,6.5,1,43,1,83.11111111111111,1
3,74.4,7.790697674418605,7.3,0,22,2,85.55555555555556,1
4,68.39999999999999,8.597560975609756,6.0,0,45,2,76.33333333333333,1
4,77.4,8.170731707317072,7.4,0,28,2,85.11111111111111,1
4,84.0,7.674418604651163,6.1,2,41,2,77.88888888888889,1
3,58.199999999999996,7.6608187134502925,7.2,2,21,1,83.0,1
3,81.60000000000001,7.4603174603174605,7.2,3,52,1,89.0,1
3,34.199999999999996,7.704918032786885,8.5,1,31,1,89.22222222222223,0
4,61.800000000000004,7.514450867052023,7.2,0,55,2,85.0,1
2,48.6,7.380952380952381,8.1,2,50,1,83.0,1
4,82.2,7.351351351351352,8.5,1,47,2,94.22222222222223,1
4,67.8,7.653631284916202,7.6,0,40,2,86.22222222222223,1
4,60.6,8.253012048192772,7.8,2,52,2,84.33333333333334,1
3,77.4,7.3770491803278695,6.5,3,33,2,79.11111111111111,1
4,85.19999999999999,8.49740932642487,6.6,0,19,2,82.66666666666666,1
3,64.80000000000001,8.620689655172413,6.1,3,30,2,81.88888888888889,1
3,61.800000000000004,8.17142857142857,7.7,3,45,2,85.77777777777777,1
4,75.0,9.464285714285714,8.0,3,45,2,89.44444444444444,1
4,76.8,8.36734693877551,6.1,2,35,2,75.88888888888889,1
2,37.8,8.682634730538922,6.5,2,20,1,81.11111111111111,1
4,70.19999999999999,7.942857142857143,7.9,1,42,2,88.88888888888889,1
4,81.60000000000001,7.034883720930233,6.9,1,48,2,87.33333333333334,1
3,45.0,7.473684210526316,7.7,2,52,1,84.77777777777777,1
4,71.39999999999999,9.064327485380117,6.0,2,54,2,76.33333333333333,1
3,82.8,6.721311475409836,8.5,2,22,1,94.22222222222223,1
4,68.39999999999999,8.15028901734104,7.9,3,57,2,86.88888888888889,1
4,103.2,7.027027027027027,8.2,3,31,3,92.55555555555554,1
4,78.0,9.146341463414634,8.1,2,21,2,95.0,1
3,53.4,6.979166666666666,7.2,2,39,1,78.0,1
5,119.4,8.238636363636363,8.4,0,32,3,94.66666666666666,1
4,81.60000000000001,8.341968911917098,6.1,2,53,2,71.88888888888889,1
4,88.8,7.951807228915663,7.1,2,22,2,81.44444444444444,1
4,109.80000000000001,7.142857142857143,7.8,3,46,3,93.33333333333334,1
3,88.8,7.151162790697675,8.4,2,29,1,86.66666666666666,1
4,69.0,8.323353293413174,6.2,2,23,2,77.44444444444444,1
4,70.19999999999999,7.975460122699386,6.5,0,50,2,85.11111111111111,1
3,88.8,7.151162790697675,6.6,3,29,1,76.66666666666666,2
4,70.8,7.790055248618785,6.7,1,34,2,77.22222222222223,1
4,81.60000000000001,8.172043010752688,6.5,2,29,2,81.11111111111111,1
5,97.8,7.95031055900621,7.2,1,36,3,79.0,2
3,76.2,8.040201005025127,7.8,1,20,2,87.33333333333334,1
3,68.39999999999999,9.064327485380117,7.7,2,43,2,83.77777777777777,1
2,67.8,7.470588235294118,7.2,3,30,1,82.0,1
4,111.0,8.103448275862068,6.5,0,30,3,74.11111111111111,2
3,85.19999999999999,8.909090909090908,6.6,2,41,2,78.66666666666666,1
4,118.8,6.458333333333334,7.2,1,48,3,83.0,1
3,88.8,10.0,5.9,0,48,2,78.77777777777777,1
4,61.800000000000004,7.826086956521739,6.4,1,31,2,82.55555555555556,1
5,112.2,8.64864864864865,8.0,3,36,3,83.44444444444444,1
3,70.19999999999999,8.333333333333334,7.6,3,19,1,80.22222222222223,1
4,63.0,8.695652173913043,6.5,0,58,2,85.11111111111111,1
2,88.2,7.788944723618091,7.6,1,51,1,80.22222222222223,1
5,116.39999999999999,6.632124352331607,6.1,2,28,3,77.88888888888889,2
3,71.39999999999999,9.065934065934066,6.0,3,41,1,79.33333333333333,1
5,115.8,7.258883248730964,7.2,0,40,3,79.0,2
3,67.8,6.722222222222223,6.1,2,25,1,73.88888888888889,1
2,82.8,7.763975155279503,6.1,3,49,1,82.88888888888889,1
4,64.2,8.84393063583815,6.1,0,50,2,83.88888888888889,1
3,82.8,10.0,6.2,0,56,2,73.44444444444444,1
4,69.0,9.261363636363637,8.1,0,26,2,91.0,1
2,42.0,8.909090909090908,6.4,2,46,1,84.55555555555556,1
2,68.39999999999999,6.956521739130435,6.6,1,19,1,77.66666666666666,1
4,106.2,7.383720930232558,7.1,1,42,3,82.44444444444444,1
4,86.39999999999999,8.926553672316384,7.7,0,45,2,87.77777777777777,1
3,56.4,7.127659574468085,8.1,3,18,1,90.0,0
3,54.0,7.085714285714285,7.9,2,33,1,86.88888888888889,0
5,100.19999999999999,6.237113402061856,6.5,1,45,3,82.11111111111111,1
3,43.8,8.17142857142857,6.1,0,34,1,72.88888888888889,1
3,68.39999999999999,7.4431818181818175,6.0,2,20,2,74.33333333333333,1
3,36.6,9.181286549707602,6.6,3,28,1,74.66666666666666,1
4,79.80000000000001,6.557377049180327,6.5,2,28,2,80.11111111111111,1
3,60.0,6.5482233502538065,6.9,0,56,2,86.33333333333334,0
2,67.2,7.208121827411168,6.2,2,38,1,74.44444444444444,1
2,78.60000000000001,9.254658385093167,6.1,1,19,1,75.88888888888889,1
4,61.2,8.23170731707317,7.1,1,36,2,85.44444444444444,1
3,67.8,7.411764705882353,6.1,2,57,2,75.88888888888889,1
3,69.6,10.0,7.2,2,28,2,82.0,1
4,67.2,8.24561403508772,6.6,3,53,2,78.66666666666666,1
5,108.0,7.321428571428571,6.6,0,36,3,74.66666666666666,2
2,82.8,9.428571428571429,6.9,1,54,1,84.33333333333334,1
2,32.400000000000006,9.6,8.4,3,37,1,91.66666666666666,0
3,86.39999999999999,9.135802469135802,7.9,2,45,1,84.88888888888889,1
3,78.60000000000001,7.371134020618557,7.9,3,52,2,89.88888888888889,1
4,73.2,7.593582887700535,8.1,1,43,2,83.0,1
5,119.4,8.238636363636363,6.1,1,32,3,81.88888888888889,1
3,75.6,9.378881987577639,6.2,0,21,1,84.44444444444444,1
5,92.4,8.452380952380953,7.8,0,54,3,87.33333333333334,1
3,52.2,7.514450867052023,7.8,2,40,1,88.33333333333334,0
4,82.8,7.011494252873564,7.1,0,27,2,81.44444444444444,1
4,76.8,6.898395721925134,6.6,2,58,2,78.66666666666666,1
4,103.2,8.869047619047619,7.1,1,38,3,83.44444444444444,1
3,84.0,10.0,8.1,2,59,2,94.0,1
4,79.2,6.8181818181818175,6.5,0,28,2,83.11111111111111,1
3,70.19999999999999,8.333333333333334,7.7,3,19,1,80.77777777777777,1
2,44.4,7.142857142857143,8.1,0,45,1,92.0,0
2,85.19999999999999,7.393617021276596,7.5,2,34,1,91.66666666666667,1
3,74.4,7.682926829268293,6.1,1,53,1,71.88888888888889,1
3,79.2,7.3224043715847,7.2,0,42,2,87.0,1
5,94.80000000000001,6.451612903225806,5.9,3,33,3,70.77777777777777,2
4,78.60000000000001,7.731958762886598,6.1,1,45,2,80.88888888888889,1
4,61.800000000000004,10.0,6.6,2,47,2,80.66666666666666,1
3,89.4,7.878787878787879,7.2,0,58,2,84.0,1
2,90.0,7.337278106508876,6.0,2,52,1,73.33333333333333,2
3,62.400000000000006,7.831325301204819,7.3,3,33,2,83.55555555555556,1
3,60.0,8.920454545454547,7.8,2,55,2,92.33333333333334,0
4,101.39999999999999,6.968085106382978,6.1,3,54,3,76.88888888888889,2
4,93.60000000000001,10.0,6.5,1,31,3,74.11111111111111,2
3,89.4,8.241206030150753,6.0,2,53,2,80.33333333333333,1
3,62.400000000000006,9.651162790697676,8.0,2,20,2,94.44444444444444,0
2,30.6,10.0,6.6,2,41,1,75.66666666666666,1
3,58.199999999999996,7.6608187134502925,7.8,0,21,1,86.33333333333334,0
4,90.6,8.434343434343434,6.1,3,48,3,79.88888888888889,2
4,74.4,8.938547486033519,8.0,3,30,2,92.44444444444444,1
3,80.4,7.712765957446809,6.0,0,35,2,73.33333333333333,1
3,86.39999999999999,7.083333333333334,7.2,1,39,2,80.0,1
4,67.2,8.24561403508772,8.1,0,53,2,87.0,1
2,81.60000000000001,8.023952095808383,7.8,1,34,1,90.33333333333334,1
3,89.4,7.878787878787879,7.5,2,58,2,85.66666666666667,1
4,89.4,7.396449704142012,6.7,3,51,2,80.22222222222223,1
2,85.19999999999999,9.821428571428571,8.2,1,32,1,87.55555555555554,1
3,84.0,10.0,6.0,0,59,2,82.33333333333333,1
3,62.400000000000006,8.074534161490682,7.7,0,42,1,83.77777777777777,1
4,112.8,7.02247191011236,7.3,0,39,3,84.55555555555556,1
3,54.0,7.085714285714285,6.0,2,33,1,76.33333333333333,1
4,83.39999999999999,7.298850574712644,8.5,3,31,2,85.22222222222223,1
4,61.800000000000004,7.309941520467836,8.4,1,30,2,96.66666666666666,1
2,57.0,8.333333333333334,8.5,2,25,1,92.22222222222223,0
3,67.2,9.329608938547485,7.7,2,25,1,91.77777777777777,1
4,60.6,7.663043478260869,6.3,2,56,2,75.0,1
2,76.8,6.684210526315789,7.4,1,43,1,84.11111111111111,1
3,78.60000000000001,8.010204081632653,6.6,0,57,2,82.66666666666666,1
3,62.400000000000006,9.651162790697676,7.7,0,20,2,92.77777777777777,0
4,78.0,9.096045197740112,6.3,1,59,2,80.0,1
2,33.6,8.010204081632653,6.0,2,35,1,80.33333333333333,1
2,78.60000000000001,8.342245989304812,6.0,3,43,1,83.33333333333333,1
4,61.800000000000004,7.826086956521739,7.9,2,31,2,90.88888888888889,1
4,81.60000000000001,8.172043010752688,6.1,1,29,2,78.88888888888889,1
5,112.2,8.64864864864865,7.7,0,36,3,81.77777777777777,1
4,94.2,8.362573099415204,6.6,2,58,3,79.66666666666666,2
2,50.4,8.633879781420765,7.7,2,35,1,90.77777777777777,0
2,30.6,6.684491978609626,8.5,3,23,1,87.22222222222223,0
4,69.6,7.037037037037037,6.1,2,49,2,71.88888888888889,1
2,83.39999999999999,8.048780487804878,6.5,2,37,1,74.11111111111111,1
3,52.2,7.514450867052023,8.0,2,40,1,89.44444444444444,0
4,80.4,8.69109947643979,8.5,0,48,2,88.22222222222223,1
5,103.2,6.185567010309279,7.7,0,59,3,83.77777777777777,1
2,30.0,8.98936170212766,7.2,2,20,1,88.0,0
3,55.2,10.0,6.5,1,39,1,85.11111111111111,1
2,58.199999999999996,9.82456140350877,7.7,2,51,1,86.77777777777777,0
4,93.0,8.58695652173913,8.0,3,40,3,92.44444444444444,1
4,67.8,9.269662921348315,6.0,2,55,2,73.33333333333333,1
3,61.800000000000004,7.5,6.5,0,37,2,83.11111111111111,1
3,79.2,9.440993788819876,6.5,2,21,2,74.11111111111111,1
3,67.8,7.461928934010152,6.0,0,28,2,71.33333333333333,1
5,91.2,8.135593220338983,8.5,2,57,3,86.22222222222223,1
3,49.199999999999996,8.682634730538922,7.1,2,23,1,88.44444444444444,0
4,87.6,8.603351955307263,7.8,3,48,2,91.33333333333334,1
3,61.800000000000004,7.419354838709678,6.5,3,25,2,77.11111111111111,1
4,106.2,7.164948453608248,8.2,3,53,3,95.55555555555554,1
3,67.8,6.34020618556701,7.6,1,59,2,90.22222222222223,1
3,66.60000000000001,7.4074074074074066,5.9,1,37,2,71.77777777777777,1
3,88.2,7.64367816091954,6.5,0,22,2,82.11111111111111,1
2,33.0,6.521739130434783,7.2,0,25,1,80.0,1
2,45.0,7.687861271676301,5.8,2,26,1,74.22222222222223,1
3,82.2,9.017341040462428,7.8,1,53,2,85.33333333333334,1
3,45.0,7.473684210526316,7.2,3,52,1,82.0,1
3,71.39999999999999,7.6020408163265305,7.2,1,48,2,88.0,1
4,105.6,8.700564971751412,6.5,0,24,3,83.11111111111111,1
5,100.19999999999999,9.880239520958083,6.8,1,43,3,87.77777777777777,1
4,103.2,8.869047619047619,8.4,3,38,3,90.66666666666666,1
3,46.2,9.277777777777779,7.2,2,55,1,78.0,1
2,67.8,9.166666666666666,6.1,3,27,1,82.88888888888889,1
3,36.0,9.010989010989011,6.2,0,18,1,75.44444444444444,1
5,110.4,7.0,6.1,3,33,3,71.88888888888889,2
2,74.4,6.615384615384615,6.6,1,54,1,86.66666666666666,1
5,92.4,8.452380952380953,7.7,2,54,3,86.77777777777777,1
3,59.4,7.191011235955056,6.4,2,36,1,81.55555555555556,1
3,81.0,8.214285714285714,8.3,2,20,2,88.11111111111111,1
4,105.0,9.76470588235294,7.5,2,27,3,81.66666666666667,1
2,78.0,7.72972972972973,6.1,0,40,1,73.88888888888889,1
4,69.0,7.552083333333334,7.9,1,33,2,89.88888888888889,1
4,70.8,8.397790055248619,8.0,0,45,2,82.44444444444444,1
2,46.2,7.929292929292929,7.2,3,47,1,88.0,0
2,51.0,8.47457627118644,7.2,2,33,1,81.0,1
3,74.4,8.385416666666666,7.7,3,43,1,80.77777777777777,1
3,67.8,6.722222222222223,7.8,3,25,1,83.33333333333334,1
2,48.0,7.865168539325843,6.5,1,38,1,74.11111111111111,1
4,79.2,6.8181818181818175,6.3,2,28,2,82.0,1
5,100.19999999999999,6.237113402061856,6.4,1,45,3,81.55555555555556,1
2,57.599999999999994,7.311827956989248,8.0,1,19,1,88.44444444444444,0
5,106.8,7.297297297297297,6.5,0,35,3,79.11111111111111,2
5,108.60000000000001,8.524590163934425,7.3,2,48,3,85.55555555555556,1
3,30.6,7.374301675977653,6.3,3,47,1,83.0,1
4,109.80000000000001,7.142857142857143,7.3,1,46,3,90.55555555555556,1
3,61.2,8.072916666666666,6.6,1,44,1,79.66666666666666,1
5,92.4,8.452380952380953,6.2,3,54,3,78.44444444444444,2
2,81.60000000000001,8.023952095808383,6.9,0,34,1,85.33333333333334,1
2,67.8,7.470588235294118,6.4,2,30,1,77.55555555555556,1
3,66.0,7.373737373737374,8.4,3,32,2,96.66666666666666,1
2,71.39999999999999,8.167539267015707,8.2,2,36,1,83.55555555555554,1
5,110.4,7.0,7.8,3,33,3,81.33333333333334,1
3,81.60000000000001,7.248677248677248,6.5,3,32,2,74.11111111111111,1
4,84.0,7.03125,6.3,2,44,2,81.0,1
2,57.599999999999994,8.26086956521739,7.1,0,57,1,78.44444444444444,1
3,74.4,8.461538461538462,7.5,0,57,2,90.66666666666667,1
3,76.2,8.040201005025127,7.7,0,20,2,86.77777777777777,1
5,104.4,7.582417582417582,8.0,3,38,3,88.44444444444444,1
3,58.199999999999996,7.471910112359551,8.2,1,24,1,85.55555555555554,1
3,77.4,8.290155440414507,7.9,2,18,2,81.88888888888889,1
4,69.0,9.261363636363637,6.0,0,26,2,79.33333333333333,1
3,82.8,6.721311475409836,7.7,0,22,1,89.77777777777777,1
2,42.599999999999994,7.4576271186440675,7.8,1,51,1,81.33333333333334,1
4,72.6,7.526315789473684,6.4,2,19,2,73.55555555555556,1
3,48.6,8.219895287958115,6.1,0,34,1,73.88888888888889,1
4,91.2,7.011494252873564,6.1,3,29,3,76.88888888888889,2
2,54.6,6.934673366834171,6.8,2,22,1,81.77777777777777,1
4,102.0,7.158469945355192,7.8,2,45,3,85.33333333333334,1
2,43.199999999999996,8.520408163265307,7.2,3,23,1,81.0,1
3,65.4,6.810810810810811,6.0,3,56,2,71.33333333333333,1
4,88.8,8.263157894736842,6.2,0,22,2,79.44444444444444,2
2,53.4,7.675675675675676,7.9,3,25,1,87.88888888888889,0
4,69.0,8.402366863905325,7.7,0,45,2,89.77777777777777,1
3,68.39999999999999,9.064327485380117,7.5,0,43,2,82.66666666666667,1
3,81.0,8.214285714285714,8.1,1,20,2,87.0,1
5,97.8,7.95031055900621,5.9,0,36,3,71.77777777777777,2
5,106.2,8.636363636363637,7.8,1,56,3,90.33333333333334,1
5,91.2,8.135593220338983,6.2,3,57,3,73.44444444444444,2
3,66.0,7.247191011235955,6.2,2,28,2,84.44444444444444,1
2,84.0,8.636363636363637,6.1,1,44,1,76.88888888888889,1
3,84.0,7.808988764044944,7.2,1,51,1,82.0,1
4,95.4,7.445652173913043,7.8,1,33,3,82.33333333333334,1
3,45.6,7.857142857142857,7.8,0,23,1,81.33333333333334,1
3,69.6,10.0,6.6,0,28,2,78.66666666666666,1
3,36.6,9.181286549707602,7.6,1,28,1,80.22222222222223,1
3,64.2,7.586206896551724,8.5,0,21,2,86.22222222222223,1
5,105.6,8.26086956521739,7.8,1,42,3,92.33333333333334,1
3,55.800000000000004,8.797814207650273,6.1,1,49,1,78.88888888888889,1
4,99.6,6.994535519125683,6.0,1,29,3,74.33333333333333,2
4,109.80000000000001,10.0,7.7,1,52,3,86.77777777777777,1
4,75.6,7.210526315789474,7.5,0,31,2,81.66666666666667,1
4,102.0,8.881987577639752,8.4,0,50,3,92.66666666666666,1
4,87.6,7.362637362637363,6.3,2,30,2,84.0,1
3,82.2,8.88888888888889,6.9,1,30,2,86.33333333333334,1
3,78.60000000000001,8.010204081632653,6.6,0,57,2,82.66666666666666,1
4,60.6,7.663043478260869,6.2,1,56,2,74.44444444444444,1
2,90.0,9.404761904761905,7.2,0,37,1,78.0,2
4,94.2,8.944099378881988,6.1,3,56,3,80.88888888888889,1
5,107.4,7.727272727272727,7.3,1,40,3,85.55555555555556,1
2,50.4,6.269430051813472,7.8,2,35,1,91.33333333333334,0
4,67.8,8.081395348837209,7.2,0,41,2,78.0,1
5,98.39999999999999,7.135135135135135,6.6,0,38,3,78.66666666666666,2
4,88.2,8.956043956043956,8.5,1,23,2,95.22222222222223,1
4,83.39999999999999,7.298850574712644,7.6,1,31,2,80.22222222222223,1
3,51.6,7.257142857142858,7.8,0,24,1,87.33333333333334,0
3,52.8,7.515527950310559,8.0,2,18,1,85.44444444444444,1
2,88.8,7.788944723618091,8.5,1,50,1,95.22222222222223,1
2,48.6,8.241206030150753,6.2,2,34,1,78.44444444444444,1
4,96.0,6.868131868131869,7.8,3,52,3,91.33333333333334,1
4,118.8,8.406593406593407,6.5,0,47,3,78.11111111111111,2
4,64.2,6.976744186046512,7.8,2,26,2,89.33333333333334,1
4,99.6,9.156626506024097,8.1,0,52,3,89.0,1
4,83.39999999999999,7.298850574712644,7.2,3,31,2,78.0,1
3,58.199999999999996,7.9381443298969065,6.3,3,54,1,83.0,1
4,118.8,9.485714285714286,6.1,1,43,3,83.88888888888889,1
2,49.199999999999996,7.272727272727273,8.4,0,43,1,86.66666666666666,0
3,68.39999999999999,7.4431818181818175,7.1,2,20,2,80.44444444444444,1
3,88.8,7.151162790697675,7.7,1,29,1,82.77777777777777,1
3,48.6,8.219895287958115,6.5,3,34,1,76.11111111111111,1
4,103.2,8.633540372670808,7.8,3,18,3,83.33333333333334,1
5,117.6,6.836734693877551,8.2,2,40,3,87.55555555555554,1
4,67.8,9.269662921348315,8.1,3,55,2,85.0,1
4,85.19999999999999,6.717948717948717,7.8,0,47,2,84.33333333333334,1
3,87.6,8.777777777777779,6.5,2,45,1,82.11111111111111,1
4,114.0,7.461928934010152,7.3,2,34,3,82.55555555555556,1
3,74.4,7.682926829268293,8.1,1,53,1,83.0,1
4,83.39999999999999,9.212121212121213,7.7,1,20,2,91.77777777777777,1
3,80.4,9.75609756097561,8.5,2,53,2,87.22222222222223,1
4,112.8,7.02247191011236,8.4,3,39,3,90.66666666666666,1
3,61.800000000000004,7.5,7.8,2,37,2,90.33333333333334,0
3,81.60000000000001,7.4603174603174605,6.2,2,52,1,83.44444444444444,1
4,108.0,9.503105590062113,7.8,3,27,3,84.33333333333334,1
2,57.599999999999994,7.311827956989248,8.1,3,19,1,89.0,0
3,75.6,9.030303030303031,7.3,1,41,1,87.55555555555556,1
3,82.2,7.759562841530054,7.7,0,42,1,80.77777777777777,1
3,32.400000000000006,9.759036144578314,5.9,0,55,1,76.77777777777777,1
3,70.19999999999999,8.813559322033898,6.5,2,26,2,75.11111111111111,1
5,119.4,7.210526315789474,7.8,1,56,3,92.33333333333334,1
3,36.0,9.010989010989011,8.0,3,18,1,85.44444444444444,1
4,108.60000000000001,7.936507936507936,7.2,2,31,3,85.0,1
4,60.6,8.253012048192772,7.8,0,52,2,84.33333333333334,1
4,87.6,8.603351955307263,7.2,3,48,2,88.0,1
4,72.6,7.888888888888888,6.4,1,38,2,76.55555555555556,1
3,75.6,9.378881987577639,8.0,2,21,1,94.44444444444444,1
2,49.8,8.223350253807107,7.7,2,19,1,80.77777777777777,1
2,54.6,7.754010695187166,6.4,1,20,1,75.55555555555556,1
3,80.4,8.713450292397662,7.1,1,53,2,80.44444444444444,1
2,30.6,6.684491978609626,8.4,1,23,1,86.66666666666666,0
5,91.2,8.135593220338983,7.1,0,57,3,78.44444444444444,2
3,90.0,7.647058823529411,7.3,1,43,2,79.55555555555556,1
3,61.800000000000004,9.875,6.6,1,49,2,74.66666666666666,1
5,112.8,7.142857142857143,7.1,1,50,3,88.44444444444444,1
4,88.8,7.951807228915663,8.2,1,22,2,87.55555555555554,1
4,78.0,7.45945945945946,8.3,0,36,2,85.11111111111111,1
2,72.0,7.417582417582418,8.4,2,50,1,85.66666666666666,1
3,72.0,6.161616161616161,7.7,2,29,2,82.77777777777777,1
4,74.4,8.938547486033519,6.6,1,30,2,84.66666666666666,1
2,76.8,6.684210526315789,7.8,2,43,1,86.33333333333334,1
3,58.199999999999996,7.471910112359551,6.1,2,24,1,73.88888888888889,1
3,36.6,7.752808988764045,6.2,1,19,1,76.44444444444444,1
2,67.8,9.166666666666666,8.1,1,27,1,94.0,1
4,88.8,8.263157894736842,6.1,0,22,2,78.88888888888889,2
2,47.400000000000006,10.0,6.0,2,41,1,79.33333333333333,1
4,84.6,6.581632653061225,7.3,0,44,2,86.55555555555556,1
3,88.2,7.142857142857143,6.0,0,45,2,76.33333333333333,1
5,112.8,7.688172043010752,6.6,1,29,3,82.66666666666666,1
4,91.2,6.9491525423728815,7.8,0,29,3,83.33333333333334,1
4,68.39999999999999,8.043478260869566,7.2,2,45,2,78.0,1
5,91.2,7.305699481865285,7.2,1,53,3,87.0,1
4,87.0,6.302083333333334,8.1,0,22,2,90.0,1
4,75.6,9.171270718232044,8.0,1,30,2,90.44444444444444,1
3,68.39999999999999,9.515151515151516,6.0,2,42,2,80.33333333333333,1
5,105.6,7.037037037037037,7.1,2,57,3,77.44444444444444,2
4,81.0,9.0,7.8,3,22,2,93.33333333333334,1
3,67.8,6.722222222222223,7.1,1,25,1,79.44444444444444,1
2,68.39999999999999,10.0,7.2,2,51,1,88.0,1
2,42.0,8.909090909090908,5.9,3,46,1,81.77777777777777,1
3,67.2,9.329608938547485,7.6,0,25,1,91.22222222222223,1
2,58.199999999999996,9.82456140350877,6.8,2,51,1,81.77777777777777,1
2,43.8,7.239583333333334,8.4,1,44,1,90.66666666666666,0
5,90.6,9.281437125748504,7.7,2,44,3,84.77777777777777,1
3,59.4,7.191011235955056,7.9,0,36,1,89.88888888888889,0
4,80.4,6.486486486486487,7.8,2,52,2,85.33333333333334,1
3,87.6,7.11764705882353,7.7,0,19,2,87.77777777777777,1
3,73.2,7.727272727272727,6.2,3,51,2,75.44444444444444,1
2,64.80000000000001,6.892655367231638,6.6,1,20,1,79.66666666666666,1
3,84.6,6.759776536312849,8.4,0,52,1,95.66666666666666,1
3,67.8,7.0879120879120885,7.7,2,26,1,84.77777777777777,1
5,112.2,6.275510204081632,8.5,1,53,3,95.22222222222223,1
2,83.39999999999999,8.88888888888889,7.8,2,57,1,82.33333333333334,1
5,112.2,7.3770491803278695,6.3,3,32,3,77.0,2
3,67.8,6.684782608695652,8.2,0,54,1,92.55555555555554,1
4,78.0,9.146341463414634,7.7,2,21,2,92.77777777777777,1
5,115.8,6.907216494845361,6.2,1,26,3,82.44444444444444,1
2,37.8,7.57396449704142,7.2,1,58,1,85.0,1
3,71.39999999999999,7.6020408163265305,8.0,3,48,2,92.44444444444444,1
3,77.4,8.290155440414507,7.3,3,18,2,78.55555555555556,1
2,87.0,7.777777777777778,5.9,2,29,1,74.77777777777777,2
4,78.60000000000001,6.914893617021277,5.9,2,29,2,72.77777777777777,1
3,84.0,7.526881720430108,8.1,1,33,2,86.0,1
4,67.8,8.42696629213483,6.1,1,34,2,77.88888888888889,1
4,64.80000000000001,9.82456140350877,6.0,3,29,2,83.33333333333333,1
4,69.6,8.909090909090908,7.8,3,46,2,93.33333333333334,1
5,97.8,7.95031055900621,7.7,2,36,3,81.77777777777777,1
4,82.8,9.349112426035504,7.2,2,36,2,81.0,1
2,47.400000000000006,9.580838323353294,7.2,0,20,1,79.0,1
4,96.60000000000001,6.345177664974619,8.4,0,46,3,85.66666666666666,1
4,74.4,8.938547486033519,8.1,1,30,2,93.0,1
3,88.8,8.258426966292134,7.2,1,47,2,88.0,1
2,42.599999999999994,7.4576271186440675,8.1,0,51,1,83.0,1
3,54.0,9.937888198757763,6.4,3,40,1,76.55555555555556,1
3,69.0,6.0606060606060606,7.7,3,26,2,85.77777777777777,1
3,74.4,8.385416666666666,7.1,2,43,1,77.44444444444444,1
2,81.60000000000001,6.7539267015706805,7.3,2,51,1,83.55555555555556,1
3,64.80000000000001,7.311827956989248,8.3,3,26,1,95.11111111111111,0
4,74.4,6.8181818181818175,8.1,3,50,2,91.0,1
3,69.6,8.372093023255815,6.0,1,22,2,76.33333333333333,1
2,70.19999999999999,7.17948717948718,8.1,0,54,1,93.0,1
4,80.4,6.486486486486487,6.0,1,52,2,75.33333333333333,1
3,65.4,6.810810810810811,6.6,0,56,2,74.66666666666666,1
5,115.8,7.258883248730964,8.4,3,40,3,85.66666666666666,1
3,85.19999999999999,6.717948717948717,6.0,0,54,2,76.33333333333333,1
3,67.8,8.121212121212121,7.8,3,57,1,89.33333333333334,1
3,73.8,6.914893617021277,7.4,2,19,1,82.11111111111111,1
2,53.4,7.675675675675676,7.1,0,25,1,83.44444444444444,1
3,89.4,8.241206030150753,7.2,0,53,2,87.0,1
4,77.4,8.633879781420765,6.0,1,49,2,74.33333333333333,1
3,61.800000000000004,9.314285714285713,6.8,1,43,1,81.77777777777777,1
4,88.8,7.225130890052355,7.2,1,52,2,82.0,1
3,36.6,9.181286549707602,8.5,2,28,1,85.22222222222223,1
2,66.60000000000001,6.596858638743456,7.3,3,18,1,83.55555555555556,1
2,36.6,7.816091954022989,7.7,0,40,1,91.77777777777777,0
4,63.0,8.695652173913043,8.0,0,58,2,93.44444444444444,1
2,84.6,8.615384615384617,7.6,2,18,1,80.22222222222223,1
3,69.0,8.324022346368714,7.8,1,23,2,89.33333333333334,1
4,72.0,8.284023668639053,7.2,2,19,2,88.0,1
3,78.60000000000001,9.754601226993865,7.1,0,40,2,86.44444444444444,1
3,40.800000000000004,6.43979057591623,8.5,3,29,1,96.22222222222223,0
5,118.2,8.306878306878307,7.2,3,26,3,80.0,2
2,70.19999999999999,7.664670658682635,6.1,3,39,1,71.88888888888889,1
2,82.2,7.4233128834355835,7.2,3,26,1,78.0,1
2,45.6,7.894736842105264,7.6,1,29,1,90.22222222222223,0
3,34.199999999999996,7.704918032786885,8.2,1,31,1,87.55555555555554,0
3,67.2,9.76878612716763,6.2,3,58,1,74.44444444444444,1
4,77.4,8.813559322033898,6.6,0,29,2,84.66666666666666,1
5,119.4,7.578947368421053,6.0,0,59,3,74.33333333333333,2
3,67.8,7.461928934010152,6.5,3,28,2,74.11111111111111,1
3,78.60000000000001,9.819277108433734,6.7,3,42,2,85.22222222222223,1
3,67.8,8.121212121212121,8.0,3,57,1,90.44444444444444,1
4,89.4,7.461139896373057,7.7,1,25,2,90.77777777777777,1
2,81.60000000000001,8.023952095808383,7.5,3,34,1,88.66666666666667,1
4,111.0,7.371428571428571,7.2,3,50,3,87.0,1
3,49.8,7.818181818181818,8.2,2,56,1,84.55555555555554,1
5,95.4,9.285714285714286,7.3,1,56,3,78.55555555555556,2
4,85.19999999999999,9.147727272727273,6.1,2,40,2,74.88888888888889,2
3,71.39999999999999,7.839506172839506,7.1,0,21,2,81.44444444444444,1
5,96.60000000000001,9.6875,7.7,3,30,3,86.77777777777777,1
4,101.39999999999999,8.722222222222221,6.0,2,56,3,81.33333333333333,1
3,67.8,8.121212121212121,7.7,3,57,1,88.77777777777777,1
3,81.0,9.176470588235293,7.1,0,25,2,85.44444444444444,1
3,67.2,9.329608938547485,7.1,2,25,1,88.44444444444444,1
4,103.2,6.79144385026738,6.1,0,31,3,77.88888888888889,2
2,44.4,7.142857142857143,6.5,1,45,1,83.11111111111111,1
2,38.4,6.735751295336787,6.0,1,34,1,72.33333333333333,1
5,114.6,6.881720430107528,7.4,3,22,3,87.11111111111111,1
3,46.2,10.0,8.3,3,55,1,91.11111111111111,0
3,81.60000000000001,8.91891891891892,6.5,3,52,2,81.11111111111111,1
3,44.4,7.471264367816092,7.7,0,48,1,83.77777777777777,1
4,72.6,7.888888888888888,7.2,3,38,2,81.0,1
2,59.4,8.934911242603551,6.6,1,43,1,82.66666666666666,1
3,52.2,7.514450867052023,7.3,1,40,1,85.55555555555556,1
5,108.0,7.701863354037267,6.1,3,31,3,71.88888888888889,2
5,91.2,7.914438502673797,6.1,1,38,3,79.88888888888889,2
4,61.800000000000004,8.434343434343434,7.2,3,38,2,88.0,1
2,37.8,7.57396449704142,7.8,2,58,1,88.33333333333334,0
3,73.2,9.254658385093167,6.5,1,41,2,74.11111111111111,1
2,45.0,7.687861271676301,8.4,2,26,1,88.66666666666666,0
3,68.39999999999999,7.4431818181818175,6.6,0,20,2,77.66666666666666,1
2,73.2,7.674418604651163,6.6,1,59,1,83.66666666666666,1
3,79.2,9.440993788819876,6.6,0,21,2,74.66666666666666,1
3,82.8,8.112244897959183,7.7,3,21,2,90.77777777777777,1
4,60.6,7.674418604651163,6.3,2,41,2,85.0,1
3,37.8,6.878306878306878,6.5,2,24,1,75.11111111111111,1
3,87.6,6.597938144329897,7.9,0,49,1,86.88888888888889,1
2,40.800000000000004,7.5,6.9,3,28,1,81.33333333333334,1
5,108.0,7.321428571428571,8.1,2,36,3,83.0,1
3,78.60000000000001,9.754601226993865,7.7,0,40,2,89.77777777777777,1
2,82.8,9.021739130434783,6.3,1,25,1,79.0,1
3,53.4,6.979166666666666,6.5,1,39,1,74.11111111111111,1
3,61.800000000000004,8.324324324324325,8.3,1,59,2,89.11111111111111,0
3,70.19999999999999,8.813559322033898,6.2,2,26,2,73.44444444444444,1
2,52.8,6.56084656084656,7.3,3,44,1,80.55555555555556,1
3,79.2,9.580838323353294,7.1,3,26,1,89.44444444444444,1
4,70.19999999999999,7.942857142857143,7.5,3,42,2,86.66666666666667,1
3,33.6,8.098159509202453,6.9,3,23,1,83.33333333333334,1
3,88.2,7.317073170731707,7.7,0,46,2,85.77777777777777,1
2,74.4,6.892655367231638,8.1,3,32,1,91.0,1
4,88.2,8.956043956043956,6.6,0,23,2,84.66666666666666,1
3,70.8,9.461077844311378,6.5,2,32,2,74.11111111111111,1
3,75.6,9.030303030303031,7.2,0,41,1,87.0,1
4,60.6,8.253012048192772,7.3,0,52,2,81.55555555555556,1
2,32.400000000000006,7.528735632183908,6.1,0,37,1,79.88888888888889,1
2,83.39999999999999,8.71951219512195,6.1,1,27,1,72.88888888888889,1
4,65.4,7.590361445783133,6.4,0,41,2,83.55555555555556,1
4,62.400000000000006,8.214285714285714,7.8,0,25,2,90.33333333333334,1
4,82.2,6.810810810810811,8.5,2,48,2,87.22222222222223,1
2,46.2,6.703296703296703,6.6,2,50,1,81.66666666666666,1
3,64.80000000000001,8.469945355191257,6.5,2,58,1,83.11111111111111,1
2,74.4,6.615384615384615,7.2,1,54,1,90.0,1
3,52.8,7.72972972972973,7.6,2,46,1,89.22222222222223,0
4,90.0,7.257142857142858,6.0,1,19,2,73.33333333333333,2
4,91.8,8.434343434343434,6.8,0,45,3,82.77777777777777,1
3,81.60000000000001,7.248677248677248,6.8,2,32,2,75.77777777777777,1
4,90.6,8.434343434343434,6.5,1,48,3,82.11111111111111,1
3,53.4,8.8125,7.2,0,25,1,86.0,1
3,40.2,6.666666666666666,6.3,0,25,1,82.0,1
2,49.199999999999996,7.76595744680851,7.2,1,41,1,82.0,1
3,61.800000000000004,6.666666666666666,6.3,2,18,1,83.0,1
3,73.8,7.094972067039106,6.1,3,53,2,82.88888888888889,1
3,76.2,7.740112994350282,7.2,1,30,1,82.0,1
4,70.8,8.397790055248619,6.5,2,45,2,74.11111111111111,1
4,83.39999999999999,7.298850574712644,7.7,3,31,2,80.77777777777777,1
3,72.0,8.160919540229886,6.8,1,25,1,86.77777777777777,1
3,63.0,8.352272727272727,6.5,1,19,1,84.11111111111111,1
4,87.0,6.302083333333334,6.2,0,22,2,79.44444444444444,2
3,54.0,7.085714285714285,6.2,0,33,1,77.44444444444444,1
2,56.4,7.176470588235294,8.2,0,18,1,94.55555555555554,0
4,89.4,6.302083333333334,6.5,0,37,2,74.11111111111111,2
2,88.8,8.351063829787234,7.8,2,54,1,88.33333333333334,1
2,83.39999999999999,8.71951219512195,7.9,0,27,1,82.88888888888889,1
4,84.0,8.306010928961749,6.1,3,33,2,71.88888888888889,1
4,90.0,7.257142857142858,7.6,3,19,2,82.22222222222223,1
4,70.8,8.271604938271604,6.5,2,34,2,82.11111111111111,1
5,108.0,8.950617283950617,8.5,0,57,3,89.22222222222223,1
3,76.2,7.740112994350282,6.2,0,30,1,76.44444444444444,1
4,70.8,8.397790055248619,8.1,1,45,2,83.0,1
3,67.8,6.34020618556701,6.6,0,59,2,84.66666666666666,1
5,109.80000000000001,8.571428571428571,7.2,2,46,3,86.0,1
3,71.39999999999999,7.839506172839506,7.3,0,21,2,82.55555555555556,1
2,40.800000000000004,7.5,6.0,2,28,1,76.33333333333333,1
4,84.0,7.03125,6.6,3,44,2,82.66666666666666,1
3,67.2,9.76878612716763,8.0,0,58,1,84.44444444444444,1
4,94.80000000000001,8.75,7.2,1,58,3,79.0,2
4,85.19999999999999,7.283236994219653,6.3,3,42,2,84.0,1
3,85.19999999999999,9.76878612716763,6.4,2,42,2,85.55555555555556,1
2,33.6,8.626373626373628,7.1,2,31,1,79.44444444444444,1
4,88.8,8.263157894736842,6.6,2,22,2,81.66666666666666,1
2,52.2,6.464646464646465,7.2,2,40,1,82.0,1
2,78.0,7.292817679558011,5.9,2,21,1,70.77777777777777,1
2,82.2,7.4233128834355835,7.7,2,26,1,80.77777777777777,1
4,82.2,6.810810810810811,7.7,1,48,2,82.77777777777777,1
3,49.8,7.818181818181818,8.0,1,56,1,83.44444444444444,1
5,114.0,8.83977900552486,7.7,0,43,3,84.77777777777777,1
2,88.2,8.615384615384617,8.0,2,45,1,85.44444444444444,1
4,75.0,7.789473684210526,7.7,0,39,2,88.77777777777777,1
3,82.8,8.77659574468085,7.7,2,42,2,89.77777777777777,1
4,69.0,8.323353293413174,6.0,1,23,2,76.33333333333333,1
2,53.4,8.206521739130434,6.1,3,39,1,76.88888888888889,1
3,76.8,6.410256410256411,5.9,2,32,1,75.77777777777777,1
4,61.800000000000004,10.0,7.9,2,47,2,87.88888888888889,1
3,74.4,9.512195121951219,6.5,3,49,2,75.11111111111111,1
2,67.8,7.237569060773481,7.2,0,39,1,80.0,1
2,64.80000000000001,8.924731182795698,8.2,1,54,1,84.55555555555554,1
3,69.6,7.11864406779661,6.0,1,26,2,72.33333333333333,1
3,70.19999999999999,8.068181818181818,7.2,0,43,1,89.0,1
4,63.6,8.652849740932641,6.1,2,48,2,83.88888888888889,1
4,70.8,8.478260869565217,8.4,1,40,2,87.66666666666666,1
4,75.0,9.464285714285714,7.2,3,45,2,85.0,1
2,76.8,6.684210526315789,6.1,3,43,1,76.88888888888889,1
4,84.0,7.100591715976331,6.1,2,49,2,73.88888888888889,1
4,99.0,9.823529411764705,6.5,1,32,3,76.11111111111111,2
3,74.4,7.142857142857143,6.4,2,32,2,84.55555555555556,1
2,51.0,8.47457627118644,7.7,2,33,1,83.77777777777777,1
4,87.6,7.291666666666666,6.2,3,28,2,83.44444444444444,1
3,77.4,8.121546961325967,8.1,2,18,2,85.0,1
2,80.4,7.0769230769230775,7.7,3,22,1,91.77777777777777,1
2,81.60000000000001,6.7539267015706805,6.5,0,51,1,79.11111111111111,1
2,67.8,9.166666666666666,6.0,1,27,1,82.33333333333333,1
3,64.80000000000001,8.061224489795919,8.0,3,55,1,91.44444444444444,0
3,77.4,8.829787234042554,6.4,3,56,2,81.55555555555556,1
3,51.0,9.53216374269006,6.6,3,40,1,74.66666666666666,1
3,63.6,9.438202247191011,7.2,2,45,2,87.0,0
4,114.0,8.571428571428571,7.7,3,18,3,83.77777777777777,1
3,85.8,6.313131313131313,8.2,0,59,2,92.55555555555554,1
3,78.0,8.17258883248731,8.4,0,35,1,93.66666666666666,1
3,86.39999999999999,7.083333333333334,7.3,2,39,2,80.55555555555556,1
4,103.2,6.79144385026738,7.6,1,31,3,86.22222222222223,1
3,79.2,9.440993788819876,7.1,2,21,2,77.44444444444444,1
3,64.80000000000001,7.75,8.5,2,43,1,93.22222222222223,0
4,81.60000000000001,7.111111111111112,7.8,2,37,2,88.33333333333334,1
4,101.39999999999999,7.513513513513513,6.0,2,41,3,82.33333333333333,1
3,72.0,7.967914438502674,5.9,0,18,2,72.77777777777777,1
2,84.0,7.513812154696132,8.4,2,19,1,87.66666666666666,1
3,60.6,7.461139896373057,7.2,1,38,2,86.0,1
4,61.2,8.23170731707317,8.4,2,36,2,92.66666666666666,1
3,79.2,7.3224043715847,6.0,0,42,2,80.33333333333333,1
3,75.6,8.620689655172413,7.1,0,52,2,77.44444444444444,1
2,70.19999999999999,7.17948717948718,8.1,2,54,1,93.0,1
4,62.400000000000006,8.313953488372093,7.8,3,54,2,87.33333333333334,1
3,61.800000000000004,9.314285714285713,8.4,2,43,1,90.66666666666666,0
4,72.6,7.526315789473684,6.3,3,19,2,73.0,1
3,60.6,8.225806451612904,7.2,3,20,2,85.0,1
4,78.60000000000001,8.823529411764707,6.6,3,38,2,75.66666666666666,1
5,118.8,8.294117647058824,6.2,3,18,3,76.44444444444444,2
4,94.2,9.651162790697676,6.9,1,57,3,83.33333333333334,1
2,48.6,7.380952380952381,6.3,1,50,1,73.0,1
3,82.8,8.77659574468085,6.0,3,42,2,80.33333333333333,1
3,81.0,8.214285714285714,6.8,3,20,2,79.77777777777777,1
4,73.8,8.526315789473685,7.3,3,18,2,78.55555555555556,1
3,68.39999999999999,8.457142857142857,8.5,3,26,1,89.22222222222223,1
3,87.6,6.648936170212766,8.4,1,50,2,96.66666666666666,1
3,83.39999999999999,7.873563218390805,7.3,2,32,2,78.55555555555556,1
3,75.6,8.81081081081081,7.7,0,50,1,80.77777777777777,1
5,117.0,8.043478260869566,6.4,0,39,3,82.55555555555556,1
5,119.4,8.950276243093922,8.4,3,41,3,85.66666666666666,1
2,53.4,6.802030456852792,7.7,2,23,1,80.77777777777777,1
5,112.2,8.64864864864865,6.5,0,36,3,75.11111111111111,2
4,105.0,9.76470588235294,7.7,0,27,3,82.77777777777777,1
4,75.6,6.931216931216931,7.2,3,56,2,79.0,1
4,72.6,7.888888888888888,8.4,0,38,2,87.66666666666666,1
2,70.19999999999999,8.609625668449198,6.3,3,50,1,77.0,1
3,75.0,6.633165829145728,7.7,1,24,2,90.77777777777777,1
5,112.2,8.64864864864865,8.0,1,36,3,83.44444444444444,1
3,77.4,10.0,7.2,2,45,1,90.0,1
2,64.80000000000001,8.924731182795698,7.7,0,54,1,81.77777777777777,1
4,63.6,8.652849740932641,7.7,2,48,2,92.77777777777777,1
3,87.6,6.648351648351648,6.1,2,31,1,80.88888888888889,1
3,83.39999999999999,9.819277108433734,7.2,2,52,2,87.0,1
4,65.4,7.119565217391305,7.7,2,50,2,86.77777777777777,1
4,84.6,8.61111111111111,7.7,2,54,2,82.77777777777777,1
3,82.8,10.0,7.2,0,56,2,79.0,1
3,88.2,7.142857142857143,6.1,1,45,2,76.88888888888889,1
4,61.800000000000004,7.826086956521739,6.7,3,31,2,84.22222222222223,1
4,76.2,7.393617021276596,8.2,3,52,2,86.55555555555554,1
4,66.0,7.3232323232323235,7.2,2,54,2,79.0,1
2,31.8,6.614583333333334,8.4,3,50,1,91.66666666666666,0
3,48.6,7.062146892655368,8.2,0,19,1,94.55555555555554,0
3,68.39999999999999,8.232323232323232,7.1,3,54,1,86.44444444444444,1
4,64.80000000000001,6.9491525423728815,7.2,2,51,2,80.0,1
4,72.6,7.888888888888888,6.0,2,38,2,74.33333333333333,1
3,82.8,8.77659574468085,8.4,3,42,2,93.66666666666666,1
2,84.0,7.513812154696132,7.6,2,19,1,83.22222222222223,1
3,64.2,7.760416666666666,6.1,2,42,1,71.88888888888889,1
4,64.2,6.80628272251309,7.2,1,51,2,80.0,1
5,107.4,7.727272727272727,8.4,2,40,3,91.66666666666666,1
4,66.60000000000001,7.3053892215568865,8.1,1,32,2,87.0,1
3,63.0,8.934911242603551,6.0,2,57,2,78.33333333333333,1
3,72.0,6.1421319796954315,6.1,2,28,2,81.88888888888889,1
3,64.80000000000001,8.469945355191257,7.8,3,58,1,90.33333333333334,0
2,55.800000000000004,7.062146892655368,8.2,1,26,1,85.55555555555554,1
2,31.200000000000003,6.958762886597938,6.4,2,22,1,76.55555555555556,1
2,60.6,7.5925925925925934,6.0,2,37,1,73.33333333333333,1
3,67.2,7.245508982035929,6.0,3,58,2,74.33333333333333,1
2,43.199999999999996,8.520408163265307,6.1,1,23,1,74.88888888888889,1
2,59.4,8.934911242603551,8.4,3,43,1,92.66666666666666,0
2,60.6,9.281767955801104,6.8,2,58,1,79.77777777777777,1
4,61.800000000000004,6.864864864864865,5.8,0,28,2,72.22222222222223,1
3,82.8,8.77659574468085,7.8,2,42,2,90.33333333333334,1
4,77.4,8.170731707317072,8.1,2,28,2,89.0,1
3,39.6,8.595505617977528,7.9,1,59,1,82.88888888888889,1
3,81.60000000000001,8.092485549132949,8.0,2,47,1,82.44444444444444,1
2,66.60000000000001,6.596858638743456,7.1,2,18,1,82.44444444444444,1
3,61.800000000000004,8.17142857142857,8.0,3,45,2,87.44444444444444,0
3,79.80000000000001,7.857142857142857,7.1,1,29,2,80.44444444444444,1
4,95.4,7.445652173913043,7.2,3,33,3,79.0,2
5,118.2,6.871508379888268,7.2,0,21,3,80.0,2
4,102.6,7.287234042553191,7.9,0,20,3,92.88888888888889,1
3,63.6,6.891191709844559,8.2,0,21,1,92.55555555555554,0
3,59.4,7.191011235955056,7.6,1,36,1,88.22222222222223,0
2,51.0,6.576086956521739,6.3,0,36,1,83.0,1
3,33.6,8.098159509202453,6.1,2,23,1,78.88888888888889,1
3,62.400000000000006,6.927374301675978,6.6,0,43,2,78.66666666666666,1
4,90.6,8.434343434343434,6.0,3,48,3,79.33333333333333,2
2,66.0,10.0,6.5,2,35,1,83.11111111111111,1
2,70.8,7.897727272727273,6.0,0,43,1,80.33333333333333,1
4,87.6,8.603351955307263,7.8,1,48,2,91.33333333333334,1
3,54.0,9.937888198757763,7.1,2,40,1,80.44444444444444,1
4,84.0,7.674418604651163,6.5,0,41,2,80.11111111111111,1
4,85.19999999999999,7.283236994219653,6.5,2,42,2,85.11111111111111,1
3,89.4,7.182320441988951,6.5,1,28,2,78.11111111111111,1
2,90.0,9.404761904761905,8.1,3,37,1,83.0,1
4,82.8,7.011494252873564,7.1,1,27,2,81.44444444444444,1
3,87.6,7.664670658682635,7.1,2,59,1,80.44444444444444,1
3,85.8,6.969696969696971,7.3,1,40,2,78.55555555555556,1
5,112.8,9.310344827586206,6.5,3,22,3,79.11111111111111,2
3,66.60000000000001,7.640449438202247,7.7,2,43,2,89.77777777777777,1
4,106.8,7.752808988764045,8.5,0,30,3,88.22222222222223,1
3,60.0,7.398843930635838,8.2,3,22,2,94.55555555555554,0
2,78.60000000000001,8.342245989304812,6.6,3,43,1,86.66666666666666,1
3,85.8,8.353658536585366,8.5,3,46,2,93.22222222222223,1
4,88.8,8.870056497175142,6.0,2,43,2,78.33333333333333,2
4,72.0,6.315789473684211,8.1,3,29,2,89.0,1
2,66.60000000000001,6.596858638743456,7.2,2,18,1,83.0,1
3,49.199999999999996,8.682634730538922,8.4,1,23,1,95.66666666666666,0
3,73.8,6.914893617021277,7.7,3,19,1,83.77777777777777,1
2,42.599999999999994,7.889447236180905,7.2,0,47,1,79.0,1
5,98.39999999999999,7.135135135135135,7.2,1,38,3,82.0,1
4,101.39999999999999,7.828571428571428,6.0,3,46,3,76.33333333333333,2
5,108.60000000000001,8.633879781420765,7.1,3,37,3,82.44444444444444,1
5,94.80000000000001,7.142857142857143,6.2,1,37,3,80.44444444444444,1
3,79.2,7.3224043715847,6.5,0,42,2,83.11111111111111,1
3,55.2,7.619047619047619,6.1,2,33,1,83.88888888888889,1
2,47.400000000000006,9.580838323353294,7.4,1,20,1,80.11111111111111,1
4,74.4,8.938547486033519,7.8,2,30,2,91.33333333333334,1
3,85.19999999999999,8.75,6.3,2,18,2,82.0,1
4,76.8,9.257142857142856,8.2,1,58,2,86.55555555555554,1
3,74.4,7.682926829268293,7.4,3,53,1,79.11111111111111,1
3,54.0,7.085714285714285,6.0,0,33,1,76.33333333333333,1
5,115.8,7.258883248730964,7.7,3,40,3,81.77777777777777,1
2,39.6,6.927083333333334,8.0,3,45,1,91.44444444444444,0
4,96.0,6.868131868131869,6.0,1,52,3,81.33333333333333,1
3,74.4,7.142857142857143,7.6,1,32,2,91.22222222222223,1
4,109.80000000000001,7.839506172839506,6.0,3,49,3,77.33333333333333,2
5,112.2,8.64864864864865,8.5,0,36,3,86.22222222222223,1
3,81.0,9.176470588235293,7.2,3,25,2,86.0,1
4,87.0,8.47457627118644,6.6,0,49,2,84.66666666666666,1
4,82.8,6.358974358974359,6.1,3,50,2,73.88888888888889,1
2,84.6,7.197802197802198,7.8,1,25,1,87.33333333333334,1
4,61.800000000000004,6.864864864864865,8.2,1,28,2,85.55555555555554,1
5,119.4,8.28125,6.5,2,28,3,81.11111111111111,1
4,72.0,8.284023668639053,6.0,0,19,2,81.33333333333333,1
3,85.8,6.969696969696971,7.2,3,40,2,78.0,1
5,114.0,9.71264367816092,7.8,2,19,3,93.33333333333334,1
3,74.4,8.869047619047619,6.4,3,59,1,79.55555555555556,1
4,61.2,7.445652173913043,7.2,1,31,2,81.0,1
5,115.8,6.030150753768844,7.3,0,50,3,78.55555555555556,2
3,69.0,6.0606060606060606,6.0,2,26,2,76.33333333333333,1
4,81.0,7.857142857142857,6.0,1,20,2,72.33333333333333,1
3,89.4,7.878787878787879,7.8,0,58,2,87.33333333333334,1
3,78.60000000000001,9.754601226993865,6.6,3,40,2,83.66666666666666,1
4,109.2,8.274111675126903,8.2,2,49,3,83.55555555555554,1
2,31.200000000000003,6.958762886597938,6.2,0,22,1,75.44444444444444,1
5,100.19999999999999,7.621621621621621,6.4,1,23,3,81.55555555555556,1
3,73.8,6.914893617021277,6.0,3,19,1,74.33333333333333,1
2,31.200000000000003,6.958762886597938,6.6,2,22,1,77.66666666666666,1
4,61.800000000000004,9.248554913294797,6.0,0,43,2,74.33333333333333,1
3,66.60000000000001,7.150259067357513,7.4,2,37,2,81.11111111111111,1
2,37.8,7.57396449704142,6.2,0,58,1,79.44444444444444,1
3,75.0,9.386503067484663,6.0,2,22,2,80.33333333333333,1
4,85.19999999999999,8.49740932642487,8.4,2,19,2,92.66666666666666,1
3,81.60000000000001,8.057142857142857,6.2,3,48,1,78.44444444444444,1
3,36.6,7.752808988764045,7.8,0,19,1,85.33333333333334,1
4,84.0,8.306010928961749,7.3,1,33,2,78.55555555555556,1
2,34.8,6.224489795918368,7.7,2,23,1,88.77777777777777,0
4,107.4,7.4866310160427805,8.0,0,29,3,83.44444444444444,1
2,78.0,9.710982658959537,8.3,3,18,1,87.11111111111111,1
3,62.400000000000006,8.074534161490682,5.8,0,42,1,73.22222222222223,1
4,65.4,7.119565217391305,6.7,1,50,2,81.22222222222223,1
4,78.60000000000001,8.563829787234043,6.6,0,46,2,84.66666666666666,1
3,77.4,9.578313253012048,7.4,1,47,2,88.11111111111111,1
2,82.8,7.763975155279503,6.1,1,49,1,82.88888888888889,1
4,60.6,8.054054054054054,7.8,1,57,2,83.33333333333334,1
4,78.0,9.096045197740112,6.6,0,59,2,81.66666666666666,1
4,115.8,9.352941176470589,7.2,2,25,3,89.0,1
4,77.4,8.813559322033898,6.2,2,29,2,82.44444444444444,1
4,100.19999999999999,6.683417085427136,6.0,0,45,3,79.33333333333333,2
3,78.0,6.976744186046512,7.2,1,30,2,80.0,1
3,89.4,8.02030456852792,8.0,3,22,1,88.44444444444444,1
3,87.0,7.461139896373057,8.4,2,33,2,84.66666666666666,1
4,90.0,8.16326530612245,7.4,2,36,2,82.11111111111111,1
3,80.4,9.75609756097561,6.1,3,53,2,73.88888888888889,1
3,73.2,9.254658385093167,6.2,3,41,2,72.44444444444444,1
2,84.6,8.615384615384617,6.3,2,18,1,73.0,2
5,91.2,7.305699481865285,7.8,2,53,3,90.33333333333334,1
4,81.0,7.199999999999999,7.5,1,44,2,84.66666666666667,1
2,54.6,8.29896907216495,6.8,0,46,1,76.77777777777777,1
4,84.6,7.987804878048781,7.3,1,53,2,87.55555555555556,1
4,61.2,6.8449197860962565,7.9,2,35,2,86.88888888888889,1
3,87.6,6.597938144329897,6.0,0,49,1,76.33333333333333,2
2,52.2,6.464646464646465,7.6,3,40,1,84.22222222222223,1
4,75.6,7.210526315789474,6.6,3,31,2,76.66666666666666,1
2,63.6,8.205128205128204,8.5,1,55,1,91.22222222222223,0
3,87.0,9.595375722543352,6.5,2,22,2,74.11111111111111,1
4,78.0,8.928571428571429,8.5,2,52,2,90.22222222222223,1
2,60.0,7.849462365591398,6.0,1,21,1,73.33333333333333,1
2,41.4,6.63265306122449,7.3,0,37,1,86.55555555555556,0
2,48.0,7.865168539325843,8.3,3,38,1,84.11111111111111,1
4,61.2,9.878048780487806,6.5,2,30,2,78.11111111111111,1
3,70.19999999999999,8.268156424581006,8.4,1,52,1,91.66666666666666,1
2,43.8,7.239583333333334,8.5,2,44,1,91.22222222222223,0
4,99.6,8.0,6.0,1,19,3,83.33333333333333,1
4,70.19999999999999,7.942857142857143,7.1,1,42,2,84.44444444444444,1
3,33.0,8.586387434554974,7.1,2,54,1,88.44444444444444,0
3,69.6,7.11864406779661,7.1,2,26,2,78.44444444444444,1
3,64.2,7.551020408163264,8.5,0,38,2,91.22222222222223,0
3,64.80000000000001,8.04733727810651,6.6,3,28,1,84.66666666666666,1
2,66.60000000000001,6.596858638743456,8.5,1,18,1,90.22222222222223,1
4,118.8,9.485714285714286,6.8,1,43,3,87.77777777777777,1
4,74.4,6.8181818181818175,7.2,3,50,2,86.0,1
4,73.8,8.418367346938776,7.6,3,56,2,82.22222222222223,1
4,61.800000000000004,7.826086956521739,7.2,0,31,2,87.0,1
3,77.4,10.0,7.1,2,45,1,89.44444444444444,1
5,99.0,9.0625,7.7,0,29,3,80.77777777777777,1
3,64.80000000000001,8.04733727810651,6.0,3,28,1,81.33333333333333,1
3,69.0,7.572254335260116,7.2,0,42,2,89.0,1
2,76.8,8.440860215053764,6.1,0,43,1,81.88888888888889,1
2,42.599999999999994,6.482412060301508,8.0,3,31,1,93.44444444444444,0
4,101.39999999999999,7.828571428571428,6.7,2,46,3,80.22222222222223,1
3,78.0,8.17258883248731,6.5,2,35,1,83.11111111111111,1
3,85.19999999999999,6.717948717948717,6.9,3,54,2,81.33333333333334,1
4,70.19999999999999,7.886597938144329,6.2,2,53,2,74.44444444444444,1
5,105.6,8.26086956521739,8.5,0,42,3,96.22222222222223,1
3,55.2,8.511904761904761,7.2,2,57,1,79.0,1
3,49.8,8.275862068965518,6.1,0,24,1,76.88888888888889,1
4,82.8,6.544502617801047,5.9,3,58,2,72.77777777777777,1
4,82.8,7.011494252873564,7.3,3,27,2,82.55555555555556,1
3,79.80000000000001,9.506172839506172,7.8,2,39,2,84.33333333333334,1
2,81.0,6.0606060606060606,6.5,2,23,1,75.11111111111111,1
3,78.0,6.976744186046512,5.9,1,30,2,72.77777777777777,1
3,89.4,6.76923076923077,7.2,3,36,2,82.0,1
3,30.6,8.695652173913043,6.5,2,22,1,83.11111111111111,1
4,95.4,7.445652173913043,8.3,0,33,3,85.11111111111111,1
3,78.60000000000001,9.819277108433734,6.0,0,42,2,81.33333333333333,1
4,63.0,6.75257731958763,6.0,3,48,2,74.33333333333333,1
5,114.0,8.46590909090909,7.2,2,48,3,82.0,1
2,82.2,8.531073446327683,6.0,1,56,1,73.33333333333333,1
3,53.4,7.923497267759563,7.7,1,50,1,80.77777777777777,1
4,108.0,9.5,8.5,2,52,3,96.22222222222223,1
2,78.60000000000001,9.62962962962963,7.3,1,50,1,88.55555555555556,1
2,88.8,8.520710059171599,7.4,1,27,1,81.11111111111111,1
3,72.0,6.1421319796954315,6.1,1,28,2,81.88888888888889,1
4,78.0,9.146341463414634,6.1,3,21,2,83.88888888888889,1
3,66.60000000000001,7.150259067357513,7.7,1,37,2,82.77777777777777,1
3,78.60000000000001,8.010204081632653,7.3,1,57,2,86.55555555555556,1
2,34.8,6.881720430107528,6.2,0,32,1,83.44444444444444,1
3,80.4,8.713450292397662,8.0,2,53,2,85.44444444444444,1
4,66.0,8.793103448275861,6.5,0,18,2,74.11111111111111,1
4,88.8,7.951807228915663,7.7,1,22,2,84.77777777777777,1
3,64.2,7.760416666666666,7.3,0,42,1,78.55555555555556,1
4,72.0,9.329608938547485,6.5,2,55,2,81.11111111111111,1
4,71.39999999999999,8.78048780487805,8.2,1,38,2,91.55555555555554,1
5,97.8,9.94047619047619,7.2,0,40,3,78.0,2
5,103.2,6.185567010309279,6.0,0,59,3,74.33333333333333,2
4,102.0,8.881987577639752,7.6,2,50,3,88.22222222222223,1
4,69.0,8.24468085106383,7.1,2,57,2,88.44444444444444,1
3,60.0,7.398843930635838,7.1,2,22,2,88.44444444444444,0
3,63.6,9.438202247191011,6.3,3,45,2,82.0,1
2,34.8,6.881720430107528,6.2,3,32,1,83.44444444444444,1
3,72.0,8.655913978494624,6.0,1,45,1,72.33333333333333,1
4,76.2,9.602272727272727,7.8,2,44,2,85.33333333333334,1
3,34.8,10.0,7.2,2,59,1,88.0,0
2,60.0,8.0625,6.0,1,56,1,79.33333333333333,1
3,87.0,7.461139896373057,6.3,2,33,2,73.0,1
3,82.2,8.509316770186336,7.2,2,47,2,86.0,1
2,31.200000000000003,8.011695906432749,8.5,3,53,1,89.22222222222223,0
3,62.400000000000006,7.831325301204819,7.7,2,33,2,85.77777777777777,1
4,96.0,6.868131868131869,7.8,1,52,3,91.33333333333334,1
3,86.39999999999999,7.083333333333334,6.5,1,39,2,76.11111111111111,1
4,94.2,8.362573099415204,7.7,0,58,3,85.77777777777777,1
3,67.8,8.121212121212121,7.1,3,57,1,85.44444444444444,1
4,93.0,7.0786516853932575,7.2,0,23,3,87.0,1
3,34.199999999999996,7.704918032786885,7.2,3,31,1,82.0,1
2,31.8,7.474747474747475,7.8,2,52,1,82.33333333333334,1
3,85.8,8.353658536585366,7.9,0,46,2,89.88888888888889,1
3,67.2,9.76878612716763,6.2,2,58,1,74.44444444444444,1
2,43.199999999999996,9.876543209876543,8.1,1,39,1,92.0,0
3,66.0,10.0,8.2,1,42,2,90.55555555555554,1
5,108.60000000000001,8.633879781420765,7.2,2,37,3,83.0,1
3,60.6,7.4074074074074066,6.1,1,48,2,81.88888888888889,1
3,53.4,8.8125,7.5,0,25,1,87.66666666666667,0
4,69.6,8.909090909090908,7.1,1,46,2,89.44444444444444,1
5,105.6,8.333333333333334,6.1,1,34,3,83.88888888888889,1
2,80.4,6.758241758241759,6.6,1,27,1,74.66666666666666,1
3,66.0,7.602339181286549,6.0,0,49,1,75.33333333333333,1
3,56.4,7.127659574468085,7.7,1,18,1,87.77777777777777,0
4,82.2,6.875,6.6,0,34,2,85.66666666666666,1
4,68.39999999999999,7.277777777777778,6.0,1,49,2,82.33333333333333,1
2,49.199999999999996,7.272727272727273,6.6,1,43,1,76.66666666666666,1
4,67.8,8.484848484848484,8.2,3,35,2,90.55555555555554,1
3,65.4,10.0,7.4,0,31,2,83.11111111111111,1
5,115.8,7.258883248730964,7.8,3,40,3,82.33333333333334,1
3,48.6,7.062146892655368,8.0,1,19,1,93.44444444444444,0
4,63.6,8.5,7.3,3,41,2,79.55555555555556,1
2,70.8,7.628865979381443,7.1,3,46,1,81.44444444444444,1
3,70.8,9.461077844311378,7.8,3,32,2,81.33333333333334,1
2,59.4,10.0,8.1,0,24,1,88.0,0
3,70.19999999999999,8.333333333333334,7.2,1,19,1,78.0,1
3,70.19999999999999,8.813559322033898,6.0,3,26,2,72.33333333333333,1
3,89.4,6.76923076923077,6.1,2,36,2,75.88888888888889,1
5,100.19999999999999,7.621621621621621,8.0,1,23,3,90.44444444444444,1
2,42.599999999999994,7.4576271186440675,6.5,1,51,1,74.11111111111111,1
3,65.4,10.0,6.2,0,31,2,76.44444444444444,1
3,64.2,10.0,6.1,2,20,2,75.88888888888889,1
2,88.2,8.615384615384617,6.1,2,45,1,74.88888888888889,2
3,76.2,7.4603174603174605,6.0,1,40,2,81.33333333333333,1
3,87.6,8.895348837209303,7.1,0,18,2,87.44444444444444,1
3,34.199999999999996,8.196721311475411,7.6,3,59,1,92.22222222222223,0
2,90.0,7.337278106508876,7.8,0,52,1,83.33333333333334,1
4,85.19999999999999,9.147727272727273,8.0,3,40,2,85.44444444444444,1
3,74.4,9.512195121951219,7.3,3,49,2,79.55555555555556,1
3,75.0,6.7539267015706805,7.2,2,33,1,80.0,1
2,72.6,6.735751295336787,7.1,2,51,1,86.44444444444444,1
2,69.0,7.802197802197802,6.6,0,26,1,78.66666666666666,1
4,60.6,7.674418604651163,6.1,1,41,2,83.88888888888889,1
3,81.60000000000001,8.092485549132949,6.1,1,47,1,71.88888888888889,1
2,60.0,7.849462365591398,8.1,1,21,1,85.0,1
3,78.0,8.17258883248731,7.2,2,35,1,87.0,1
4,60.6,7.674418604651163,8.5,3,41,2,97.22222222222223,1
4,111.0,8.103448275862068,8.4,3,30,3,84.66666666666666,1
3,34.199999999999996,7.771739130434783,7.8,3,32,1,83.33333333333334,1
3,79.2,9.580838323353294,7.3,2,26,1,90.55555555555556,1
4,60.0,8.128342245989305,7.1,0,46,2,83.44444444444444,1
4,105.6,8.700564971751412,6.3,2,24,3,82.0,1
3,88.8,10.0,8.4,0,48,2,92.66666666666666,1
5,111.60000000000001,6.774193548387096,8.4,0,47,3,94.66666666666666,1
3,62.400000000000006,7.831325301204819,6.0,3,33,2,76.33333333333333,1
2,51.0,7.764705882352941,7.2,0,52,1,85.0,1
4,78.0,7.45945945945946,7.2,0,36,2,79.0,1
2,88.8,8.351063829787234,7.2,1,54,1,85.0,1
4,84.0,8.306010928961749,6.6,2,33,2,74.66666666666666,1
2,74.4,6.892655367231638,7.6,2,32,1,88.22222222222223,1
4,85.19999999999999,7.5,7.8,1,24,2,90.33333333333334,1
4,109.2,8.274111675126903,7.2,1,49,3,78.0,2
4,93.60000000000001,8.636363636363637,6.1,1,25,3,78.88888888888889,2
2,78.0,7.292817679558011,6.5,3,21,1,74.11111111111111,1
2,80.4,6.758241758241759,8.2,2,27,1,83.55555555555554,1
5,114.6,8.688524590163935,6.9,3,49,3,77.33333333333334,2
4,61.800000000000004,10.0,6.3,0,47,2,79.0,1
2,84.6,7.197802197802198,6.4,3,25,1,79.55555555555556,2
3,88.2,7.64367816091954,6.7,1,22,2,83.22222222222223,1
3,33.6,8.098159509202453,7.2,2,23,1,85.0,1
3,61.800000000000004,7.419354838709678,6.5,3,25,2,77.11111111111111,1
4,105.0,9.76470588235294,7.3,3,27,3,80.55555555555556,1
2,67.8,7.237569060773481,8.1,2,39,1,85.0,1
4,73.8,8.526315789473685,6.3,1,18,2,73.0,1
5,111.60000000000001,9.030303030303031,8.4,3,43,3,84.66666666666666,1
4,69.6,8.277777777777777,6.0,3,40,2,72.33333333333333,1
5,97.8,7.95031055900621,8.2,0,36,3,84.55555555555554,1
5,114.0,8.46590909090909,7.2,3,48,3,82.0,1
4,94.2,8.944099378881988,6.2,1,56,3,81.44444444444444,1
5,104.4,7.582417582417582,6.3,0,38,3,79.0,2
4,108.0,7.0618556701030935,6.5,1,21,3,79.11111111111111,2
3,34.8,10.0,7.3,2,59,1,88.55555555555556,0
2,82.8,7.763975155279503,7.2,3,49,1,89.0,1
4,100.19999999999999,6.683417085427136,7.2,1,45,3,86.0,1
2,41.4,6.63265306122449,6.3,2,37,1,81.0,1
2,50.4,8.633879781420765,7.3,3,35,1,88.55555555555556,0
5,119.4,7.578947368421053,8.2,0,59,3,86.55555555555554,1
3,64.2,7.551020408163264,7.2,3,38,2,84.0,1
3,76.2,6.0606060606060606,6.6,2,40,2,77.66666666666666,1
2,37.8,8.682634730538922,7.1,1,20,1,84.44444444444444,1
3,79.80000000000001,9.767441860465116,7.4,1,58,1,90.11111111111111,1
3,40.2,6.666666666666666,6.5,2,25,1,83.11111111111111,1
4,67.8,8.081395348837209,8.4,3,41,2,84.66666666666666,1
5,119.4,7.578947368421053,8.3,0,59,3,87.11111111111111,1
3,81.60000000000001,7.248677248677248,6.2,0,32,2,72.44444444444444,1
3,64.2,7.551020408163264,6.1,1,38,2,77.88888888888889,1
3,73.8,7.094972067039106,6.5,1,53,2,85.11111111111111,1
4,109.80000000000001,8.196721311475411,7.5,1,18,3,86.66666666666667,1
5,100.19999999999999,7.621621621621621,7.2,3,23,3,86.0,1
2,33.6,8.626373626373628,6.0,3,31,1,73.33333333333333,1
3,66.60000000000001,7.150259067357513,7.1,0,37,2,79.44444444444444,1
4,69.0,8.323353293413174,6.4,1,23,2,78.55555555555556,1
3,48.6,8.219895287958115,6.2,2,34,1,74.44444444444444,1
4,68.39999999999999,8.597560975609756,6.4,3,45,2,78.55555555555556,1
4,73.2,7.732558139534884,7.9,3,31,2,86.88888888888889,1
3,70.8,9.461077844311378,7.9,2,32,2,81.88888888888889,1
3,79.2,9.440993788819876,8.0,3,21,2,82.44444444444444,1
3,82.2,8.372093023255815,6.2,0,45,1,83.44444444444444,1
3,82.8,8.351063829787234,6.5,1,40,1,84.11111111111111,1
3,60.0,7.398843930635838,7.6,3,22,2,91.22222222222223,0
2,85.19999999999999,7.393617021276596,6.6,0,34,1,86.66666666666666,1
4,66.0,8.793103448275861,7.7,2,18,2,80.77777777777777,1
4,84.6,9.226190476190476,7.8,3,50,2,90.33333333333334,1
2,83.39999999999999,8.71951219512195,6.2,0,27,1,73.44444444444444,1
3,78.60000000000001,8.010204081632653,7.6,0,57,2,88.22222222222223,1
5,117.6,6.836734693877551,7.5,2,40,3,83.66666666666667,1
4,82.2,6.810810810810811,6.6,2,48,2,76.66666666666666,1
4,64.80000000000001,9.82456140350877,7.2,3,29,2,90.0,1
4,81.60000000000001,7.796610169491526,6.1,3,22,2,79.88888888888889,1
4,103.2,6.79144385026738,7.1,3,31,3,83.44444444444444,1
3,66.0,9.171597633136095,6.1,0,56,2,74.88888888888889,1
2,53.4,6.802030456852792,8.4,2,23,1,84.66666666666666,1
2,42.599999999999994,7.889447236180905,7.8,0,47,1,82.33333333333334,1
5,118.2,9.0,7.3,3,31,3,82.55555555555556,1
3,65.4,8.934911242603551,7.1,0,53,2,81.44444444444444,1
2,59.4,8.934911242603551,6.5,3,43,1,82.11111111111111,1
4,79.80000000000001,8.520710059171599,8.5,2,34,2,95.22222222222223,1
3,61.800000000000004,7.5,6.6,0,37,2,83.66666666666666,1
5,115.8,6.907216494845361,8.4,1,26,3,94.66666666666666,1
5,110.4,9.444444444444445,7.2,0,41,3,83.0,1
2,84.6,7.197802197802198,7.8,2,25,1,87.33333333333334,1
3,66.0,7.373737373737374,7.4,1,32,2,91.11111111111111,1
3,45.6,7.857142857142857,7.8,0,23,1,81.33333333333334,1
5,109.80000000000001,8.571428571428571,6.2,3,46,3,80.44444444444444,1
3,75.6,9.378881987577639,6.1,0,21,1,83.88888888888889,1
3,80.4,9.085365853658537,6.5,2,41,1,81.11111111111111,1
3,79.2,7.747252747252747,8.4,1,50,1,92.66666666666666,1
3,68.39999999999999,8.457142857142857,7.6,2,26,1,84.22222222222223,1
4,65.4,7.119565217391305,8.0,3,50,2,88.44444444444444,1
4,69.6,8.277777777777777,7.7,2,40,2,81.77777777777777,1
2,78.0,9.710982658959537,7.2,3,18,1,81.0,1
3,78.60000000000001,8.010204081632653,6.0,1,57,2,79.33333333333333,1
3,66.60000000000001,7.640449438202247,7.2,2,43,2,87.0,1
4,61.2,8.115183246073299,7.7,2,22,2,83.77777777777777,1
5,98.39999999999999,7.135135135135135,5.9,2,38,3,74.77777777777777,2
2,42.0,8.909090909090908,6.5,2,46,1,85.11111111111111,1
4,67.8,8.42696629213483,8.0,1,34,2,88.44444444444444,1
3,79.80000000000001,9.135802469135802,6.5,1,43,2,83.11111111111111,1
5,100.19999999999999,6.237113402061856,7.7,1,45,3,88.77777777777777,1
2,59.4,8.934911242603551,7.7,3,43,1,88.77777777777777,0
2,44.4,6.532663316582915,6.5,0,38,1,77.11111111111111,1
3,69.0,7.572254335260116,6.1,1,42,2,82.88888888888889,1
3,53.4,6.979166666666666,8.5,3,39,1,85.22222222222223,1
2,64.80000000000001,6.892655367231638,7.7,2,20,1,85.77777777777777,1
4,67.8,8.478260869565217,6.0,1,37,2,71.33333333333333,1
4,94.2,8.449197860962567,7.2,2,24,3,85.0,1
4,117.0,6.894736842105264,8.2,3,47,3,94.55555555555554,1
5,119.4,8.28125,8.1,1,28,3,90.0,1
4,85.19999999999999,7.283236994219653,6.1,0,42,2,82.88888888888889,1
2,84.6,7.197802197802198,7.7,2,25,1,86.77777777777777,1
2,88.8,8.351063829787234,6.3,3,54,1,80.0,2
5,94.80000000000001,7.142857142857143,7.8,0,37,3,89.33333333333334,1
4,60.0,8.359788359788359,6.1,1,35,2,76.88888888888889,1
3,64.80000000000001,7.75,6.1,1,43,1,79.88888888888889,1
4,104.4,7.017543859649122,6.0,1,54,3,79.33333333333333,2
3,88.8,10.0,7.2,3,48,2,86.0,1
4,67.8,8.478260869565217,6.0,1,37,2,71.33333333333333,1
3,34.199999999999996,7.771739130434783,8.5,1,32,1,87.22222222222223,0
3,84.6,6.180904522613066,8.5,2,27,2,93.22222222222223,1
3,42.0,6.546391752577319,7.7,0,49,1,81.77777777777777,1
4,111.0,7.371428571428571,7.2,2,50,3,87.0,1
2,85.19999999999999,7.180851063829787,6.7,0,25,1,77.22222222222223,2
4,87.0,8.322981366459627,6.4,0,43,2,84.55555555555556,1
5,105.6,7.037037037037037,8.4,1,57,3,84.66666666666666,1
3,73.8,7.636363636363637,7.6,0,36,1,89.22222222222223,1
3,64.80000000000001,8.061224489795919,7.1,3,55,1,86.44444444444444,0
3,66.0,7.373737373737374,7.2,1,32,2,90.0,1
3,61.800000000000004,8.17142857142857,6.3,0,45,2,78.0,1
2,39.6,6.927083333333334,7.8,3,45,1,90.33333333333334,0
5,105.6,7.037037037037037,7.8,1,57,3,81.33333333333334,1
3,64.80000000000001,8.04733727810651,7.9,1,28,1,91.88888888888889,0
3,82.8,8.351063829787234,6.6,1,40,1,84.66666666666666,1
2,42.0,8.909090909090908,7.1,1,46,1,88.44444444444444,0
2,80.4,8.602150537634408,7.8,1,23,1,89.33333333333334,1
3,47.400000000000006,10.0,8.4,0,43,1,84.66666666666666,1
3,40.800000000000004,7.904191616766467,6.5,2,27,1,82.11111111111111,1
3,62.400000000000006,6.927374301675978,6.3,2,43,2,77.0,1
2,34.8,6.881720430107528,6.5,2,32,1,85.11111111111111,1
3,69.0,7.572254335260116,6.5,0,42,2,85.11111111111111,1
5,100.19999999999999,8.303030303030303,6.1,3,53,3,76.88888888888889,2
3,70.19999999999999,8.068181818181818,7.6,2,43,1,91.22222222222223,1
2,64.80000000000001,8.924731182795698,6.1,2,54,1,72.88888888888889,1
2,46.2,8.588957055214724,6.1,0,39,1,82.88888888888889,1
4,79.2,10.0,6.6,0,39,2,79.66666666666666,1
4,102.0,7.158469945355192,7.1,3,45,3,81.44444444444444,1
3,53.4,6.979166666666666,6.9,0,39,1,76.33333333333334,1
2,67.8,7.237569060773481,8.4,1,39,1,86.66666666666666,1
3,76.2,6.0606060606060606,7.2,2,40,2,81.0,1
3,85.19999999999999,7.796610169491526,7.2,1,24,2,86.0,1
5,99.0,8.804347826086957,6.0,1,19,3,71.33333333333333,2
3,50.4,7.267441860465116,6.5,1,18,1,80.11111111111111,1
3,49.8,7.818181818181818,6.1,3,56,1,72.88888888888889,1
4,72.0,7.3224043715847,6.6,0,57,2,75.66666666666666,1
4,79.80000000000001,8.520710059171599,8.3,0,34,2,94.11111111111111,1
4,78.60000000000001,8.514285714285714,7.2,3,29,2,85.0,1
2,81.60000000000001,6.7539267015706805,7.7,1,51,1,85.77777777777777,1
5,99.6,9.207317073170731,8.0,3,38,3,83.44444444444444,1
2,31.8,7.474747474747475,8.1,0,52,1,84.0,1
4,82.2,6.875,7.2,0,34,2,89.0,1
4,94.80000000000001,8.75,6.8,1,58,3,76.77777777777777,2
2,49.199999999999996,7.272727272727273,7.6,2,43,1,82.22222222222223,1
3,62.400000000000006,6.927374301675978,6.0,3,43,2,75.33333333333333,1
4,61.800000000000004,7.514450867052023,8.4,3,55,2,91.66666666666666,1
2,82.2,8.882978723404255,7.2,1,55,1,79.0,1
2,33.0,7.424242424242424,8.0,3,39,1,83.44444444444444,1
4,76.2,7.393617021276596,6.2,2,52,2,75.44444444444444,1
2,55.800000000000004,6.581632653061225,7.7,1,52,1,84.77777777777777,1
5,92.4,9.444444444444445,7.6,3,47,3,84.22222222222223,1
3,64.80000000000001,9.005847953216374,6.2,3,21,1,79.44444444444444,1
3,78.60000000000001,8.823529411764707,6.1,0,37,1,83.88888888888889,1
3,39.6,7.4074074074074066,5.8,0,18,1,71.22222222222223,1
3,87.0,7.461139896373057,8.5,3,33,2,85.22222222222223,1
3,51.6,7.865853658536586,6.0,3,51,1,80.33333333333333,1
3,55.800000000000004,8.924731182795698,7.1,0,49,1,77.44444444444444,1
3,60.6,7.206703910614525,6.6,1,52,2,81.66666666666666,1
4,117.0,6.894736842105264,8.0,3,47,3,93.44444444444444,1
3,74.4,7.142857142857143,8.1,0,32,2,94.0,1
4,81.60000000000001,8.172043010752688,8.2,1,29,2,90.55555555555554,1
5,100.19999999999999,8.473684210526315,6.1,0,32,3,79.88888888888889,2
3,70.19999999999999,7.437185929648241,7.6,1,19,2,92.22222222222223,1
3,82.2,8.88888888888889,8.2,3,30,2,93.55555555555554,1
4,86.39999999999999,8.926553672316384,7.2,3,45,2,85.0,1
3,48.6,7.062146892655368,6.0,1,19,1,82.33333333333333,1
3,72.0,7.828282828282829,6.0,1,49,2,80.33333333333333,1
2,57.599999999999994,8.26086956521739,7.8,3,57,1,82.33333333333334,1
3,84.6,7.231638418079096,7.8,3,29,1,82.33333333333334,1
2,73.2,8.121546961325967,8.1,3,42,1,83.0,1
3,75.6,8.620689655172413,6.7,3,52,2,75.22222222222223,1
3,67.8,6.947368421052632,7.6,3,34,1,90.22222222222223,1
3,82.8,10.0,7.1,2,56,2,78.44444444444444,1
4,82.8,9.349112426035504,6.1,3,36,2,74.88888888888889,1
4,67.8,8.484848484848484,7.4,2,35,2,86.11111111111111,1
2,76.8,8.440860215053764,7.7,1,43,1,90.77777777777777,1
5,116.39999999999999,6.632124352331607,7.2,3,28,3,84.0,1
5,108.60000000000001,8.633879781420765,6.6,2,37,3,79.66666666666666,2
3,49.8,8.275862068965518,7.1,0,24,1,82.44444444444444,1
3,72.6,7.236180904522613,7.2,3,57,2,82.0,1
2,67.8,7.237569060773481,6.1,1,39,1,73.88888888888889,1
4,76.8,6.701030927835051,8.4,1,44,2,90.66666666666666,1
4,104.4,7.017543859649122,7.6,2,54,3,88.22222222222223,1
3,73.2,9.254658385093167,7.2,3,41,2,78.0,1
2,80.4,7.0769230769230775,7.8,0,22,1,92.33333333333334,1
4,110.4,7.967032967032966,6.4,3,52,3,79.55555555555556,2
4,72.0,6.315789473684211,7.4,2,29,2,85.11111111111111,1
4,61.800000000000004,8.434343434343434,8.5,0,38,2,95.22222222222223,1
4,67.8,8.081395348837209,7.7,1,41,2,80.77777777777777,1
3,67.8,6.684782608695652,6.0,3,54,1,80.33333333333333,1
4,75.6,7.058823529411765,7.1,2,44,2,84.44444444444444,1
5,119.4,7.578947368421053,6.1,2,59,3,74.88888888888889,2
4,83.39999999999999,9.212121212121213,6.0,0,20,2,82.33333333333333,1
2,73.2,7.674418604651163,6.5,3,59,1,83.11111111111111,1
2,56.4,7.176470588235294,8.3,2,18,1,95.11111111111111,0
2,82.8,8.296703296703297,7.8,3,49,1,91.33333333333334,1
2,57.599999999999994,8.26086956521739,7.5,1,57,1,80.66666666666667,1
4,83.39999999999999,9.212121212121213,8.1,3,20,2,94.0,1
4,64.2,6.976744186046512,8.1,2,26,2,91.0,1
4,60.0,8.128342245989305,8.0,3,46,2,88.44444444444444,1
4,94.2,8.449197860962567,6.5,1,24,3,81.11111111111111,1
2,88.2,8.615384615384617,6.5,0,45,1,77.11111111111111,2
5,112.2,8.511904761904761,7.8,0,40,3,92.33333333333334,1
3,82.2,8.509316770186336,8.4,0,47,2,92.66666666666666,1
2,46.2,8.588957055214724,7.8,2,39,1,92.33333333333334,0
4,67.8,8.478260869565217,8.3,3,37,2,84.11111111111111,1
3,77.4,8.829787234042554,6.5,0,56,2,82.11111111111111,1
4,78.60000000000001,8.823529411764707,7.2,1,38,2,79.0,1
4,63.6,9.132947976878613,6.2,2,28,2,75.44444444444444,1
5,108.0,8.950617283950617,7.8,2,57,3,85.33333333333334,1
2,83.39999999999999,8.71951219512195,7.9,2,27,1,82.88888888888889,1
5,118.8,7.485029940119761,6.7,1,49,3,76.22222222222223,2
3,37.8,8.47457627118644,7.2,3,42,1,90.0,0
3,68.39999999999999,9.1875,6.2,2,54,2,76.44444444444444,1
3,80.4,8.713450292397662,6.1,2,53,2,74.88888888888889,1
2,52.2,6.464646464646465,6.7,0,40,1,79.22222222222223,1
3,66.60000000000001,7.640449438202247,8.4,1,43,2,93.66666666666666,1
2,65.4,7.098445595854922,7.2,2,58,1,86.0,1
4,107.4,7.4866310160427805,7.8,2,29,3,82.33333333333334,1
3,60.6,8.225806451612904,8.2,2,20,2,90.55555555555554,0
3,58.199999999999996,7.6608187134502925,7.7,3,21,1,85.77777777777777,1
4,81.60000000000001,8.172043010752688,7.2,3,29,2,85.0,1
3,86.39999999999999,9.135802469135802,8.0,1,45,1,85.44444444444444,1
4,115.8,9.352941176470589,8.1,1,25,3,94.0,1
3,66.0,8.69047619047619,6.1,1,57,2,71.88888888888889,1
4,72.0,7.180851063829787,7.4,0,54,2,82.11111111111111,1
5,109.80000000000001,8.571428571428571,7.7,1,46,3,88.77777777777777,1
4,68.39999999999999,8.15028901734104,6.6,3,57,2,79.66666666666666,1
3,58.199999999999996,7.9381443298969065,6.0,3,54,1,81.33333333333333,1
4,76.2,9.08108108108108,6.5,3,19,2,78.11111111111111,1
5,91.2,8.265895953757225,8.5,1,32,3,95.22222222222223,1
4,114.0,8.571428571428571,6.0,1,18,3,74.33333333333333,2
2,65.4,7.098445595854922,7.8,1,58,1,89.33333333333334,1
4,71.39999999999999,6.153846153846154,6.3,1,27,2,83.0,1
3,53.4,8.8125,8.4,3,25,1,92.66666666666666,0
4,103.2,8.633540372670808,7.2,1,18,3,80.0,2
3,81.0,8.983957219251337,6.5,3,59,2,74.11111111111111,1
4,78.0,8.435754189944134,7.2,1,46,2,86.0,1
4,64.2,6.976744186046512,6.3,1,26,2,81.0,1
5,100.19999999999999,8.473684210526315,6.8,1,32,3,83.77777777777777,1
4,118.8,8.406593406593407,7.2,1,47,3,82.0,1
3,43.199999999999996,7.055555555555556,6.4,1,59,1,76.55555555555556,1
3,66.0,9.171597633136095,6.5,0,56,2,77.11111111111111,1
3,60.0,7.398843930635838,6.5,1,22,2,85.11111111111111,1
2,33.6,8.626373626373628,8.0,3,31,1,84.44444444444444,1
3,85.19999999999999,6.717948717948717,6.6,0,54,2,79.66666666666666,1
3,85.8,6.969696969696971,7.2,2,40,2,78.0,1
4,105.6,8.700564971751412,8.2,0,24,3,92.55555555555554,1
5,106.2,8.636363636363637,7.7,1,56,3,89.77777777777777,1
5,108.60000000000001,8.524590163934425,6.6,3,48,3,81.66666666666666,1
4,100.8,8.404255319148938,7.1,0,42,3,86.44444444444444,1
2,49.199999999999996,7.76595744680851,6.1,3,41,1,75.88888888888889,1
2,38.4,8.103448275862068,6.0,0,29,1,73.33333333333333,1
3,66.0,8.324324324324325,7.3,3,28,2,87.55555555555556,1
5,100.19999999999999,9.880239520958083,7.7,2,43,3,92.77777777777777,1
3,41.4,8.288770053475936,6.0,1,55,1,81.33333333333333,1
4,87.0,8.322981366459627,6.5,3,43,2,85.11111111111111,1
3,79.80000000000001,9.506172839506172,6.0,0,39,2,74.33333333333333,1
3,76.2,7.055837563451776,8.2,1,22,2,91.55555555555554,1
4,70.8,7.848837209302325,8.5,2,33,2,85.22222222222223,1
4,97.2,8.674698795180722,8.4,3,22,3,90.66666666666666,1
4,73.2,7.593582887700535,5.9,1,43,2,70.77777777777777,1
3,85.19999999999999,7.796610169491526,7.3,3,24,2,86.55555555555556,1
4,118.8,6.458333333333334,6.3,2,48,3,78.0,2
2,57.0,8.333333333333334,6.0,0,25,1,78.33333333333333,1
3,62.400000000000006,6.927374301675978,6.5,3,43,2,78.11111111111111,1
4,64.80000000000001,9.82456140350877,7.8,1,29,2,93.33333333333334,1
4,106.2,9.130434782608695,7.7,1,33,3,84.77777777777777,1
3,67.8,6.722222222222223,7.9,2,25,1,83.88888888888889,1
2,85.19999999999999,7.393617021276596,7.8,0,34,1,93.33333333333334,1
3,39.6,7.4074074074074066,7.6,2,18,1,81.22222222222223,1
3,88.8,8.756756756756758,7.1,1,46,2,85.44444444444444,1
3,78.60000000000001,8.823529411764707,6.2,0,37,1,84.44444444444444,1
4,76.2,7.393617021276596,7.8,2,52,2,84.33333333333334,1
2,90.0,9.404761904761905,8.3,3,37,1,84.11111111111111,1
4,72.0,6.969696969696971,8.4,0,47,2,90.66666666666666,1
3,85.19999999999999,8.909090909090908,6.1,1,41,2,75.88888888888889,1
2,78.60000000000001,9.62962962962963,5.8,3,50,1,80.22222222222223,1
3,77.4,8.290155440414507,7.2,3,18,2,78.0,1
4,65.4,7.119565217391305,7.3,1,50,2,84.55555555555556,1
3,49.8,8.275862068965518,7.3,1,24,1,83.55555555555556,1
4,60.0,7.134831460674157,8.5,1,23,2,90.22222222222223,1
4,118.8,9.485714285714286,7.5,2,43,3,91.66666666666667,1
3,84.0,10.0,8.0,2,59,2,93.44444444444444,1
2,55.800000000000004,7.062146892655368,6.6,1,26,1,76.66666666666666,1
3,51.6,7.257142857142858,7.2,1,24,1,84.0,1
4,84.0,7.03125,7.6,3,44,2,88.22222222222223,1
3,61.800000000000004,6.666666666666666,6.8,1,18,1,85.77777777777777,1
4,86.39999999999999,8.926553672316384,7.6,1,45,2,87.22222222222223,1
3,89.4,9.71264367816092,6.5,2,36,2,75.11111111111111,1
3,75.6,8.620689655172413,6.1,2,52,2,71.88888888888889,1
2,60.0,7.849462365591398,7.3,0,21,1,80.55555555555556,1
2,35.4,9.457831325301205,6.3,2,31,1,81.0,1
4,72.0,7.180851063829787,7.2,0,54,2,81.0,1
3,31.200000000000003,7.23404255319149,6.6,3,42,1,80.66666666666666,1
4,111.0,7.371428571428571,7.3,1,50,3,87.55555555555556,1
3,69.6,7.11864406779661,8.5,0,26,2,86.22222222222223,1
2,83.39999999999999,8.048780487804878,6.9,0,37,1,76.33333333333334,1
4,70.19999999999999,7.942857142857143,6.3,3,42,2,80.0,1
3,67.8,7.461928934010152,8.0,3,28,2,82.44444444444444,1
4,76.2,9.602272727272727,6.5,1,44,2,78.11111111111111,1
3,41.4,7.386363636363637,7.2,3,53,1,90.0,0
5,104.4,9.53216374269006,6.5,3,54,3,75.11111111111111,2
3,70.19999999999999,6.302083333333334,6.5,3,59,2,82.11111111111111,1
2,54.6,8.012048192771084,6.2,0,40,1,80.44444444444444,1
4,104.4,7.017543859649122,7.3,2,54,3,86.55555555555556,1
4,63.6,8.652849740932641,7.3,0,48,2,90.55555555555556,1
3,39.6,7.4074074074074066,6.0,2,18,1,72.33333333333333,1
4,111.0,6.9714285714285715,7.2,0,50,3,87.0,1
3,69.6,8.372093023255815,7.2,2,22,2,83.0,1
3,81.60000000000001,8.057142857142857,6.3,3,48,1,79.0,1
4,80.4,10.0,6.6,3,38,2,83.66666666666666,1
2,68.39999999999999,7.03125,7.8,0,49,1,93.33333333333334,1
3,80.4,9.75609756097561,7.4,3,53,2,81.11111111111111,1
4,78.0,9.096045197740112,7.9,2,59,2,88.88888888888889,1
3,67.8,7.411764705882353,8.5,2,57,2,89.22222222222223,1
2,58.199999999999996,6.758241758241759,6.6,3,37,1,77.66666666666666,1
4,106.2,7.164948453608248,7.2,0,53,3,90.0,1
2,61.2,8.743455497382199,7.7,3,26,1,87.77777777777777,0
4,82.2,9.877300613496931,7.8,1,21,2,84.33333333333334,1
3,76.2,8.040201005025127,7.4,2,20,2,85.11111111111111,1
4,73.8,8.418367346938776,5.9,3,56,2,72.77777777777777,1
4,106.2,6.910112359550562,7.9,2,32,3,86.88888888888889,1
4,85.19999999999999,6.751269035532995,8.5,2,20,2,88.22222222222223,1
3,68.39999999999999,8.232323232323232,8.3,3,54,1,93.11111111111111,1
4,87.0,6.302083333333334,7.8,0,22,2,88.33333333333334,1
4,80.4,10.0,6.6,2,38,2,83.66666666666666,1
2,80.4,8.602150537634408,8.3,0,23,1,92.11111111111111,1
3,49.8,8.275862068965518,6.1,1,24,1,76.88888888888889,1
3,82.8,8.351063829787234,7.2,0,40,1,88.0,1
5,90.6,6.6310160427807485,7.8,0,56,3,81.33333333333334,1
5,94.80000000000001,7.142857142857143,7.8,0,37,3,89.33333333333334,1
3,36.0,9.010989010989011,8.2,2,18,1,86.55555555555554,0
3,66.60000000000001,8.71165644171779,7.8,2,46,1,87.33333333333334,1
4,82.2,9.877300613496931,7.8,3,21,2,84.33333333333334,1
4,71.39999999999999,6.153846153846154,6.0,0,27,2,81.33333333333333,1
3,45.0,7.473684210526316,8.1,0,52,1,87.0,0
4,81.0,6.956521739130435,6.0,2,19,2,82.33333333333333,1
2,57.599999999999994,7.311827956989248,7.9,3,19,1,87.88888888888889,0
3,81.60000000000001,7.988826815642458,7.2,2,20,2,86.0,1
2,52.8,6.56084656084656,8.1,3,44,1,85.0,1
3,75.0,7.474226804123711,6.3,0,20,2,84.0,1
3,64.2,7.760416666666666,8.2,0,42,1,83.55555555555554,1
2,82.8,7.763975155279503,8.1,1,49,1,94.0,1
4,78.0,8.435754189944134,8.0,0,46,2,90.44444444444444,1
2,76.8,8.29896907216495,8.4,0,55,1,85.66666666666666,1
3,66.0,8.69047619047619,6.0,0,57,2,71.33333333333333,1
3,42.0,6.546391752577319,7.7,3,49,1,81.77777777777777,1
2,34.8,6.881720430107528,7.8,1,32,1,92.33333333333334,0
4,85.19999999999999,7.91907514450867,8.5,2,43,2,91.22222222222223,1
3,75.6,8.620689655172413,7.7,2,52,2,80.77777777777777,1
2,84.0,7.513812154696132,6.0,3,19,1,74.33333333333333,1
4,70.8,8.397790055248619,7.4,2,45,2,79.11111111111111,1
3,61.800000000000004,9.314285714285713,7.7,0,43,1,86.77777777777777,0
4,70.8,8.271604938271604,6.0,1,34,2,79.33333333333333,1
2,47.400000000000006,9.580838323353294,7.8,2,20,1,82.33333333333334,1
3,62.400000000000006,7.831325301204819,8.5,3,33,2,90.22222222222223,0
5,112.8,7.688172043010752,6.6,1,29,3,82.66666666666666,1
4,94.2,8.944099378881988,7.3,3,56,3,87.55555555555556,1
4,64.2,8.84393063583815,7.2,1,50,2,90.0,1
3,81.60000000000001,7.712765957446809,8.2,2,25,2,85.55555555555554,1
3,89.4,8.241206030150753,6.6,0,53,2,83.66666666666666,1
3,77.4,9.938650306748468,6.2,0,42,2,73.44444444444444,1
4,65.4,6.994535519125683,8.2,3,36,2,93.55555555555554,1
2,71.39999999999999,8.042328042328041,6.1,0,52,1,71.88888888888889,1
3,77.4,9.578313253012048,7.6,3,47,2,89.22222222222223,1
3,85.19999999999999,9.337016574585634,6.5,1,47,1,77.11111111111111,2
4,85.19999999999999,6.717948717948717,6.6,1,47,2,77.66666666666666,2
5,104.4,9.53216374269006,8.1,0,54,3,84.0,1
3,57.0,9.523809523809524,7.2,3,45,1,81.0,1
2,73.2,8.121546961325967,7.1,0,42,1,77.44444444444444,1
5,119.4,8.238636363636363,8.3,2,32,3,94.11111111111111,1
3,76.2,6.0606060606060606,7.7,1,40,2,83.77777777777777,1
3,45.6,6.581632653061225,6.6,0,45,1,82.66666666666666,1
4,81.0,7.857142857142857,6.3,0,20,2,74.0,1
3,81.60000000000001,8.092485549132949,6.5,1,47,1,74.11111111111111,1
4,66.0,8.793103448275861,6.0,0,18,2,71.33333333333333,1
3,85.8,8.353658536585366,7.3,3,46,2,86.55555555555556,1
3,85.8,8.353658536585366,7.8,0,46,2,89.33333333333334,1
4,61.800000000000004,8.0,6.1,0,35,2,80.88888888888889,1
3,64.2,7.551020408163264,6.2,2,38,2,78.44444444444444,1
4,112.8,7.02247191011236,6.2,1,39,3,78.44444444444444,2
3,78.0,7.164948453608248,6.0,2,53,2,76.33333333333333,1
3,45.0,7.473684210526316,7.1,3,52,1,81.44444444444444,1
4,91.2,7.011494252873564,8.5,3,29,3,90.22222222222223,1
3,76.2,8.023255813953488,6.8,3,32,1,78.77777777777777,1
4,85.19999999999999,8.580246913580247,7.8,0,22,2,84.33333333333334,1
2,80.4,7.0769230769230775,7.7,0,22,1,91.77777777777777,1
4,91.2,8.61111111111111,6.3,1,46,3,76.0,2
3,61.2,9.060773480662984,7.8,0,52,2,88.33333333333334,0
4,100.8,8.404255319148938,7.9,0,42,3,90.88888888888889,1
3,82.2,8.786127167630058,7.2,0,49,2,79.0,1
2,31.8,7.474747474747475,6.0,0,52,1,72.33333333333333,1
4,82.8,7.602339181286549,6.6,1,34,2,77.66666666666666,1
5,110.4,7.0,6.1,2,33,3,71.88888888888889,2
2,52.2,6.464646464646465,7.8,2,40,1,85.33333333333334,1
2,78.60000000000001,8.342245989304812,6.6,1,43,1,86.66666666666666,1
5,108.60000000000001,8.524590163934425,6.8,2,48,3,82.77777777777777,1
2,60.6,7.5925925925925934,7.3,1,37,1,80.55555555555556,1
4,102.6,7.287234042553191,7.1,2,20,3,88.44444444444444,1
3,82.2,8.125,7.7,0,23,2,89.77777777777777,1
3,61.800000000000004,9.5906432748538,6.2,3,50,2,73.44444444444444,1
3,88.2,7.158469945355192,6.7,2,38,2,80.22222222222223,1
2,83.39999999999999,8.71951219512195,6.0,0,27,1,72.33333333333333,1
2,50.4,8.633879781420765,6.4,1,35,1,83.55555555555556,1
3,58.199999999999996,8.373493975903614,6.1,1,50,1,77.88888888888889,1
3,65.4,7.625,8.5,3,43,1,85.22222222222223,1
3,52.8,7.515527950310559,7.1,2,18,1,80.44444444444444,1
3,79.2,6.470588235294118,7.7,3,55,1,87.77777777777777,1
3,60.0,8.920454545454547,7.7,2,55,2,91.77777777777777,0
3,79.2,8.341708542713567,7.6,0,39,1,85.22222222222223,1
3,60.0,8.920454545454547,8.1,3,55,2,94.0,0
3,87.6,9.545454545454547,8.1,1,45,2,88.0,1
4,84.6,7.987804878048781,6.2,2,53,2,81.44444444444444,1
5,90.6,9.281437125748504,7.8,0,44,3,85.33333333333334,1
2,56.4,7.176470588235294,7.2,3,18,1,89.0,0
3,72.6,6.302083333333334,8.3,1,37,2,86.11111111111111,1
3,45.0,9.352941176470589,8.5,0,48,1,86.22222222222223,1
2,55.2,7.368421052631579,6.5,0,50,1,76.11111111111111,1
4,84.6,6.581632653061225,7.2,3,44,2,86.0,1
3,40.800000000000004,7.904191616766467,6.6,1,27,1,82.66666666666666,1
3,79.80000000000001,6.576086956521739,6.5,3,20,2,75.11111111111111,1
4,64.2,8.121546961325967,7.8,2,33,2,89.33333333333334,1
5,109.80000000000001,9.822485207100591,8.4,1,22,3,95.66666666666666,1
4,81.60000000000001,7.796610169491526,8.2,2,22,2,91.55555555555554,1
2,46.2,7.929292929292929,7.1,2,47,1,87.44444444444444,0
2,54.6,8.012048192771084,6.1,2,40,1,79.88888888888889,1
4,106.2,6.910112359550562,7.2,3,32,3,83.0,1
3,40.2,6.666666666666666,6.6,2,25,1,83.66666666666666,1
4,81.60000000000001,8.172043010752688,6.5,0,29,2,81.11111111111111,1
4,60.6,8.253012048192772,7.6,0,52,2,83.22222222222223,1
3,68.39999999999999,9.515151515151516,7.8,3,42,2,90.33333333333334,1
3,73.8,7.636363636363637,7.3,1,36,1,87.55555555555556,1
3,85.8,7.802197802197802,7.8,0,51,1,89.33333333333334,1
4,78.60000000000001,7.731958762886598,6.8,0,45,2,84.77777777777777,1
3,69.6,10.0,7.2,3,28,2,82.0,1
3,73.8,8.934911242603551,8.1,3,52,1,91.0,1
3,45.6,6.581632653061225,7.8,1,45,1,89.33333333333334,0
4,60.0,7.647058823529411,6.5,1,22,2,74.11111111111111,1
4,101.39999999999999,7.513513513513513,7.3,2,41,3,89.55555555555556,1
3,79.80000000000001,7.857142857142857,7.3,0,29,2,81.55555555555556,1
4,65.4,7.590361445783133,6.5,1,41,2,84.11111111111111,1
4,71.39999999999999,7.015706806282722,8.0,2,55,2,83.44444444444444,1
2,39.6,6.331658291457286,6.1,0,56,1,77.88888888888889,1
2,54.6,8.012048192771084,8.1,1,40,1,91.0,0
4,73.8,8.526315789473685,7.7,3,18,2,80.77777777777777,1
2,43.199999999999996,8.520408163265307,6.7,1,23,1,78.22222222222223,1
3,34.199999999999996,7.704918032786885,6.1,1,31,1,75.88888888888889,1
4,79.2,6.8181818181818175,6.8,3,28,2,84.77777777777777,1
4,85.19999999999999,8.49740932642487,6.1,3,19,2,79.88888888888889,2
4,67.2,9.767441860465116,8.2,2,20,2,90.55555555555554,1
3,67.2,9.76878612716763,6.1,3,58,1,73.88888888888889,1
3,55.2,8.511904761904761,6.5,3,57,1,75.11111111111111,1
2,43.8,7.239583333333334,8.2,3,44,1,89.55555555555554,0
3,61.800000000000004,9.5906432748538,6.0,1,50,2,72.33333333333333,1
2,59.4,10.0,6.9,3,24,1,81.33333333333334,1
2,73.2,7.674418604651163,6.6,1,59,1,83.66666666666666,1
5,110.4,9.444444444444445,7.2,2,41,3,83.0,1
2,37.2,8.256410256410255,6.5,3,38,1,79.11111111111111,1
4,62.400000000000006,8.214285714285714,6.8,2,25,2,84.77777777777777,1
4,109.80000000000001,7.3053892215568865,6.5,1,42,3,76.11111111111111,2
2,49.199999999999996,7.76595744680851,7.8,0,41,1,85.33333333333334,1
2,81.60000000000001,8.023952095808383,7.8,1,34,1,90.33333333333334,1
4,105.0,9.76470588235294,6.3,0,27,3,75.0,2
5,118.2,8.306878306878307,8.0,3,26,3,84.44444444444444,1
3,67.2,9.76878612716763,6.6,3,58,1,76.66666666666666,1
4,82.8,7.374301675977653,8.1,1,23,2,84.0,1
4,88.8,7.225130890052355,6.0,2,52,2,75.33333333333333,2
2,84.6,8.615384615384617,6.1,3,18,1,71.88888888888889,2
3,73.2,9.254658385093167,7.2,3,41,2,78.0,1
2,82.8,9.428571428571429,6.6,1,54,1,82.66666666666666,1
5,103.2,6.185567010309279,6.0,1,59,3,74.33333333333333,2
3,70.19999999999999,8.813559322033898,8.1,2,26,2,84.0,1
4,115.8,9.352941176470589,6.0,2,25,3,82.33333333333333,1
4,87.0,8.322981366459627,7.1,0,43,2,88.44444444444444,1
3,66.60000000000001,7.150259067357513,8.0,0,37,2,84.44444444444444,1
3,55.2,6.94300518134715,6.6,1,51,1,74.66666666666666,1
2,82.2,8.882978723404255,7.9,0,55,1,82.88888888888889,1
4,115.8,9.352941176470589,7.1,3,25,3,88.44444444444444,1
2,57.599999999999994,7.311827956989248,6.0,3,19,1,77.33333333333333,1
3,82.2,7.759562841530054,6.2,2,42,1,72.44444444444444,1
4,110.4,7.967032967032966,7.6,1,52,3,86.22222222222223,1
2,48.0,7.865168539325843,6.6,0,38,1,74.66666666666666,1
3,54.0,9.937888198757763,7.8,0,40,1,84.33333333333334,1
4,118.2,9.93975903614458,6.3,0,58,3,79.0,2
4,91.2,6.9491525423728815,8.2,2,29,3,85.55555555555554,1
3,48.6,7.062146892655368,8.4,1,19,1,95.66666666666666,0
5,114.0,8.83977900552486,7.3,3,43,3,82.55555555555556,1
4,116.39999999999999,7.23404255319149,8.4,3,25,3,84.66666666666666,1
2,88.8,8.351063829787234,6.4,1,54,1,80.55555555555556,1
4,71.39999999999999,6.153846153846154,8.5,2,27,2,95.22222222222223,1
3,75.6,8.620689655172413,6.5,1,52,2,74.11111111111111,1
3,42.0,8.756756756756758,7.7,0,23,1,86.77777777777777,0
2,46.800000000000004,8.527918781725889,6.2,1,29,1,81.44444444444444,1
4,102.0,7.158469945355192,7.2,3,45,3,82.0,1
4,111.0,6.9714285714285715,8.0,3,50,3,91.44444444444444,1
3,79.2,9.440993788819876,6.5,1,21,2,74.11111111111111,1
3,42.0,6.546391752577319,6.3,2,49,1,74.0,1
2,50.4,8.633879781420765,7.8,0,35,1,91.33333333333334,0
3,89.4,6.76923076923077,7.7,1,36,2,84.77777777777777,1
2,55.800000000000004,7.062146892655368,6.3,3,26,1,75.0,1
5,108.0,8.950617283950617,8.2,0,57,3,87.55555555555554,1
5,115.8,6.030150753768844,8.5,0,50,3,85.22222222222223,1
4,111.0,7.371428571428571,7.5,3,50,3,88.66666666666667,1
3,50.4,7.305699481865285,8.5,1,36,1,91.22222222222223,0
2,51.0,8.47457627118644,7.1,1,33,1,80.44444444444444,1
4,87.6,7.291666666666666,7.7,3,28,2,91.77777777777777,1
4,65.4,8.793103448275861,8.1,3,28,2,83.0,1
2,71.39999999999999,8.042328042328041,6.5,0,52,1,74.11111111111111,1
3,85.19999999999999,9.337016574585634,6.1,1,47,1,74.88888888888889,2
4,99.0,8.352272727272727,6.9,3,36,3,87.33333333333334,1
3,45.0,9.352941176470589,6.5,3,48,1,75.11111111111111,1
3,58.199999999999996,8.373493975903614,8.4,0,50,1,90.66666666666666,0
2,68.39999999999999,7.760416666666666,6.2,2,42,1,77.44444444444444,1
4,85.19999999999999,6.717948717948717,6.8,0,47,2,78.77777777777777,2
4,84.6,8.695652173913043,7.2,1,35,2,89.0,1
3,82.2,7.914110429447852,7.2,0,21,2,86.0,1
3,34.8,10.0,7.2,3,59,1,88.0,0
3,70.19999999999999,8.068181818181818,7.8,0,43,1,92.33333333333334,1
4,85.19999999999999,8.580246913580247,8.1,2,22,2,86.0,1
3,68.39999999999999,9.515151515151516,6.5,1,42,2,83.11111111111111,1
4,76.8,6.898395721925134,6.6,1,58,2,78.66666666666666,1
4,112.8,6.9109947643979055,6.2,2,43,3,77.44444444444444,2
4,67.8,9.573170731707316,6.4,1,36,2,77.55555555555556,1
2,81.60000000000001,9.226519337016574,6.0,3,34,1,78.33333333333333,1
3,78.60000000000001,9.819277108433734,7.5,2,42,2,89.66666666666667,1
2,73.2,8.087431693989071,7.7,0,39,1,88.77777777777777,1
2,56.4,7.176470588235294,7.4,1,18,1,90.11111111111111,0
2,62.400000000000006,8.39572192513369,6.6,0,24,1,80.66666666666666,1
5,112.2,6.700507614213198,8.4,1,19,3,91.66666666666666,1
2,32.400000000000006,9.6,6.5,2,37,1,81.11111111111111,1
2,72.0,8.823529411764707,6.5,1,18,1,82.11111111111111,1
4,94.2,8.362573099415204,7.1,0,58,3,82.44444444444444,1
4,81.0,6.956521739130435,8.5,3,19,2,96.22222222222223,1
2,46.2,7.929292929292929,6.8,2,47,1,85.77777777777777,1
5,94.80000000000001,7.142857142857143,6.2,2,37,3,80.44444444444444,1
2,80.4,7.0769230769230775,8.1,0,22,1,94.0,1
4,105.6,8.700564971751412,7.7,2,24,3,89.77777777777777,1
4,63.6,7.679558011049724,6.4,0,53,2,80.55555555555556,1
4,81.60000000000001,7.272727272727273,8.1,1,55,2,86.0,1
5,119.4,7.210526315789474,8.4,3,56,3,95.66666666666666,1
2,88.8,8.351063829787234,7.1,2,54,1,84.44444444444444,1
4,91.2,6.9491525423728815,8.5,1,29,3,87.22222222222223,1
3,68.39999999999999,9.064327485380117,7.8,0,43,2,84.33333333333334,1
5,116.39999999999999,6.632124352331607,8.0,2,28,3,88.44444444444444,1
4,62.400000000000006,8.214285714285714,7.7,1,25,2,89.77777777777777,1
2,77.4,8.342857142857143,6.1,3,56,1,79.88888888888889,1
4,84.6,9.226190476190476,6.9,2,50,2,85.33333333333334,1
3,87.6,6.648936170212766,7.6,3,50,2,92.22222222222223,1
4,78.60000000000001,8.514285714285714,8.1,0,29,2,90.0,1
3,64.2,8.361581920903955,8.0,2,42,2,93.44444444444444,0
4,73.8,6.71957671957672,7.8,2,37,2,91.33333333333334,1
3,65.4,8.502673796791443,6.3,1,56,2,82.0,1
4,112.8,7.02247191011236,7.6,0,39,3,86.22222222222223,1
4,68.39999999999999,8.15028901734104,6.5,2,57,2,79.11111111111111,1
5,112.2,8.64864864864865,6.3,3,36,3,74.0,2
3,66.60000000000001,7.150259067357513,7.2,3,37,2,80.0,1
3,85.19999999999999,9.753086419753087,7.2,1,34,2,81.0,1
3,32.400000000000006,7.294117647058823,7.8,3,53,1,81.33333333333334,1
2,54.6,6.934673366834171,7.8,1,22,1,87.33333333333334,0
3,87.6,7.11764705882353,8.1,0,19,2,90.0,1
3,75.6,8.620689655172413,7.3,0,52,2,78.55555555555556,1
2,52.2,6.464646464646465,8.2,3,40,1,87.55555555555554,0
4,87.6,8.603351955307263,7.2,0,48,2,88.0,1
5,105.6,7.857142857142857,7.1,0,54,3,85.44444444444444,1
5,95.4,9.285714285714286,6.0,0,56,3,71.33333333333333,2
3,62.400000000000006,8.47560975609756,8.3,3,22,1,85.11111111111111,1
5,99.0,9.0625,6.5,1,29,3,74.11111111111111,2
2,39.6,7.0769230769230775,8.2,3,56,1,91.55555555555554,0
2,82.2,8.882978723404255,6.7,3,55,1,76.22222222222223,1
4,88.8,7.225130890052355,6.0,3,52,2,75.33333333333333,2
2,47.400000000000006,9.580838323353294,6.2,2,20,1,73.44444444444444,1
3,70.19999999999999,8.268156424581006,7.7,2,52,1,87.77777777777777,1
3,61.800000000000004,7.5,5.9,1,37,2,79.77777777777777,1
4,88.2,8.421052631578947,8.1,0,25,2,85.0,1
2,46.2,7.929292929292929,7.8,0,47,1,91.33333333333334,0
3,66.60000000000001,7.4074074074074066,7.6,2,37,2,81.22222222222223,1
2,73.2,8.121546961325967,6.6,0,42,1,74.66666666666666,1
3,79.2,9.440993788819876,7.2,0,21,2,78.0,1
2,60.0,7.849462365591398,7.2,1,21,1,80.0,1
3,86.39999999999999,9.464285714285714,6.1,0,47,2,80.88888888888889,1
3,82.2,8.372093023255815,7.1,2,45,1,88.44444444444444,1
2,34.8,6.881720430107528,7.3,1,32,1,89.55555555555556,0
4,76.8,6.701030927835051,6.4,0,44,2,79.55555555555556,1
2,60.6,9.281767955801104,8.2,1,58,1,87.55555555555554,0
2,59.4,8.934911242603551,6.6,3,43,1,82.66666666666666,1
4,71.39999999999999,7.015706806282722,6.6,3,55,2,75.66666666666666,1
4,89.4,6.836158192090396,6.0,2,31,2,80.33333333333333,1
3,73.2,7.704918032786885,8.5,1,40,2,96.22222222222223,1
3,87.6,8.895348837209303,6.4,1,18,2,83.55555555555556,1
4,81.0,9.0,6.1,3,22,2,83.88888888888889,1
2,81.60000000000001,8.023952095808383,7.2,0,34,1,87.0,1
2,44.4,6.532663316582915,6.6,3,38,1,77.66666666666666,1
3,75.0,6.7539267015706805,7.5,3,33,1,81.66666666666667,1
4,93.0,8.58695652173913,8.0,3,40,3,92.44444444444444,1
4,94.2,9.651162790697676,8.0,2,57,3,89.44444444444444,1
2,85.19999999999999,7.180851063829787,6.0,2,25,1,73.33333333333333,2
4,82.2,6.875,7.7,0,34,2,91.77777777777777,1
2,69.0,7.802197802197802,6.9,3,26,1,80.33333333333334,1
4,61.2,6.8449197860962565,6.6,2,35,2,79.66666666666666,1
2,46.2,7.647058823529411,6.9,0,41,1,82.33333333333334,1
3,65.4,7.625,7.9,2,43,1,81.88888888888889,1
3,87.6,7.664670658682635,6.1,2,59,1,74.88888888888889,2
2,88.2,7.788944723618091,6.6,3,51,1,74.66666666666666,2
4,78.60000000000001,8.514285714285714,6.1,3,29,2,78.88888888888889,1
4,64.2,8.84393063583815,7.7,0,50,2,92.77777777777777,1
3,80.4,8.713450292397662,7.2,1,53,2,81.0,1
3,82.8,10.0,6.3,3,56,2,74.0,1
3,83.39999999999999,7.873563218390805,6.5,1,32,2,74.11111111111111,1
3,86.39999999999999,7.878787878787879,7.2,3,57,2,88.0,1
2,44.4,7.176470588235294,7.2,2,58,1,85.0,1
3,84.0,10.0,7.6,3,59,2,91.22222222222223,1
2,49.199999999999996,7.76595744680851,6.1,1,41,1,75.88888888888889,1
3,34.199999999999996,7.771739130434783,6.5,2,32,1,76.11111111111111,1
5,109.80000000000001,8.571428571428571,7.3,3,46,3,86.55555555555556,1
4,81.0,7.857142857142857,6.1,1,20,2,72.88888888888889,1
3,79.2,9.761904761904761,6.6,1,28,2,78.66666666666666,1
3,80.4,8.713450292397662,7.2,3,53,2,81.0,1
2,70.19999999999999,7.664670658682635,7.1,3,39,1,77.44444444444444,1
3,41.4,7.386363636363637,6.5,3,53,1,86.11111111111111,1
4,81.60000000000001,7.796610169491526,8.1,1,22,2,91.0,1
4,66.60000000000001,8.083832335329342,7.4,2,51,2,84.11111111111111,1
3,89.4,7.417582417582418,6.3,1,28,2,73.0,1
3,48.6,6.793478260869565,7.2,3,26,1,84.0,1
3,87.6,8.777777777777779,6.5,3,45,1,82.11111111111111,1
2,58.199999999999996,6.758241758241759,6.6,3,37,1,77.66666666666666,1
4,103.2,8.869047619047619,7.3,1,38,3,84.55555555555556,1
4,69.6,8.909090909090908,7.9,3,46,2,93.88888888888889,1
3,66.0,7.373737373737374,6.0,2,32,2,83.33333333333333,1
3,84.6,8.596491228070175,6.5,0,46,1,81.11111111111111,1
3,66.0,7.373737373737374,7.1,2,32,2,89.44444444444444,1
4,116.39999999999999,7.958115183246073,8.4,1,21,3,94.66666666666666,1
3,77.4,7.3770491803278695,6.3,1,33,2,78.0,1
4,77.4,7.543859649122807,6.5,3,54,2,85.11111111111111,1
4,61.800000000000004,7.222222222222222,6.0,0,35,2,74.33333333333333,1
3,73.8,7.636363636363637,7.8,3,36,1,90.33333333333334,1
2,47.400000000000006,9.580838323353294,7.8,3,20,1,82.33333333333334,1
3,67.8,7.461928934010152,6.0,2,28,2,71.33333333333333,1
2,55.2,7.368421052631579,7.1,0,50,1,79.44444444444444,1
4,118.2,9.705882352941176,7.8,1,24,3,92.33333333333334,1
3,81.60000000000001,7.4603174603174605,7.9,2,52,1,92.88888888888889,1
3,82.8,8.77659574468085,6.2,0,42,2,81.44444444444444,1
2,38.4,6.735751295336787,6.0,2,34,1,72.33333333333333,1
3,36.0,9.010989010989011,6.2,1,18,1,75.44444444444444,1
5,112.2,7.664670658682635,7.1,1,41,3,86.44444444444444,1
2,83.39999999999999,8.88888888888889,8.4,1,57,1,85.66666666666666,1
4,71.39999999999999,6.153846153846154,8.1,2,27,2,93.0,1
2,85.19999999999999,7.180851063829787,6.6,2,25,1,76.66666666666666,2
3,75.6,8.81081081081081,8.4,1,50,1,84.66666666666666,1
2,68.39999999999999,10.0,8.2,2,51,1,93.55555555555554,1
4,76.2,9.08108108108108,6.3,3,19,2,77.0,1
4,91.2,6.9491525423728815,5.8,0,29,3,72.22222222222223,2
3,84.6,8.4472049689441,8.2,2,34,2,91.55555555555554,1
4,69.6,7.687861271676301,7.2,3,50,2,78.0,1
5,96.60000000000001,9.6875,6.2,0,30,3,78.44444444444444,2
2,48.0,7.865168539325843,8.4,0,38,1,84.66666666666666,1
3,62.400000000000006,8.47560975609756,6.5,2,22,1,75.11111111111111,1
4,84.6,8.61111111111111,7.2,2,54,2,80.0,2
4,84.6,8.61111111111111,6.0,3,54,2,73.33333333333333,2
2,53.4,6.802030456852792,6.0,1,23,1,71.33333333333333,1
4,112.8,7.02020202020202,6.5,2,26,3,82.11111111111111,1
2,30.6,6.684491978609626,7.3,0,23,1,80.55555555555556,1
3,75.6,9.378881987577639,6.6,3,21,1,86.66666666666666,1
2,84.6,8.615384615384617,6.2,1,18,1,72.44444444444444,2
3,82.8,10.0,7.1,0,56,2,78.44444444444444,1
3,90.0,7.647058823529411,7.7,1,43,2,81.77777777777777,1
4,99.0,9.823529411764705,6.4,3,32,3,75.55555555555556,2
3,50.4,7.267441860465116,7.2,0,18,1,84.0,1
3,69.0,7.393939393939394,6.7,3,25,2,81.22222222222223,1
3,76.8,6.410256410256411,7.4,0,32,1,84.11111111111111,1
3,86.39999999999999,9.135802469135802,6.6,0,45,1,77.66666666666666,2
3,90.0,7.647058823529411,6.5,2,43,2,75.11111111111111,1
3,81.60000000000001,8.092485549132949,6.3,0,47,1,73.0,1
5,92.4,8.452380952380953,7.2,0,54,3,84.0,1
3,52.8,7.72972972972973,7.4,2,46,1,88.11111111111111,0
5,107.4,7.727272727272727,7.6,0,40,3,87.22222222222223,1
3,81.60000000000001,7.248677248677248,7.3,0,32,2,78.55555555555556,1
3,53.4,7.923497267759563,6.0,2,50,1,71.33333333333333,1
4,96.0,7.731958762886598,8.1,0,23,3,83.0,1
2,49.8,8.223350253807107,7.1,3,19,1,77.44444444444444,1
4,61.800000000000004,8.0,8.5,2,35,2,94.22222222222223,1
2,84.0,7.513812154696132,6.3,1,19,1,76.0,1
3,75.6,9.378881987577639,8.5,0,21,1,97.22222222222223,1
3,30.6,7.374301675977653,7.7,3,47,1,90.77777777777777,0
3,34.199999999999996,8.196721311475411,6.3,1,59,1,85.0,1
2,55.800000000000004,6.951871657754011,6.1,2,52,1,78.88888888888889,1
2,78.0,7.292817679558011,8.0,1,21,1,82.44444444444444,1
3,87.6,6.597938144329897,7.2,0,49,1,83.0,1
4,100.19999999999999,6.683417085427136,7.3,3,45,3,86.55555555555556,1
4,96.0,7.731958762886598,8.1,2,23,3,83.0,1
2,60.0,8.0625,7.1,2,56,1,85.44444444444444,1
4,69.6,8.909090909090908,6.1,0,46,2,83.88888888888889,1
3,65.4,6.810810810810811,6.2,0,56,2,72.44444444444444,1
3,87.6,6.597938144329897,7.8,2,49,1,86.33333333333334,1
4,60.6,7.663043478260869,6.6,3,56,2,76.66666666666666,1
5,100.19999999999999,9.880239520958083,6.0,1,43,3,83.33333333333333,1
5,97.2,9.053254437869821,7.7,2,27,3,92.77777777777777,1
5,105.6,8.333333333333334,8.3,3,34,3,96.11111111111111,1
3,63.0,8.225806451612904,7.6,0,57,2,89.22222222222223,0
5,108.0,7.701863354037267,6.2,2,31,3,72.44444444444444,2
3,84.6,8.596491228070175,6.2,3,46,1,79.44444444444444,2
3,63.6,6.891191709844559,6.2,2,21,1,81.44444444444444,1
5,106.2,8.636363636363637,7.2,0,56,3,87.0,1
2,39.6,7.0769230769230775,7.8,2,56,1,89.33333333333334,0
3,72.0,6.161616161616161,7.2,3,29,2,80.0,1
2,32.400000000000006,7.528735632183908,7.8,0,37,1,89.33333333333334,0
3,34.199999999999996,7.704918032786885,8.1,0,31,1,87.0,0
2,53.4,8.206521739130434,7.7,1,39,1,85.77777777777777,1
4,101.39999999999999,6.968085106382978,7.2,1,54,3,83.0,1
5,115.8,7.258883248730964,7.1,2,40,3,78.44444444444444,2
2,79.80000000000001,8.620689655172413,6.0,1,43,1,79.33333333333333,1
3,82.2,8.88888888888889,6.6,1,30,2,84.66666666666666,1
3,52.2,7.514450867052023,8.5,1,40,1,92.22222222222223,0
3,81.60000000000001,8.91891891891892,6.5,2,52,2,81.11111111111111,1
2,72.0,8.823529411764707,6.6,2,18,1,82.66666666666666,1
4,104.4,7.017543859649122,6.0,2,54,3,79.33333333333333,2
3,67.8,6.947368421052632,6.0,1,34,1,81.33333333333333,1
3,81.60000000000001,7.988826815642458,7.2,3,20,2,86.0,1
4,71.39999999999999,8.78048780487805,7.3,0,38,2,86.55555555555556,1
3,52.2,7.514450867052023,6.8,1,40,1,82.77777777777777,1
4,87.0,8.322981366459627,6.1,0,43,2,82.88888888888889,1
3,67.2,9.76878612716763,6.1,2,58,1,73.88888888888889,1
3,33.0,8.586387434554974,6.4,0,54,1,84.55555555555556,1
3,88.2,8.876404494382022,6.0,0,34,1,73.33333333333333,2
4,72.0,6.315789473684211,7.7,2,29,2,86.77777777777777,1
4,70.8,8.478260869565217,5.9,2,40,2,73.77777777777777,1
2,49.8,8.223350253807107,7.3,1,19,1,78.55555555555556,1
2,54.6,7.754010695187166,8.1,0,20,1,85.0,1
5,108.0,8.950617283950617,8.4,1,57,3,88.66666666666666,1
3,87.0,6.512820512820513,7.7,0,32,1,91.77777777777777,1
4,67.8,8.081395348837209,7.7,1,41,2,80.77777777777777,1
4,102.6,6.111111111111112,7.8,2,21,3,88.33333333333334,1
4,84.6,7.831325301204819,6.6,3,30,2,86.66666666666666,1
4,88.8,8.870056497175142,6.5,2,43,2,81.11111111111111,1
4,77.4,8.170731707317072,7.2,0,28,2,84.0,1
2,87.0,8.0,6.1,0,45,1,71.88888888888889,2
4,112.2,9.876543209876543,6.0,3,49,3,81.33333333333333,1
3,84.6,8.4472049689441,8.0,3,34,2,90.44444444444444,1
4,82.8,6.544502617801047,6.1,2,58,2,73.88888888888889,1
3,80.4,8.96551724137931,8.1,2,25,2,90.0,1
2,36.6,7.554347826086957,6.1,0,42,1,82.88888888888889,1
3,66.0,8.324324324324325,6.6,0,28,2,83.66666666666666,1
4,88.2,8.956043956043956,7.2,3,23,2,88.0,1
3,76.2,6.0606060606060606,6.4,2,40,2,76.55555555555556,1
5,115.8,6.907216494845361,6.0,2,26,3,81.33333333333333,1
3,72.0,6.161616161616161,7.8,0,29,2,83.33333333333334,1
3,36.0,9.010989010989011,7.8,0,18,1,84.33333333333334,1
2,49.8,8.223350253807107,6.6,0,19,1,74.66666666666666,1
4,67.8,7.653631284916202,7.1,2,40,2,83.44444444444444,1
5,112.2,7.664670658682635,6.3,2,41,3,82.0,1
3,55.800000000000004,8.797814207650273,7.4,2,49,1,86.11111111111111,1
2,69.0,7.802197802197802,6.6,0,26,1,78.66666666666666,1
3,84.6,6.180904522613066,7.2,0,27,2,86.0,1
2,72.0,8.823529411764707,7.8,3,18,1,89.33333333333334,1
2,75.0,9.333333333333334,6.1,1,30,1,78.88888888888889,1
3,82.8,6.721311475409836,7.2,0,22,1,87.0,1
3,74.4,9.512195121951219,6.3,3,49,2,74.0,1
5,107.4,7.637362637362637,7.9,1,50,3,81.88888888888889,1
4,81.0,9.0,8.0,3,22,2,94.44444444444444,1
5,108.60000000000001,8.524590163934425,6.7,0,48,3,82.22222222222223,1
3,53.4,8.8125,8.5,1,25,1,93.22222222222223,0
3,60.6,7.4074074074074066,7.7,3,48,2,90.77777777777777,0
4,89.4,7.461139896373057,7.8,1,25,2,91.33333333333334,1
5,94.80000000000001,6.451612903225806,7.1,1,33,3,77.44444444444444,2
2,84.6,8.615384615384617,7.7,1,18,1,80.77777777777777,1
4,85.19999999999999,7.283236994219653,7.7,0,42,2,91.77777777777777,1
2,55.800000000000004,6.581632653061225,7.1,3,52,1,81.44444444444444,1
4,76.8,8.36734693877551,8.1,1,35,2,87.0,1
5,108.0,7.321428571428571,7.7,2,36,3,80.77777777777777,1
3,38.4,8.404255319148938,6.2,2,38,1,78.44444444444444,1
4,60.6,8.054054054054054,8.0,1,57,2,84.44444444444444,1
4,81.0,7.857142857142857,7.3,2,20,2,79.55555555555556,1
4,81.60000000000001,7.034883720930233,6.0,2,48,2,82.33333333333333,1
4,92.4,6.793478260869565,7.2,3,31,3,79.0,2
4,61.2,7.445652173913043,8.2,3,31,2,86.55555555555554,1
3,88.8,8.258426966292134,7.8,0,47,2,91.33333333333334,1
5,112.2,7.865853658536586,6.0,0,23,3,79.33333333333333,2
4,109.2,8.4375,6.2,1,27,3,82.44444444444444,1
5,98.39999999999999,7.135135135135135,6.5,1,38,3,78.11111111111111,2
4,68.39999999999999,6.387434554973822,6.0,3,49,2,83.33333333333333,1
3,30.6,8.695652173913043,7.8,0,22,1,90.33333333333334,0
2,64.80000000000001,6.892655367231638,6.0,2,20,1,76.33333333333333,1
4,82.8,6.902173913043478,7.8,1,37,2,81.33333333333334,1
2,30.6,8.695652173913043,7.3,2,32,1,88.55555555555556,0
3,81.0,9.176470588235293,8.0,3,25,2,90.44444444444444,1
5,91.2,8.135593220338983,7.2,2,57,3,79.0,2
3,61.800000000000004,9.314285714285713,7.7,2,43,1,86.77777777777777,0
2,81.0,6.0606060606060606,7.5,2,23,1,80.66666666666667,1
2,67.8,7.237569060773481,8.2,1,39,1,85.55555555555554,1
3,64.2,7.586206896551724,6.0,3,21,2,72.33333333333333,1
3,90.0,7.647058823529411,8.4,2,43,2,85.66666666666666,1
3,33.0,8.586387434554974,8.0,3,54,1,93.44444444444444,0
4,62.400000000000006,7.409638554216867,6.0,2,41,2,74.33333333333333,1
4,109.2,8.4375,5.9,2,27,3,80.77777777777777,1
4,61.2,8.115183246073299,6.6,3,22,2,77.66666666666666,1
4,61.800000000000004,7.826086956521739,8.1,2,31,2,92.0,1
4,69.0,8.24468085106383,8.4,2,57,2,95.66666666666666,1
4,61.800000000000004,7.514450867052023,7.1,2,55,2,84.44444444444444,1
5,92.4,8.452380952380953,7.1,3,54,3,83.44444444444444,1
2,48.6,8.241206030150753,6.7,2,34,1,81.22222222222223,1
2,34.8,6.881720430107528,7.4,2,32,1,90.11111111111111,0
3,58.199999999999996,6.512820512820513,6.2,1,39,1,76.44444444444444,1
2,83.39999999999999,8.88888888888889,7.9,3,57,1,82.88888888888889,1
3,78.0,7.164948453608248,6.0,1,53,2,76.33333333333333,1
2,84.0,8.636363636363637,8.2,1,44,1,88.55555555555554,1
3,79.2,7.747252747252747,8.0,1,50,1,90.44444444444444,1
3,84.6,8.596491228070175,6.7,1,46,1,82.22222222222223,1
3,87.6,7.11764705882353,8.0,3,19,2,89.44444444444444,1
2,56.4,7.176470588235294,7.2,1,18,1,89.0,0
2,55.800000000000004,6.581632653061225,8.0,0,52,1,86.44444444444444,0
