sleep_duration,sleep_quality,stress_level,resting_hr,active_hr,steps,hydration,soreness_level,age,bmi,recovery_score,data_source
8.316666666666666,90.0,30.0,50.0,87.11576011157601,8758.0,8.8,3.528668706330073,18.0,45.14,74.65579682790133,real_fitbit_joined
6.0,80.0,50.0,61.0,123.0,5000.0,6.4,7.232791883833972,36.0,15.59,62.18525683605985,independent_sample
7.25,90.0,30.0,46.0,93.39894636015326,7401.0,10.0,9.726261649881026,46.0,33.38,63.398140921597424,real_fitbit_joined
8.0,50.0,70.0,61.0,120.0,7000.0,10.0,5.919194278290654,21.0,19.11,64.92958224644354,independent_sample
6.1,70.0,60.0,51.0,128.0,10000.0,8.4,6.031533564519419,54.0,30.34,60.40467701627474,independent_sample
6.883333333333334,80.0,40.0,57.0,94.58590511285122,8921.0,10.0,5.2716778817483245,52.0,21.53,69.64929123378725,real_fitbit_joined
7.2,90.0,30.0,65.0,136.0,7000.0,8.4,4.454549947404815,55.0,21.34,73.15924737434824,independent_sample
7.1,60.0,70.0,67.0,142.0,6000.0,10.0,6.9083074659835235,25.0,16.14,64.12408259924756,independent_sample
7.8,80.0,40.0,72.0,157.0,8000.0,10.0,1.4520341031757638,49.0,39.3,81.8658985350043,independent_sample
7.9,60.0,80.0,51.0,168.0,8000.0,10.0,6.666019272025629,45.0,16.5,60.522993535487096,independent_sample
8.75,80.0,40.0,46.0,94.05631067961166,7439.0,10.0,3.873822738313734,35.0,25.39,73.38928002101586,real_fitbit_joined
6.2,60.0,80.0,54.0,167.0,10000.0,10.0,6.931408691190091,23.0,16.8,58.412555273557324,independent_sample
7.7,70.0,50.0,50.0,158.0,8000.0,8.4,4.34950321453762,54.0,28.68,75.28057461664142,independent_sample
9.15,90.0,30.0,43.0,113.4781433077963,12231.0,9.6,5.68276930813414,19.0,34.12,71.63839141611264,real_fitbit_joined
7.85,90.0,30.0,48.0,79.84838350055742,9603.0,10.0,7.938209833712397,56.0,15.07,66.54129159730273,real_fitbit_joined
7.083333333333333,40.0,80.0,60.0,109.83325902808738,10725.0,8.0,3.8454049447907543,50.0,18.12,65.28169944941679,real_fitbit_joined
8.8,80.0,50.0,60.0,74.5631067961165,1229.0,10.0,7.273141668957412,36.0,33.17,69.2759624279626,real_fitbit_joined
6.5,90.0,30.0,68.0,149.0,6000.0,10.0,7.788384760123204,35.0,25.39,66.82149527082935,independent_sample
7.3,60.0,70.0,59.0,138.0,8000.0,8.0,2.3934575133794787,38.0,30.43,74.34555082757463,independent_sample
7.1,60.0,80.0,73.0,162.0,7000.0,10.0,3.2590124493607022,18.0,18.12,66.31337697607472,independent_sample
4.083333333333333,70.0,40.0,65.0,97.97114118069692,7476.0,8.4,8.284250399306622,54.0,30.34,55.134256894230724,real_fitbit_joined
7.416666666666667,70.0,60.0,61.0,87.92023065833733,10129.0,6.4,3.178497443603504,37.0,25.73,74.14761562510822,real_fitbit_joined
5.8,80.0,40.0,58.0,165.0,5200.0,10.0,8.13935215394429,26.0,29.61,60.26224425883188,independent_sample
6.5,60.0,70.0,53.0,128.0,6000.0,6.8,4.291126734352342,21.0,28.03,63.15235898153507,independent_sample
6.4,90.0,30.0,68.0,168.0,4100.0,10.0,9.556954369582042,39.0,19.41,56.67153430958441,independent_sample
10.966666666666667,80.0,40.0,62.0,89.42219541616406,3365.0,8.8,6.697913115459412,22.0,15.72,86.17918076169593,real_fitbit_joined
7.1,80.0,60.0,58.0,93.51746132993144,2993.0,10.0,9.769553268995498,57.0,22.14,55.447507403397786,real_fitbit_joined
8.316666666666666,60.0,70.0,61.0,98.68643439584878,4853.0,8.4,8.178031905734693,23.0,13.36,64.93611661988201,real_fitbit_joined
7.9,70.0,60.0,54.0,156.0,8000.0,10.0,1.9482843002577082,58.0,35.82,77.29035659832884,independent_sample
10.0,60.0,80.0,62.0,100.16905311778291,9592.0,9.2,6.606699252071345,25.0,29.71,71.58577683665776,real_fitbit_joined
6.3,90.0,30.0,60.0,127.0,6000.0,10.0,1.562118342571643,56.0,31.84,77.49539098084536,independent_sample
6.2,60.0,70.0,61.0,129.0,5000.0,6.4,2.6752230797801313,25.0,23.75,66.27974325399266,independent_sample
8.4,60.0,80.0,49.0,104.61335740072202,8869.0,6.0,2.628792574385408,33.0,23.78,72.20774961888311,real_fitbit_joined
7.8,90.0,30.0,50.0,142.0,8000.0,10.0,3.5999644501824912,29.0,20.63,73.04315893984116,independent_sample
6.0,80.0,40.0,68.0,149.0,5000.0,10.0,8.758130340453603,58.0,37.56,58.554391534889014,independent_sample
6.5,80.0,50.0,65.0,129.0,6000.0,10.0,8.23134468967196,56.0,38.73,58.84140284912153,independent_sample
7.516666666666667,80.0,50.0,48.0,71.66283924843424,4363.0,10.0,5.265654762365851,26.0,28.49,62.36958341360389,real_fitbit_joined
6.4,80.0,50.0,68.0,148.0,6000.0,8.8,7.842608408099215,20.0,28.31,56.95932884232093,independent_sample
6.666666666666667,40.0,80.0,56.0,74.95350172215844,9632.0,10.0,7.443750059626578,27.0,25.54,55.503515372906385,real_fitbit_joined
8.3,90.0,30.0,68.0,126.0,5000.0,8.8,5.710518202369298,21.0,17.44,74.93350429152717,independent_sample
8.0,80.0,50.0,58.0,148.0,7000.0,10.0,5.919833981690096,32.0,22.96,69.87021092432609,independent_sample
2.05,90.0,30.0,67.0,138.01760563380282,6543.0,10.0,3.565856518244624,57.0,34.18,63.78425642822864,real_fitbit_joined
7.116666666666666,80.0,40.0,64.0,92.64671532846715,2121.0,10.0,7.373548797807534,23.0,29.46,64.60264570261683,real_fitbit_joined
6.583333333333333,90.0,30.0,61.0,93.12085944494181,10114.0,10.0,1.4664118314018422,26.0,31.64,84.5372414764032,real_fitbit_joined
6.0,60.0,80.0,68.0,152.0,10000.0,10.0,9.554132535177661,51.0,15.51,52.60443773988757,independent_sample
6.0,80.0,50.0,53.0,121.0,10000.0,10.0,4.077147502949413,31.0,17.7,72.83690940967318,independent_sample
6.95,90.0,30.0,67.0,100.44439617723718,15459.0,10.0,1.4180537144799796,53.0,27.18,80.72797474769591,real_fitbit_joined
7.016666666666667,60.0,80.0,52.0,83.76093023255814,10553.0,8.4,2.3350888086587998,37.0,21.84,69.44985636110971,real_fitbit_joined
7.3,80.0,50.0,65.0,161.0,5000.0,7.6,3.0914589075044305,48.0,26.58,76.39365715439371,independent_sample
7.8,60.0,80.0,70.0,137.0,8000.0,8.4,5.04765858205486,27.0,27.57,67.55438629725117,independent_sample
6.516666666666667,70.0,60.0,55.0,91.00980872976949,4068.0,9.6,9.287851604786319,41.0,26.33,51.99124872298095,real_fitbit_joined
6.1,40.0,80.0,54.0,126.0,10000.0,8.4,9.171089144016575,51.0,16.86,50.87306257355367,independent_sample
6.1,60.0,80.0,52.0,127.0,5000.0,9.2,9.978654676619408,29.0,21.49,47.482728390526425,independent_sample
7.6,80.0,50.0,55.0,153.0,8000.0,9.6,4.765004776920521,50.0,18.24,71.66956588140067,independent_sample
7.1,60.0,70.0,60.0,159.0,7000.0,10.0,6.413984913698417,52.0,23.97,61.522057054328236,independent_sample
8.4,80.0,50.0,64.0,158.0,5000.0,10.0,5.35066692375832,23.0,44.84,76.07176586095272,independent_sample
7.266666666666667,70.0,70.0,59.0,85.63649706457926,5980.0,10.0,7.098079256580542,50.0,32.69,59.35392201020005,real_fitbit_joined
7.2,70.0,60.0,54.0,147.0,7300.0,8.0,9.665293213666233,38.0,30.43,52.002179903587766,independent_sample
7.333333333333333,70.0,60.0,59.0,116.14836396234872,12627.0,6.4,5.855421631378035,50.0,26.9,61.86268363544816,real_fitbit_joined
6.583333333333333,60.0,70.0,61.0,93.12085944494181,10114.0,10.0,9.9741205014194,29.0,31.63,49.953468839756304,real_fitbit_joined
5.9,60.0,80.0,67.0,120.0,10000.0,8.0,1.1631163694115676,52.0,28.28,69.5503220231689,independent_sample
1.1666666666666667,70.0,60.0,68.0,122.81468531468532,16806.0,10.0,7.122054181881622,23.0,29.46,42.46445084764555,real_fitbit_joined
7.7,60.0,70.0,68.0,162.0,8000.0,9.2,7.067172659824567,36.0,23.76,62.84565953021505,independent_sample
7.45,60.0,80.0,53.0,70.48880597014926,4249.0,10.0,9.073992339573193,53.0,27.18,50.68261870337127,real_fitbit_joined
7.2,60.0,80.0,53.0,161.0,7000.0,10.0,9.95893764572179,32.0,24.87,47.21707558800354,independent_sample
6.333333333333333,60.0,80.0,66.0,103.73809523809524,14450.0,9.2,5.5529981099601935,27.0,24.44,55.42842147494625,real_fitbit_joined
1.9166666666666667,70.0,70.0,57.0,85.14752724224644,3428.0,6.8,4.733375521038987,26.0,25.73,45.986115321080156,real_fitbit_joined
7.1,80.0,40.0,56.0,141.0,7000.0,10.0,1.6151788027896274,29.0,23.53,76.74736888164189,independent_sample
7.8,60.0,70.0,59.0,148.0,8000.0,9.6,8.351015198550725,50.0,21.67,58.81197155397197,independent_sample
7.9,70.0,40.0,60.0,107.34586466165413,10449.0,9.2,4.373835215713337,54.0,44.66,79.92279255729164,real_fitbit_joined
7.066666666666666,90.0,30.0,63.0,93.71524163568773,1467.0,9.6,1.2632255473110323,19.0,17.16,84.6580785486162,real_fitbit_joined
7.8,70.0,40.0,69.0,135.0,8000.0,6.4,8.592846976466413,50.0,26.9,61.92383138934405,independent_sample
1.05,60.0,80.0,66.0,112.48849441157134,14100.0,10.0,9.034045399692774,29.0,32.51,35.190941653896715,real_fitbit_joined
5.366666666666666,80.0,50.0,56.0,94.87579329102448,11682.0,10.0,3.360376398698426,23.0,23.78,67.28954231177805,real_fitbit_joined
7.983333333333333,60.0,80.0,58.0,95.17008387698043,7238.0,10.0,7.045306159652711,45.0,20.83,64.45127312416217,real_fitbit_joined
8.0,90.0,30.0,58.0,90.0301568154403,4592.0,6.8,8.767930832880342,26.0,28.87,69.73917564976149,real_fitbit_joined
7.8,60.0,60.0,72.0,144.0,8000.0,10.0,2.561720634878578,50.0,31.75,71.20335948855463,independent_sample
8.0,90.0,30.0,53.0,142.0,7500.0,9.2,6.490066753715372,28.0,26.47,73.79288353959798,independent_sample
8.0,80.0,50.0,65.0,122.0,7000.0,6.8,1.4498112579371085,54.0,16.09,83.7020104046889,independent_sample
7.6,80.0,40.0,72.0,152.0,6800.0,8.8,8.244900997126928,34.0,25.11,66.90250624783744,independent_sample
7.366666666666666,90.0,30.0,60.0,108.70009033423668,10147.0,10.0,3.7713694743207182,28.0,27.43,71.00805102051936,real_fitbit_joined
6.5,60.0,80.0,61.0,165.0,6000.0,10.0,2.718339265644792,34.0,34.92,69.3257207529841,independent_sample
6.0,50.0,70.0,54.0,131.0,10000.0,10.0,9.676705748410974,46.0,33.38,45.626913215725374,independent_sample
8.5,60.0,80.0,58.0,148.0,5000.0,8.0,5.59389240103809,41.0,23.94,69.10699910704818,independent_sample
1.9166666666666667,60.0,80.0,57.0,85.14752724224644,3428.0,10.0,6.929969232093915,36.0,25.23,43.67590174810835,real_fitbit_joined
7.783333333333333,70.0,50.0,61.0,92.21968616262482,10352.0,8.0,1.3538092585698904,52.0,26.46,85.88724016871775,real_fitbit_joined
7.7,60.0,80.0,60.0,155.0,8000.0,10.0,4.194321947893091,52.0,23.79,64.34522205694624,independent_sample
6.3,80.0,60.0,50.0,167.0,6000.0,8.8,7.263092063519222,53.0,21.26,53.03060089813597,independent_sample
6.4,90.0,30.0,69.0,137.0,4100.0,10.0,4.11489753884007,41.0,23.62,74.32580441578854,independent_sample
6.916666666666667,70.0,70.0,54.0,81.11024007839295,1831.0,10.0,9.761400722596573,38.0,12.67,55.04413818788901,real_fitbit_joined
6.5,60.0,70.0,50.0,121.0,6000.0,9.2,4.796453606849482,45.0,38.78,59.59155886055787,independent_sample
6.866666666666666,70.0,40.0,48.0,109.7082774049217,12363.0,10.0,7.243140032033398,57.0,26.46,63.8466412820702,real_fitbit_joined
6.3,70.0,40.0,68.0,138.0,6000.0,10.0,4.9528954112474555,29.0,24.64,71.2570449160545,independent_sample
7.816666666666666,70.0,60.0,62.0,116.25631768953069,15448.0,9.2,7.989371675125676,22.0,32.24,65.26370223234989,real_fitbit_joined
8.0,70.0,60.0,61.0,157.0,7000.0,8.8,9.00215131546009,46.0,24.34,59.02773583228488,independent_sample
6.4,60.0,80.0,61.0,167.0,6000.0,9.2,7.64082566705377,33.0,23.2,56.13020300305432,independent_sample
6.1,80.0,40.0,57.0,128.0,4200.0,10.0,7.217955788957405,20.0,21.48,66.21369849496575,independent_sample
4.966666666666667,60.0,80.0,62.0,91.87692307692308,6815.0,8.4,9.010048076358096,50.0,30.63,46.56410719075048,real_fitbit_joined
7.7,60.0,80.0,66.0,135.0,8000.0,10.0,9.826654092250864,55.0,27.58,57.03138326361258,independent_sample
6.3,80.0,50.0,54.0,132.0,6000.0,10.0,1.6577340582431348,26.0,23.84,74.38262383975719,independent_sample
7.1,60.0,80.0,55.0,150.0,7000.0,10.0,7.498638443824634,40.0,21.26,59.58465322284186,independent_sample
7.9,60.0,80.0,54.0,131.0,8000.0,6.4,5.396460693939148,45.0,25.23,61.90087360464503,independent_sample
6.1,80.0,40.0,52.0,127.0,10000.0,9.6,2.065025718310486,29.0,29.89,74.23628091949222,independent_sample
8.516666666666667,60.0,80.0,73.0,97.04672897196262,7018.0,10.0,2.349256846138964,35.0,25.39,71.18474090119793,real_fitbit_joined
6.75,60.0,70.0,60.0,87.72509578544062,7804.0,8.8,4.480618116704837,50.0,20.11,65.71727694308572,real_fitbit_joined
7.2,60.0,80.0,63.0,169.0,8000.0,10.0,6.691521918955487,31.0,18.79,58.732809268463285,independent_sample
7.6,70.0,60.0,69.0,126.0,8000.0,10.0,3.249612517578591,54.0,17.63,75.19331005148022,independent_sample
7.6,80.0,50.0,67.0,139.0,8000.0,10.0,7.017153820506227,50.0,31.14,66.40564683615064,independent_sample
8.1,80.0,50.0,55.0,154.0,5000.0,9.6,1.5627366616856118,42.0,20.62,77.29621553617025,independent_sample
7.7,70.0,60.0,58.0,149.0,8000.0,10.0,1.5836823503467152,27.0,36.95,79.11519010995163,independent_sample
7.8,90.0,30.0,74.0,139.0,8000.0,10.0,9.636189798889301,54.0,29.17,63.18037985089206,independent_sample
6.533333333333333,90.0,30.0,49.0,106.66451458632234,12087.0,10.0,3.8987124902486046,39.0,19.41,71.883883549058,real_fitbit_joined
7.95,70.0,70.0,49.0,117.00041101520756,8596.0,10.0,7.593148874892252,23.0,23.77,61.60006703331606,real_fitbit_joined
8.466666666666667,90.0,30.0,63.0,79.66167355371901,1551.0,8.8,7.361716094628554,56.0,33.97,78.27827345958335,real_fitbit_joined
7.25,70.0,40.0,46.0,93.39894636015326,7401.0,10.0,1.8233815365797938,51.0,19.72,72.97646142549236,real_fitbit_joined
7.35,90.0,30.0,56.0,76.82283252557889,11596.0,9.2,6.852931177122432,26.0,12.97,68.0929351660367,real_fitbit_joined
7.25,80.0,50.0,46.0,93.42785843920146,10461.0,8.8,9.367278871083158,57.0,27.84,55.87082215678152,real_fitbit_joined
7.3,60.0,70.0,66.0,136.0,8000.0,9.2,3.571824921334354,24.0,13.71,71.34708173271436,independent_sample
7.9,60.0,80.0,54.0,127.0,8000.0,10.0,4.315124924149162,28.0,32.34,67.10409999840412,independent_sample
8.45,60.0,80.0,64.0,93.54489436619718,8915.0,10.0,4.5746517665660935,21.0,29.89,71.04038799038808,real_fitbit_joined
6.5,90.0,30.0,66.0,132.0,6000.0,10.0,9.098500111185452,40.0,15.61,53.778656855713024,independent_sample
7.2,90.0,30.0,66.0,167.0,7000.0,10.0,4.573135371134725,18.0,30.52,79.38610733816196,independent_sample
6.8,60.0,80.0,63.0,85.80868320610686,5439.0,10.0,5.475236553031469,23.0,25.65,58.8856410424088,real_fitbit_joined
7.9,70.0,70.0,53.0,155.0,8000.0,10.0,7.7354591470860825,40.0,25.92,55.80988268263822,independent_sample
6.533333333333333,80.0,50.0,59.0,102.43229389149936,9799.0,10.0,4.770329045540931,54.0,18.88,71.46978850510834,real_fitbit_joined
7.583333333333333,90.0,30.0,58.0,92.69698420296793,10320.0,10.0,5.671736066225963,20.0,27.69,75.79722483092813,real_fitbit_joined
7.583333333333333,70.0,60.0,58.0,92.69698420296793,10320.0,10.0,7.553947137506736,41.0,30.05,65.05542321620413,real_fitbit_joined
7.2,60.0,80.0,66.0,142.0,7300.0,10.0,2.843931467356413,30.0,30.4,64.9118791024527,independent_sample
6.066666666666666,90.0,30.0,58.0,96.20471851204594,5862.0,6.4,1.6641690826185898,53.0,28.76,77.32357570262845,real_fitbit_joined
7.2,90.0,30.0,59.0,126.0,7000.0,9.2,9.823318668479665,47.0,16.54,60.91829127976614,independent_sample
7.716666666666667,90.0,30.0,59.0,73.91745036572622,4926.0,10.0,9.239394678292376,55.0,45.49,65.3479343758116,real_fitbit_joined
6.5,60.0,80.0,59.0,129.0,6000.0,7.6,5.527755557018527,26.0,26.1,59.62355452357538,independent_sample
6.55,60.0,80.0,61.0,95.64293478260869,3403.0,6.8,4.151127332500571,57.0,14.3,61.68216873778271,real_fitbit_joined
7.8,70.0,60.0,67.0,152.0,8000.0,10.0,7.194468122022133,44.0,27.94,63.477262443515,independent_sample
6.583333333333333,90.0,30.0,61.0,93.12085944494181,10114.0,9.6,3.82920382968694,42.0,20.62,77.09295313948151,real_fitbit_joined
6.0,60.0,70.0,65.0,129.0,10000.0,8.8,9.249717122570866,39.0,20.29,54.245612977640455,independent_sample
7.7,80.0,50.0,74.0,135.0,8000.0,6.8,6.655838109531284,21.0,28.03,59.84226399519024,independent_sample
7.1,70.0,40.0,52.0,124.0,6000.0,8.0,2.934213733327563,50.0,18.12,76.53259922941703,independent_sample
8.2,60.0,80.0,68.0,152.0,7000.0,7.6,8.55821445997984,49.0,26.41,53.14226033486096,independent_sample
6.516666666666667,80.0,40.0,69.0,98.85607008760951,1282.0,10.0,2.8462567643380643,42.0,16.25,72.0420707897075,real_fitbit_joined
7.2,80.0,40.0,64.0,128.0,7000.0,9.2,5.176856435081535,29.0,21.49,75.95657497972702,independent_sample
8.1,60.0,80.0,60.0,134.0,7000.0,8.0,5.175392380195026,31.0,21.4,67.0862266713779,independent_sample
6.3,70.0,40.0,64.0,167.0,6000.0,9.6,1.1964105709794055,19.0,28.22,80.10668321841443,independent_sample
7.7,70.0,70.0,67.0,152.0,8000.0,9.6,2.6602862782027543,18.0,19.47,77.49762596686699,independent_sample
7.2,80.0,40.0,68.0,138.0,7000.0,10.0,5.3559043136177245,45.0,27.93,67.46881796516838,independent_sample
6.1,60.0,60.0,65.0,115.66272448532632,10199.0,10.0,8.660862226438919,24.0,28.77,56.85452982424037,real_fitbit_joined
8.5,60.0,70.0,66.0,129.0,5000.0,10.0,2.3515210073533748,32.0,18.53,79.43659169246398,independent_sample
7.566666666666666,70.0,60.0,47.0,81.15589541193883,4499.0,8.0,8.066583652537123,29.0,22.61,55.315471430254675,real_fitbit_joined
6.3,60.0,80.0,50.0,152.0,6000.0,8.0,4.179262676518578,35.0,16.99,62.93149158467372,independent_sample
7.8,60.0,80.0,70.0,161.0,8000.0,6.8,1.6459822560386173,33.0,22.27,66.98782209275033,independent_sample
1.0166666666666666,60.0,70.0,64.0,101.60488415779587,9910.0,10.0,6.179267600882911,28.0,32.34,41.81030259379456,real_fitbit_joined
7.5,60.0,70.0,56.0,97.84070175438596,12764.0,8.0,1.1178501092950026,31.0,21.4,81.52990496622732,real_fitbit_joined
6.5,70.0,40.0,57.0,139.0,6000.0,10.0,2.66797161575843,18.0,23.52,73.37657363219432,independent_sample
8.85,60.0,70.0,54.0,82.38741044012282,1320.0,6.4,1.7822825927868133,39.0,21.64,81.62317677354478,real_fitbit_joined
7.4,60.0,80.0,59.0,163.0,3300.0,10.0,5.52819225296386,55.0,40.09,60.507408810335164,independent_sample
6.0,50.0,70.0,58.0,143.0,5000.0,10.0,8.577402101126278,29.0,31.48,54.596007299753225,independent_sample
7.783333333333333,70.0,60.0,61.0,98.12257019438445,10524.0,10.0,8.291020552112627,25.0,21.49,60.46115797852618,real_fitbit_joined
9.25,60.0,70.0,62.0,97.93510184746566,7328.0,10.0,5.036009697804878,40.0,19.63,72.98980372160705,real_fitbit_joined
6.2,90.0,30.0,60.0,127.0,10000.0,7.6,8.623547442855095,54.0,25.55,66.9073911963906,independent_sample
8.4,60.0,80.0,59.0,155.0,5000.0,8.4,8.422689136123068,30.0,18.33,63.17398631458393,independent_sample
5.95,70.0,60.0,56.0,99.65567010309279,17022.0,7.2,3.449306235069664,28.0,29.62,64.67944192249443,real_fitbit_joined
7.1,70.0,40.0,53.0,128.0,7000.0,10.0,1.9094122990958202,42.0,21.29,74.20624602351879,independent_sample
1.4333333333333333,80.0,40.0,62.0,87.28808664259928,3183.0,10.0,9.255822179160186,47.0,34.53,44.331618484789004,real_fitbit_joined
7.5,90.0,40.0,65.0,159.0,8000.0,10.0,3.800957455570542,29.0,34.63,79.03166198464326,independent_sample
8.483333333333333,60.0,70.0,57.0,118.56019332161686,14097.0,10.0,7.615639394234972,22.0,26.75,61.96961455513528,real_fitbit_joined
8.466666666666667,60.0,80.0,48.0,99.59399538106236,11045.0,6.0,3.837613040475493,53.0,15.43,61.92751185977421,real_fitbit_joined
7.466666666666667,70.0,60.0,58.0,94.7200754005655,11423.0,10.0,4.937274298213562,27.0,33.2,71.43258145916718,real_fitbit_joined
1.1666666666666667,60.0,80.0,68.0,107.98215384615385,10320.0,9.6,4.676078917636288,19.0,28.22,46.5227215660887,real_fitbit_joined
5.65,80.0,50.0,59.0,99.32393736017897,5245.0,10.0,1.756961255034977,36.0,14.78,75.32271026789921,real_fitbit_joined
4.083333333333333,90.0,30.0,65.0,97.97114118069692,7476.0,10.0,7.008019646689244,47.0,32.42,60.33648228135975,real_fitbit_joined
4.083333333333333,60.0,80.0,65.0,97.97114118069692,7476.0,10.0,4.631345795911574,19.0,24.2,52.67698767038889,real_fitbit_joined
8.3,60.0,70.0,50.0,167.0,5000.0,10.0,7.043312338004863,59.0,30.22,58.394525737749355,independent_sample
6.6,80.0,40.0,66.0,134.0,4800.0,10.0,9.257372588187913,43.0,29.34,60.91802306572369,independent_sample
7.2,70.0,40.0,71.0,133.0,8000.0,10.0,2.155548605087127,23.0,35.44,78.92166065047552,independent_sample
7.95,70.0,40.0,49.0,117.00041101520756,8596.0,8.4,4.891013209383417,46.0,32.0,72.97967200941714,real_fitbit_joined
7.7,70.0,60.0,74.0,135.0,8000.0,10.0,5.6656721975068365,34.0,29.7,68.00085895847859,independent_sample
6.7,70.0,50.0,72.0,130.0,6000.0,6.0,6.356185074151134,20.0,28.56,58.17258950230832,independent_sample
7.4,80.0,50.0,72.0,120.0,8000.0,10.0,1.7107224597174575,39.0,26.02,76.33046131231626,independent_sample
4.566666666666666,90.0,30.0,63.0,91.15162241887906,6176.0,10.0,6.738017242196918,20.0,40.26,60.729372358857475,real_fitbit_joined
2.05,90.0,30.0,67.0,138.01760563380282,6543.0,10.0,6.160940993109575,39.0,38.49,52.049892757176806,real_fitbit_joined
7.3,60.0,80.0,55.0,135.0,5000.0,9.2,6.2397887193470245,19.0,27.34,60.105400960420845,independent_sample
7.2,70.0,60.0,59.0,141.0,7000.0,9.2,5.505432140392368,52.0,28.52,70.5665704848354,independent_sample
6.866666666666666,90.0,30.0,45.0,92.45415057915058,9776.0,10.0,2.650640588680904,25.0,23.17,74.55854380250969,real_fitbit_joined
7.7,60.0,70.0,69.0,128.0,8000.0,10.0,9.863725624862283,33.0,19.49,54.4867047682921,independent_sample
7.033333333333333,80.0,50.0,59.0,87.78156221616712,10272.0,10.0,3.943298454069148,56.0,31.84,76.27391680732715,real_fitbit_joined
7.45,90.0,30.0,53.0,70.48880597014926,4249.0,8.0,5.456592191001432,50.0,24.55,69.98171636372473,real_fitbit_joined
6.6,70.0,40.0,55.0,144.0,6000.0,10.0,6.337399007681057,49.0,23.73,66.68479410139261,independent_sample
6.883333333333334,80.0,40.0,57.0,94.58590511285122,8921.0,10.0,4.817998083222786,27.0,33.33,73.23850422950184,real_fitbit_joined
5.483333333333333,60.0,80.0,51.0,84.991254919108,10181.0,10.0,6.258828807307902,53.0,22.96,54.433973638756136,real_fitbit_joined
7.8,80.0,60.0,61.0,121.0,8000.0,7.2,5.792536597743836,23.0,16.78,68.71768455164737,independent_sample
6.05,80.0,50.0,57.0,77.7039627039627,2483.0,7.6,1.328947010632854,26.0,19.91,77.83120629477688,real_fitbit_joined
6.3,80.0,40.0,60.0,159.0,6000.0,6.8,9.196931454795237,24.0,19.01,57.70505645120755,independent_sample
7.7,90.0,30.0,65.0,131.0,8000.0,10.0,1.917037907856431,42.0,21.29,82.39547932831762,independent_sample
6.1,70.0,40.0,54.0,141.0,10000.0,9.6,4.31604027924921,24.0,21.34,61.894447935539105,independent_sample
7.7,60.0,70.0,50.0,149.0,8000.0,8.8,3.756821489003914,21.0,17.44,66.94373600857239,independent_sample
7.116666666666666,90.0,30.0,61.0,95.9585,10145.0,10.0,2.63735317445744,18.0,18.12,79.24695171136602,real_fitbit_joined
5.616666666666666,70.0,70.0,62.0,105.38860759493672,12409.0,9.6,9.92051763523279,19.0,17.16,48.609272116473235,real_fitbit_joined
7.216666666666667,60.0,70.0,62.0,105.87620357634113,10762.0,10.0,5.429046637715844,35.0,25.01,68.24813624580378,real_fitbit_joined
5.616666666666666,60.0,80.0,62.0,105.38860759493672,12409.0,8.0,9.409924241249628,45.0,23.84,51.63016552163583,real_fitbit_joined
7.2,80.0,50.0,73.0,154.0,8000.0,6.4,6.452013245074213,57.0,28.15,62.19343185073963,independent_sample
6.333333333333333,80.0,50.0,66.0,103.73809523809524,14450.0,10.0,9.0330309864098,24.0,28.77,51.732955561774176,real_fitbit_joined
6.9,60.0,70.0,63.0,138.0,5500.0,9.2,2.691283427337907,36.0,23.76,74.02766760889462,independent_sample
9.3,80.0,40.0,61.0,96.72630043753038,7444.0,9.2,5.33370116361295,48.0,22.79,79.86244711483614,real_fitbit_joined
7.716666666666667,80.0,50.0,59.0,73.91745036572622,4926.0,10.0,2.3379645497780164,51.0,32.75,77.02767848222308,real_fitbit_joined
7.8,90.0,30.0,51.0,132.0,8000.0,9.6,4.307809800623783,37.0,22.15,73.03768395165737,independent_sample
7.7,80.0,30.0,71.0,135.0,8000.0,10.0,3.1526209379433308,46.0,24.78,79.79962253879516,independent_sample
7.5,60.0,60.0,72.0,127.0,8000.0,10.0,4.526734358692234,43.0,29.34,69.3067914680946,independent_sample
6.0,80.0,50.0,62.0,169.0,10000.0,9.6,5.917872844700626,43.0,18.67,64.24563103492147,independent_sample
6.0,80.0,50.0,53.0,137.0,5000.0,10.0,5.133386774558925,48.0,28.12,65.13614215826851,independent_sample
6.3,60.0,60.0,56.0,141.0,6000.0,7.6,1.4889883134061344,48.0,26.58,70.65864588945534,independent_sample
8.1,70.0,60.0,57.0,128.0,7000.0,10.0,7.34625231013507,34.0,24.5,66.11905227007418,independent_sample
7.8,60.0,80.0,55.0,143.0,8000.0,9.6,3.669039209853376,34.0,30.1,67.86938715825896,independent_sample
7.8,60.0,80.0,56.0,140.0,8000.0,7.2,5.69166442888725,27.0,21.23,65.69629760533299,independent_sample
6.016666666666667,60.0,80.0,49.0,102.01366742596811,9841.0,9.2,8.16213402492491,49.0,26.36,50.14265289566436,real_fitbit_joined
6.483333333333333,60.0,70.0,48.0,88.8284289276808,9917.0,8.8,2.323661328361341,22.0,35.47,68.85891885744574,real_fitbit_joined
6.0,70.0,60.0,50.0,162.0,10000.0,8.0,7.895043395160275,31.0,21.4,56.04631533976879,independent_sample
10.316666666666666,90.0,30.0,55.0,87.22557349192863,4599.0,10.0,1.7964325184672756,36.0,27.69,92.78230083826134,real_fitbit_joined
7.066666666666666,90.0,30.0,63.0,93.71524163568773,1467.0,10.0,2.4079333840397745,58.0,23.75,84.23705124164081,real_fitbit_joined
8.0,60.0,70.0,64.0,148.0,7000.0,8.8,2.9443436425863965,55.0,26.96,75.67423626178314,independent_sample
7.433333333333334,80.0,50.0,65.0,91.30823680823681,1291.0,9.2,1.354841302316553,45.0,38.78,81.66953047303191,real_fitbit_joined
8.5,60.0,70.0,68.0,134.0,5000.0,10.0,3.588694561393104,37.0,40.1,71.47136775430151,independent_sample
7.416666666666667,70.0,50.0,61.0,87.92023065833733,10129.0,9.2,3.8707806726438516,39.0,17.83,72.19236439671184,real_fitbit_joined
8.5,80.0,50.0,71.0,130.0,5000.0,10.0,8.722209439065063,42.0,27.55,63.42292269331735,independent_sample
6.0,80.0,40.0,69.0,168.0,10000.0,6.8,5.662708896149339,23.0,22.32,66.63782683739731,independent_sample
8.85,70.0,60.0,83.5,110.5619335347432,10685.0,8.0,6.846696091424932,41.0,23.94,64.59330997477184,real_fitbit_joined
6.666666666666667,80.0,50.0,56.0,74.95350172215844,9632.0,10.0,6.520702502896369,57.0,21.06,63.74561416728352,real_fitbit_joined
9.15,80.0,50.0,43.0,113.4781433077963,12231.0,9.6,6.6511035054181695,43.0,18.67,63.965594501147855,real_fitbit_joined
6.5,70.0,60.0,53.0,144.0,6000.0,10.0,7.310256349757263,52.0,13.82,66.00920102345682,independent_sample
6.0,60.0,70.0,60.0,157.0,5000.0,10.0,6.870018335909252,38.0,29.21,64.21085891168299,independent_sample
8.0,90.0,30.0,59.0,144.0,7000.0,8.4,3.3383188787053077,23.0,13.36,81.24703875429772,independent_sample
6.3,80.0,50.0,50.0,149.0,3500.0,10.0,4.184102428627924,25.0,20.88,63.20285356230608,independent_sample
8.1,60.0,80.0,71.0,130.0,5000.0,7.6,1.1385540252217763,39.0,22.51,73.54013251123206,independent_sample
6.483333333333333,80.0,40.0,48.0,88.8284289276808,9917.0,10.0,4.191599418766989,41.0,23.62,68.42580199653156,real_fitbit_joined
6.3,80.0,50.0,73.0,161.0,6000.0,10.0,4.107008285215229,50.0,34.14,66.88330565608452,independent_sample
6.1,70.0,60.0,58.0,120.0,10000.0,7.2,3.925936138885291,34.0,20.36,60.8403583582069,independent_sample
8.316666666666666,80.0,40.0,54.0,95.68524740378741,4299.0,10.0,5.399619222312282,56.0,39.77,67.85584949095234,real_fitbit_joined
9.266666666666667,70.0,60.0,63.0,89.24902723735408,5472.0,10.0,8.60304905305199,47.0,22.64,68.56268444087723,real_fitbit_joined
7.6,80.0,50.0,69.0,126.0,8000.0,10.0,4.131472704239499,37.0,40.1,76.13651479653011,independent_sample
7.25,70.0,70.0,46.0,93.42785843920146,10461.0,10.0,7.381416355501894,52.0,21.36,54.47782116237101,real_fitbit_joined
9.3,70.0,70.0,61.0,96.72630043753038,7444.0,10.0,8.689465840326212,55.0,24.76,64.69930399848674,real_fitbit_joined
6.5,50.0,70.0,73.0,126.0,6000.0,10.0,5.935772466942064,43.0,21.0,62.58047286352437,independent_sample
7.8,90.0,30.0,73.0,150.0,7000.0,10.0,7.6369039184933705,50.0,36.8,65.19234839534053,independent_sample
7.7,70.0,40.0,52.0,123.0,8000.0,6.8,4.490434809252381,26.0,28.87,68.57804343370904,independent_sample
8.466666666666667,70.0,60.0,48.0,99.59399538106236,11045.0,9.6,9.874009574405838,35.0,27.23,59.58819475719528,real_fitbit_joined
6.5,80.0,50.0,59.0,148.0,6000.0,10.0,9.30481471462055,35.0,32.74,58.706491329535254,independent_sample
6.9,80.0,50.0,65.0,107.34679543459174,10148.0,6.4,5.85245149007729,20.0,20.47,64.39309797492018,real_fitbit_joined
5.9,80.0,40.0,47.0,89.91439688715953,5325.0,7.2,4.122578817066049,23.0,26.16,64.86964542874715,real_fitbit_joined
7.5,80.0,50.0,69.0,128.0,8000.0,8.0,8.995633050778132,45.0,20.14,60.30768565553647,independent_sample
7.266666666666667,90.0,30.0,59.0,85.63649706457926,5980.0,10.0,1.1655160889272005,27.0,33.2,86.74125218075689,real_fitbit_joined
7.2,60.0,70.0,60.0,128.0,8000.0,6.8,8.235626567972684,18.0,30.44,60.216582573832454,independent_sample
8.5,90.0,30.0,62.0,135.0,5000.0,6.4,1.0289643724385082,52.0,16.8,86.01218435181795,independent_sample
6.483333333333333,70.0,60.0,48.0,88.8284289276808,9917.0,10.0,9.889012071969823,50.0,25.16,48.78932313748583,real_fitbit_joined
7.2,40.0,80.0,68.0,136.0,7000.0,9.2,2.7516026063868857,45.0,18.7,66.33551998130206,independent_sample
7.2,60.0,70.0,52.0,127.0,8000.0,10.0,8.082130476297657,53.0,31.04,57.33638160666657,independent_sample
7.7,90.0,30.0,55.0,144.0,8000.0,8.8,1.07976956602122,52.0,24.72,88.80157829300138,independent_sample
7.783333333333333,90.0,30.0,61.0,98.12257019438445,10524.0,8.0,9.663835732101326,50.0,18.12,70.0300099205857,real_fitbit_joined
7.316666666666666,90.0,30.0,47.0,78.52028218694885,11193.0,10.0,5.163606610653847,50.0,17.61,73.19535033371626,real_fitbit_joined
8.4,80.0,50.0,56.0,125.0,5000.0,10.0,5.265290981044925,34.0,29.53,78.88134191085844,independent_sample
7.8,80.0,50.0,73.0,121.0,8000.0,10.0,8.227018647620534,20.0,40.26,62.79309028996701,independent_sample
6.1,90.0,30.0,64.0,152.0,5000.0,9.2,9.676259624489624,49.0,23.94,58.90032145930481,independent_sample
7.2,90.0,30.0,50.0,132.0,7000.0,6.4,3.0284314120608924,20.0,20.47,71.37387754811668,independent_sample
8.4,60.0,60.0,73.0,144.0,5000.0,10.0,6.726622185813232,34.0,24.09,67.4767562430246,independent_sample
7.8,80.0,50.0,67.0,165.0,8000.0,9.6,9.944635500097284,25.0,14.74,59.076278610269654,independent_sample
8.4,60.0,80.0,64.0,151.0,5000.0,10.0,6.194103274344887,46.0,21.07,62.73736251140708,independent_sample
7.2,80.0,50.0,63.0,144.0,7000.0,7.6,8.482361629471388,40.0,30.57,61.640271832976914,independent_sample
7.8,80.0,50.0,55.0,143.0,8000.0,9.6,4.963972152811817,42.0,18.7,74.38966953394132,independent_sample
6.5,70.0,40.0,47.0,79.88053097345133,12375.0,7.6,5.530755437693712,26.0,26.1,64.6461694206174,real_fitbit_joined
8.2,80.0,40.0,58.0,95.77142857142857,4477.0,6.0,6.321478921704363,33.0,23.95,67.79119695828211,real_fitbit_joined
6.8,90.0,30.0,73.0,125.0,6000.0,10.0,7.956293336885036,30.0,26.66,65.12505831966,independent_sample
7.8,90.0,30.0,63.0,152.0,8000.0,10.0,6.305085905362275,57.0,26.46,72.34843248955542,independent_sample
5.916666666666667,70.0,40.0,49.0,105.13025780189959,14873.0,10.0,7.419203085006955,38.0,27.84,59.82556807723951,real_fitbit_joined
6.0,90.0,30.0,66.0,144.0,5000.0,10.0,4.106729876447894,54.0,22.64,68.73575085684698,independent_sample
6.0,80.0,50.0,68.0,152.0,10000.0,6.0,8.868002722166583,23.0,24.13,49.641558859980435,independent_sample
6.3,80.0,50.0,68.0,122.0,6000.0,10.0,6.282428559030164,39.0,26.68,60.802975633919445,independent_sample
7.3,50.0,70.0,56.0,80.33868092691623,3121.0,10.0,8.765173697889058,22.0,19.06,55.006468908522194,real_fitbit_joined
6.5,60.0,80.0,68.0,158.0,6000.0,7.6,2.2099161646730967,42.0,24.22,69.34082010809732,independent_sample
6.1,90.0,40.0,51.0,149.0,5000.0,10.0,7.636213696490197,55.0,18.46,59.81003208786557,independent_sample
8.1,80.0,50.0,73.0,151.0,7000.0,9.6,3.6756171127660027,18.0,18.68,71.72390174970396,independent_sample
6.6,90.0,30.0,66.0,121.0,6000.0,8.8,5.693041217501921,49.0,18.18,70.39184605245114,independent_sample
8.2,70.0,60.0,74.0,147.0,7000.0,8.8,2.9876750466670803,34.0,25.11,75.24006120265408,independent_sample
6.0,90.0,30.0,60.0,163.0,5000.0,10.0,7.805922525551591,23.0,23.78,66.48627091773312,independent_sample
6.1,80.0,50.0,74.0,163.0,10000.0,10.0,6.391401284353434,52.0,40.09,59.262593160619815,independent_sample
5.9,80.0,50.0,45.0,78.63302325581395,10299.0,10.0,9.498398402020905,42.0,26.84,51.61156646545477,real_fitbit_joined
5.8,70.0,60.0,56.0,165.0,5200.0,10.0,2.8312546824783626,27.0,19.01,71.00528789439265,independent_sample
6.65,50.0,70.0,59.0,112.6396933560477,12437.0,10.0,5.60208158974844,32.0,18.79,62.40508969015115,real_fitbit_joined
6.75,90.0,30.0,60.0,87.72509578544062,7804.0,8.4,5.677965537004159,48.0,24.91,71.1622584701241,real_fitbit_joined
6.45,80.0,50.0,62.0,95.34040062434964,6107.0,8.8,4.16460418515671,53.0,28.35,69.14075768866647,real_fitbit_joined
6.55,60.0,70.0,61.0,95.64293478260869,3403.0,10.0,3.1024697594491895,30.0,23.08,66.21972162155618,real_fitbit_joined
5.616666666666666,60.0,70.0,62.0,105.38860759493672,12409.0,9.2,6.318036488694176,33.0,23.2,57.78828218542711,real_fitbit_joined
7.3,80.0,50.0,66.0,160.0,3500.0,10.0,3.103408737193897,44.0,36.46,71.0192572587604,independent_sample
8.616666666666667,60.0,80.0,58.0,85.43375959079283,6760.0,10.0,1.3609827227123423,56.0,15.07,76.1763367033266,real_fitbit_joined
5.366666666666666,90.0,30.0,61.0,93.4197794779478,4496.0,7.2,2.934463407316811,54.0,22.82,72.94758754029367,real_fitbit_joined
7.15,90.0,30.0,54.0,100.16707616707616,5351.0,10.0,6.503088118911831,38.0,26.48,69.09491150843009,real_fitbit_joined
6.2,80.0,50.0,55.0,150.0,5500.0,10.0,4.7734449504941985,56.0,23.59,65.83865205538768,independent_sample
7.65,60.0,80.0,47.0,98.09787234042552,7924.0,7.6,5.565113278195532,31.0,16.52,59.12494767096675,real_fitbit_joined
6.1,60.0,60.0,50.0,151.0,10000.0,10.0,7.785657132371055,41.0,21.53,52.748068671037316,independent_sample
7.016666666666667,90.0,30.0,48.0,93.25023084025854,6393.0,8.4,9.830675602246812,27.0,26.54,60.51431651905055,real_fitbit_joined
8.1,80.0,40.0,54.0,148.0,7000.0,10.0,9.830732762477043,18.0,44.1,61.110065650082774,independent_sample
7.366666666666666,70.0,40.0,60.0,108.70009033423668,10147.0,10.0,6.414506381316981,47.0,21.87,70.8778771807722,real_fitbit_joined
2.1,70.0,70.0,62.0,103.66447728516694,13743.0,10.0,9.302494430595662,54.0,19.37,37.85185398097102,real_fitbit_joined
7.2,70.0,70.0,73.0,169.0,7000.0,7.6,2.9716192819167198,43.0,15.5,68.42467118369014,independent_sample
7.3,80.0,40.0,66.0,157.0,5000.0,8.4,6.712041459285473,18.0,21.66,68.92196937444977,independent_sample
7.6,80.0,50.0,55.0,129.0,8000.0,10.0,3.0881636227792963,31.0,18.79,77.92331398681503,independent_sample
6.0,60.0,80.0,67.0,152.0,10000.0,10.0,7.242562517264157,31.0,27.96,57.21419316501169,independent_sample
7.2,60.0,80.0,65.0,140.0,7000.0,6.0,9.11746177074235,27.0,18.1,50.56216426457152,independent_sample
8.2,60.0,80.0,74.0,162.0,7000.0,9.6,4.759848813475897,39.0,27.18,64.64826586188367,independent_sample
6.966666666666667,90.0,30.0,59.0,96.75365049458314,13928.0,10.0,9.376815930432082,33.0,22.33,63.15370357572445,real_fitbit_joined
7.283333333333333,70.0,60.0,64.55,73.80434782608695,838.0,10.0,8.836781053035333,29.0,33.04,55.49362150237466,real_fitbit_joined
6.966666666666667,50.0,70.0,58.0,97.11313697989715,15491.0,9.6,4.952214177131966,43.0,18.67,68.59328906052266,real_fitbit_joined
6.0,80.0,60.0,69.0,135.0,10000.0,10.0,2.444163528441038,53.0,31.75,70.8939580198413,independent_sample
6.3,70.0,40.0,50.0,134.0,6000.0,8.0,6.045940849745539,57.0,29.87,63.80796732675319,independent_sample
6.5,80.0,60.0,58.0,128.0,6000.0,10.0,9.806729215502266,38.0,26.48,50.912828288189395,independent_sample
6.4,90.0,30.0,61.0,120.0,4100.0,10.0,2.2294081328605535,38.0,12.67,77.53181225230871,independent_sample
8.4,90.0,30.0,72.0,123.0,5000.0,8.0,8.39961898134781,26.0,17.3,66.5751673771643,independent_sample
6.0,60.0,80.0,68.0,160.0,5000.0,10.0,4.358103565801452,41.0,43.31,57.20129079649113,independent_sample
6.6,80.0,50.0,68.0,125.0,6000.0,7.6,5.797259805215259,49.0,26.41,61.8304605761044,independent_sample
7.583333333333333,60.0,80.0,58.0,92.69698420296793,10320.0,9.6,9.074941821579941,40.0,17.4,59.19293879172638,real_fitbit_joined
7.2,70.0,40.0,66.0,145.0,7000.0,10.0,1.7254136238141218,34.0,29.53,77.77115019251117,independent_sample
8.5,60.0,80.0,74.0,149.0,5000.0,10.0,5.563536820648465,23.0,24.84,62.246928093843906,independent_sample
7.016666666666667,60.0,70.0,52.0,83.76093023255814,10553.0,9.6,7.500402386700932,37.0,22.56,58.74981744171554,real_fitbit_joined
7.316666666666666,90.0,30.0,63.0,86.94711538461539,2283.0,10.0,8.98491468318694,45.0,20.83,64.25593019360885,real_fitbit_joined
6.983333333333333,60.0,80.0,55.0,95.79854576561164,14331.0,7.2,6.376717919532775,22.0,22.85,54.94644343787707,real_fitbit_joined
7.283333333333333,80.0,40.0,64.55,73.80434782608695,838.0,7.2,1.0455542546159682,53.0,23.23,77.1182547026884,real_fitbit_joined
6.75,80.0,50.0,60.0,87.72509578544062,7804.0,10.0,9.88884607362452,28.0,32.34,60.04296017629386,real_fitbit_joined
7.6,80.0,50.0,52.0,124.0,8000.0,9.6,3.971935583843478,54.0,30.51,69.43765330595001,independent_sample
7.033333333333333,80.0,50.0,59.0,87.78156221616712,10272.0,10.0,4.071230448635407,34.0,17.94,73.60026883369164,real_fitbit_joined
5.916666666666667,80.0,50.0,49.0,105.13025780189959,14873.0,10.0,2.8047225403030307,44.0,26.16,67.5161844392916,real_fitbit_joined
1.3666666666666667,90.0,30.0,58.0,93.96402473299607,12139.0,9.2,5.669115595690295,45.0,18.7,52.464147767828926,real_fitbit_joined
7.1,90.0,30.0,68.0,135.0,6000.0,8.4,4.5728336536685505,51.0,31.05,77.85883530163075,independent_sample
7.533333333333333,80.0,60.0,61.0,106.09291061206517,6722.0,9.2,3.4231890785444286,41.0,26.47,75.48171204655054,real_fitbit_joined
10.316666666666666,90.0,30.0,55.0,87.22557349192863,4599.0,10.0,1.1021828029067717,32.0,22.96,91.69517322991709,real_fitbit_joined
5.783333333333333,70.0,60.0,56.0,77.26037735849057,10538.0,9.6,1.1991119637609753,33.0,45.14,70.95943159976343,real_fitbit_joined
7.416666666666667,90.0,30.0,61.0,87.92023065833733,10129.0,10.0,1.9225875519161133,57.0,26.79,84.95982809980664,real_fitbit_joined
8.4,60.0,80.0,69.0,135.0,5000.0,10.0,9.604424292507398,57.0,31.74,53.842426702081305,independent_sample
7.35,80.0,40.0,56.0,103.66576454668471,10433.0,10.0,2.403950683025824,45.0,25.49,79.82697557278829,real_fitbit_joined
6.1,80.0,50.0,71.0,131.0,8000.0,10.0,5.0441476783567785,21.0,19.92,69.21011331972656,independent_sample
6.3,70.0,60.0,66.0,133.0,6000.0,8.8,8.567844214833304,22.0,35.47,61.24337714860907,independent_sample
1.2333333333333334,60.0,70.0,55.0,99.14760746147607,7550.0,7.6,1.0574728454515023,46.0,19.1,56.54625692680499,real_fitbit_joined
6.0,70.0,60.0,51.0,156.0,10000.0,9.6,8.97576202418567,45.0,31.14,54.414186253617835,independent_sample
7.2,60.0,70.0,70.0,168.0,8000.0,10.0,9.344600375315075,26.0,24.07,51.98682060543111,independent_sample
8.316666666666666,80.0,40.0,54.0,95.68524740378741,4299.0,7.2,2.6171479798321777,49.0,16.2,79.17169927543961,real_fitbit_joined
7.35,90.0,30.0,56.0,76.82283252557889,11596.0,9.2,5.07195564519424,56.0,19.67,70.32150032916509,real_fitbit_joined
7.133333333333334,70.0,40.0,46.0,80.08198433420365,10074.0,10.0,1.4677415528632518,53.0,17.89,74.82918223701888,real_fitbit_joined
7.05,60.0,80.0,63.0,119.31631328429252,13417.0,7.2,6.279476168579267,53.0,23.23,62.38814282372135,real_fitbit_joined
6.1,90.0,30.0,69.0,162.0,10000.0,7.2,4.961790981599415,49.0,29.56,71.21702897235281,independent_sample
10.516666666666667,80.0,30.0,58.0,76.9119737561509,4112.0,6.4,6.0484417438184765,19.0,27.03,81.77556629126299,real_fitbit_joined
6.0,80.0,50.0,68.0,148.0,10000.0,10.0,5.851850974624078,59.0,13.23,67.01654095207432,independent_sample
6.866666666666666,60.0,80.0,45.0,92.45415057915058,9776.0,10.0,9.082274940549881,46.0,22.08,49.993128114646034,real_fitbit_joined
7.7,60.0,70.0,52.0,141.0,8000.0,10.0,7.254559800122156,33.0,19.49,61.08814980323052,independent_sample
7.6,90.0,30.0,51.0,167.0,8000.0,9.6,7.923008330543203,37.0,24.21,68.30485447242634,independent_sample
6.4,90.0,30.0,55.0,122.0,6000.0,8.4,4.8045577320453905,43.0,17.39,77.97950791423257,independent_sample
2.1,60.0,80.0,62.0,103.66447728516694,13743.0,10.0,5.171446394205152,41.0,43.31,45.851960235640774,real_fitbit_joined
6.2,70.0,70.0,74.0,163.0,5000.0,10.0,1.6927450244278668,56.0,38.73,66.74235321949801,independent_sample
6.5,60.0,80.0,69.0,137.0,6000.0,10.0,3.4725837296756756,42.0,20.62,65.7213036295988,independent_sample
1.0333333333333334,80.0,40.0,51.0,81.03393541324576,10218.0,7.2,1.463308761249904,59.0,24.19,56.147834823779135,real_fitbit_joined
7.783333333333333,70.0,60.0,61.0,98.12257019438445,10524.0,7.6,5.351910820479323,59.0,25.05,71.59455614952076,real_fitbit_joined
7.233333333333333,80.0,50.0,66.0,114.05627887442252,12495.0,10.0,2.6251781061460018,18.0,29.5,71.15919582304977,real_fitbit_joined
7.966666666666667,80.0,50.0,59.0,103.84647077957281,10252.0,10.0,5.32456252532046,31.0,17.7,73.63651553162534,real_fitbit_joined
8.5,90.0,30.0,52.0,124.0,5000.0,8.8,2.0343969735361016,33.0,33.5,86.08121043325775,independent_sample
7.3,90.0,30.0,53.0,155.0,3500.0,10.0,1.8336293474623049,48.0,25.73,80.21225249606631,independent_sample
1.0166666666666666,70.0,60.0,64.0,101.60488415779587,9910.0,10.0,9.056861539184794,45.0,25.49,37.95757103011233,real_fitbit_joined
8.5,90.0,30.0,63.0,155.0,5000.0,7.6,8.124023823322329,54.0,25.55,74.26947431220673,independent_sample
8.433333333333334,60.0,80.0,88.0,110.0,6017.0,8.8,5.726470453003541,43.0,36.29,56.580891468126886,real_fitbit_joined
8.5,90.0,30.0,66.0,147.0,5000.0,10.0,9.49637884442858,52.0,13.82,69.82252863661118,independent_sample
6.5,70.0,50.0,57.0,121.0,6000.0,10.0,8.200638718292435,52.0,24.78,61.42367020378281,independent_sample
7.816666666666666,60.0,80.0,62.0,116.25631768953069,15448.0,8.4,8.024729637194756,18.0,21.66,58.087433364702164,real_fitbit_joined
6.5,80.0,50.0,44.0,99.92120075046904,8964.0,8.8,2.90840355917404,53.0,31.3,71.8154302518655,real_fitbit_joined
6.1,80.0,50.0,61.0,132.0,10000.0,8.0,8.618629048212503,54.0,20.71,57.712636427831924,independent_sample
7.766666666666667,60.0,80.0,63.0,102.05072783414204,12912.0,9.2,3.266191530162575,43.0,18.19,74.8646511885313,real_fitbit_joined
10.316666666666666,70.0,60.0,55.0,78.76546391752578,4660.0,8.4,2.0983441136030097,36.0,43.31,85.91752866630114,real_fitbit_joined
8.316666666666666,40.0,80.0,61.0,98.68643439584878,4853.0,8.8,8.356992055645968,53.0,28.35,60.17437574075594,real_fitbit_joined
6.6,80.0,40.0,54.0,132.0,6000.0,10.0,3.2194327148022217,55.0,43.4,72.5238558717365,independent_sample
7.2,60.0,70.0,72.0,146.0,8000.0,10.0,7.591609441525412,59.0,44.26,62.07911812250661,independent_sample
6.6,70.0,60.0,65.0,155.0,6000.0,7.6,6.0606713429011885,56.0,27.12,61.929640923696255,independent_sample
6.45,70.0,70.0,62.0,95.34040062434964,6107.0,9.6,5.680612190600297,50.0,18.24,61.92461883701042,real_fitbit_joined
7.2,70.0,60.0,54.0,148.0,7000.0,9.2,5.746596599104087,43.0,18.19,65.20889648061383,independent_sample
6.483333333333333,90.0,30.0,48.0,88.8284289276808,9917.0,9.6,9.49254328150839,47.0,18.26,52.47450614936766,real_fitbit_joined
5.366666666666666,90.0,30.0,56.0,94.87579329102448,11682.0,10.0,9.100167776632945,49.0,22.15,57.43708706790837,real_fitbit_joined
8.316666666666666,80.0,50.0,50.0,87.11576011157601,8758.0,7.6,4.7219419137281635,28.0,24.01,69.17964401746008,real_fitbit_joined
7.3,80.0,40.0,64.0,161.0,8000.0,7.2,7.333298016661459,21.0,25.72,67.24598189651958,independent_sample
10.483333333333333,70.0,40.0,55.0,73.85310421286032,5594.0,10.0,2.763845761772307,32.0,21.0,83.11564859164966,real_fitbit_joined
7.983333333333333,70.0,40.0,58.0,95.17008387698043,7238.0,9.2,6.192134961637232,45.0,20.55,69.55097755696245,real_fitbit_joined
8.5,60.0,70.0,52.0,155.0,5000.0,6.4,7.6802786847917845,36.0,17.25,57.95465404633479,independent_sample
8.333333333333334,80.0,50.0,59.0,88.45851339671565,8247.0,10.0,5.802422920541906,45.0,24.54,74.69524543840005,real_fitbit_joined
6.6,80.0,50.0,56.0,150.0,6000.0,9.2,1.5092709053204407,26.0,12.97,76.1593940620527,independent_sample
7.366666666666666,70.0,60.0,55.0,73.99051233396584,1868.0,6.8,5.884519990128366,24.0,19.01,61.550815387772744,real_fitbit_joined
8.5,90.0,30.0,73.0,131.0,5000.0,10.0,4.328319303884589,51.0,25.35,76.43895718030068,independent_sample
6.3,60.0,80.0,61.0,142.0,6000.0,8.8,4.582047636590525,45.0,31.4,63.58029694851329,independent_sample
9.2,60.0,80.0,51.0,76.8135593220339,10243.0,6.0,5.483761448078251,35.0,25.07,68.70852376464869,real_fitbit_joined
6.6,70.0,40.0,62.0,125.0,6000.0,10.0,5.332097364717913,26.0,29.61,71.33379907113655,independent_sample
6.333333333333333,80.0,50.0,56.0,94.32602018429135,12848.0,9.6,9.997459059575176,39.0,26.13,55.16252216492744,real_fitbit_joined
6.4,90.0,30.0,68.0,137.0,6000.0,9.6,7.466085525902951,34.0,22.48,64.75498376366511,independent_sample
9.65,80.0,50.0,61.0,91.79057071960298,7485.0,9.2,6.371585640252003,38.0,46.98,77.2409023285712,real_fitbit_joined
5.95,80.0,40.0,61.0,108.97277529459569,13217.0,9.2,5.4245428760514915,52.0,24.23,72.0956783790144,real_fitbit_joined
7.1,90.0,30.0,51.0,163.0,7000.0,10.0,5.287932877094125,40.0,24.31,69.90192985688674,independent_sample
5.8,80.0,40.0,55.0,125.0,5200.0,6.4,6.775609575687024,41.0,13.98,60.53086200578917,independent_sample
7.3,60.0,70.0,56.0,80.33868092691623,3121.0,6.8,3.0384619767814414,38.0,19.98,73.11885508075719,real_fitbit_joined
6.0,90.0,30.0,55.0,144.0,5000.0,8.0,7.8284378904752865,50.0,18.12,60.53374331476611,independent_sample
8.1,80.0,40.0,69.0,135.0,7000.0,10.0,5.472671346152472,56.0,39.77,70.38635925644944,independent_sample
7.8,80.0,50.0,64.0,140.0,8000.0,8.8,9.056059666358827,18.0,45.14,62.61637407659907,independent_sample
7.8,70.0,60.0,54.0,161.0,8000.0,9.6,8.181227436543047,37.0,22.15,59.957442798630126,independent_sample
7.7,60.0,80.0,52.0,141.0,8000.0,9.6,3.3784863684277537,52.0,40.79,71.82530675047877,independent_sample
6.5,60.0,70.0,53.0,160.0,6000.0,6.8,6.393719045254939,39.0,22.26,56.662852903838,independent_sample
6.5,60.0,80.0,58.0,141.0,6000.0,9.6,7.810571503617112,18.0,19.47,48.158706498097786,independent_sample
7.483333333333333,80.0,50.0,53.0,96.20393474088291,12574.0,8.4,9.60086348406778,57.0,47.72,56.01649111422532,real_fitbit_joined
9.466666666666667,60.0,70.0,57.0,75.9422543031649,6083.0,9.2,3.765609684336579,57.0,28.49,78.15554692629239,real_fitbit_joined
7.7,60.0,70.0,71.0,158.0,8000.0,10.0,4.888691946497763,37.0,16.22,70.0241704236039,independent_sample
6.5,60.0,80.0,74.0,133.0,6000.0,7.6,5.053338426323666,19.0,26.32,60.98313373244559,independent_sample
8.6,70.0,50.0,55.0,91.73996952767902,2421.0,10.0,2.5254347201748324,27.0,36.95,76.45471467753748,real_fitbit_joined
6.5,90.0,30.0,44.0,99.92120075046904,8964.0,10.0,1.8242386599397074,53.0,31.04,80.81126011717676,real_fitbit_joined
6.8,90.0,30.0,63.0,85.80868320610686,5439.0,10.0,2.634379451212831,37.0,28.97,81.49838252828188,real_fitbit_joined
7.933333333333334,90.0,30.0,61.0,100.01129943502825,10742.0,10.0,9.012374055018247,20.0,27.69,68.35890547187515,real_fitbit_joined
6.416666666666667,70.0,40.0,55.0,80.07186544342508,12252.0,8.0,7.7496442335926,18.0,30.26,62.904327757647195,real_fitbit_joined
7.866666666666666,80.0,50.0,56.0,94.58295557570263,10533.0,9.2,9.1229761601161,59.0,22.15,59.878280899024105,real_fitbit_joined
8.85,80.0,40.0,83.5,110.5619335347432,10685.0,10.0,5.528226327220789,27.0,31.13,70.47728481409595,real_fitbit_joined
7.2,70.0,60.0,55.0,141.0,7300.0,8.4,8.900470703368367,27.0,26.54,57.881271357902605,independent_sample
6.7,80.0,50.0,63.0,100.15845070422536,14400.0,10.0,6.221551323045991,21.0,32.69,63.676345675482374,real_fitbit_joined
5.883333333333334,70.0,70.0,60.0,89.96766043456292,10001.0,8.8,9.909642091509507,43.0,13.38,50.566825799267235,real_fitbit_joined
7.066666666666666,60.0,80.0,48.0,92.59003291020217,6805.0,9.2,4.5723094858143645,58.0,26.19,63.075460903475395,real_fitbit_joined
6.1,90.0,30.0,60.0,161.0,10000.0,9.2,1.3241693646228376,27.0,19.71,79.62194727318425,independent_sample
7.2,60.0,80.0,54.0,127.0,7000.0,10.0,3.7427598584751998,59.0,30.22,66.53266182187936,independent_sample
5.766666666666667,80.0,40.0,55.0,77.51865008880995,3436.0,10.0,1.9593372727719165,23.0,24.97,70.79037181786806,real_fitbit_joined
7.2,80.0,40.0,49.0,77.41980624327233,5077.0,10.0,9.02841899659402,45.0,15.31,63.31993764664889,real_fitbit_joined
8.4,60.0,80.0,65.0,159.0,5000.0,10.0,6.967424726230802,23.0,16.8,67.04430723555403,independent_sample
8.616666666666667,90.0,30.0,58.0,85.43375959079283,6760.0,8.8,1.2802067459606024,22.0,15.72,88.39284931027862,real_fitbit_joined
7.016666666666667,60.0,80.0,52.0,83.76093023255814,10553.0,8.4,3.2470120797326736,20.0,24.52,68.77592082376205,real_fitbit_joined
6.4,60.0,80.0,64.0,125.0,6000.0,6.0,4.713596567637614,20.0,28.56,59.008292973402185,independent_sample
8.5,70.0,60.0,50.0,136.0,5000.0,10.0,1.5521466439960134,23.0,23.77,80.21351760419417,independent_sample
1.2833333333333334,70.0,50.0,68.0,130.0587668593449,1982.0,9.2,9.773138459321048,56.0,34.8,39.5336588735733,real_fitbit_joined
8.6,60.0,80.0,63.0,95.37914230019493,3587.0,10.0,3.6383295723491194,21.0,24.87,73.67206679572756,real_fitbit_joined
7.233333333333333,80.0,50.0,66.0,114.05627887442252,12495.0,8.8,6.795995889151142,21.0,17.44,66.97498659707465,real_fitbit_joined
8.0,60.0,80.0,54.0,144.0,7000.0,10.0,2.421593405518132,55.0,18.46,72.02300452615877,independent_sample
8.316666666666666,70.0,60.0,50.0,87.11576011157601,8758.0,10.0,9.875896700316426,37.0,28.97,57.54748733956434,real_fitbit_joined
9.466666666666667,80.0,50.0,57.0,75.9422543031649,6083.0,10.0,4.519733829865846,41.0,19.44,79.53535312090287,real_fitbit_joined
7.1,60.0,80.0,62.0,89.77948717948718,6580.0,9.2,4.134299203209704,28.0,26.47,63.46659419191557,real_fitbit_joined
8.1,60.0,80.0,56.0,140.0,3700.0,8.0,1.7631281444122289,29.0,23.76,75.69259009883385,independent_sample
6.5,60.0,70.0,44.0,99.92120075046904,8964.0,9.6,1.6497856808125826,20.0,29.92,64.39164781101786,real_fitbit_joined
7.1,80.0,50.0,74.0,139.0,7000.0,10.0,6.085767812074806,59.0,33.07,63.18188951566023,independent_sample
6.1,80.0,40.0,62.0,168.0,10000.0,10.0,5.480312572308612,42.0,16.25,67.30888449379428,independent_sample
6.0,60.0,80.0,52.0,123.0,5000.0,10.0,4.891116037630126,43.0,25.56,60.48052118471491,independent_sample
8.3,90.0,30.0,68.0,136.0,5000.0,7.6,6.73919422206342,49.0,26.41,73.41960290127027,independent_sample
6.966666666666667,80.0,50.0,59.0,106.57502953918866,16358.0,10.0,6.606014282371002,50.0,16.28,66.60081966942016,real_fitbit_joined
8.1,60.0,70.0,66.0,146.0,7000.0,10.0,7.210044017385991,44.0,15.5,60.19321173218588,independent_sample
6.5,80.0,50.0,47.0,79.88053097345133,12375.0,10.0,6.471145835141002,44.0,26.16,60.65846060656029,real_fitbit_joined
4.083333333333333,60.0,80.0,65.0,97.97114118069692,7476.0,10.0,6.580654803356621,44.0,29.26,53.45827077711996,real_fitbit_joined
7.75,90.0,30.0,58.0,104.06337709370756,11135.0,10.0,2.0787883060031453,47.0,27.2,84.70703416751194,real_fitbit_joined
8.1,70.0,40.0,64.0,136.0,7000.0,6.8,5.5468609621897444,57.0,14.88,74.22126162125566,independent_sample
8.4,60.0,80.0,65.0,149.0,5000.0,10.0,4.769139871667452,45.0,16.5,71.00454776177192,independent_sample
7.35,80.0,50.0,73.0,116.27704485488127,11761.0,9.2,2.9030320629689017,28.0,26.47,75.03235831632786,real_fitbit_joined
6.3,70.0,40.0,58.0,143.0,6000.0,10.0,1.172160697935583,41.0,25.75,77.4467277584797,independent_sample
8.45,60.0,80.0,64.0,93.54489436619718,8915.0,10.0,7.69157430662447,32.0,18.79,61.496763536577646,real_fitbit_joined
6.2,90.0,30.0,61.0,91.93132832080201,11107.0,9.6,8.371920859067798,50.0,18.24,64.25963146577249,real_fitbit_joined
7.2,80.0,50.0,58.0,136.0,8000.0,10.0,8.064072794003208,54.0,28.56,64.08322682775862,independent_sample
6.55,60.0,70.0,61.0,95.64293478260869,3403.0,10.0,6.220775870540301,53.0,22.96,62.588905462118575,real_fitbit_joined
5.916666666666667,50.0,70.0,49.0,105.13025780189959,14873.0,8.4,5.625905402438297,24.0,27.82,61.73205616157819,real_fitbit_joined
6.75,70.0,60.0,60.0,87.72509578544062,7804.0,6.0,5.173285644459839,52.0,18.68,62.26411504719718,real_fitbit_joined
7.7,60.0,80.0,66.0,148.0,8000.0,9.2,1.6561165183111317,41.0,22.06,74.303419487426,independent_sample
6.0,80.0,50.0,56.0,137.0,5000.0,10.0,9.71683598529903,18.0,21.66,54.34828616647166,independent_sample
8.4,90.0,30.0,60.0,128.0,5000.0,10.0,5.549096061194049,49.0,21.78,74.27328989000655,independent_sample
7.35,70.0,60.0,56.0,76.82283252557889,11596.0,10.0,5.577136220482325,27.0,19.01,65.98763827094697,real_fitbit_joined
6.0,70.0,40.0,59.0,156.0,5000.0,10.0,5.674472735535436,54.0,29.1,68.46316512291857,independent_sample
7.483333333333333,70.0,60.0,53.0,96.20393474088291,12574.0,9.2,8.349394955244193,34.0,23.28,58.479274220884285,real_fitbit_joined
8.5,70.0,60.0,62.0,160.0,5000.0,10.0,7.664285187581672,42.0,17.77,68.91342751957997,independent_sample
8.6,80.0,40.0,63.0,95.37914230019493,3587.0,10.0,3.459335742983884,25.0,36.01,85.81986371792767,real_fitbit_joined
1.2833333333333334,60.0,80.0,68.0,130.0587668593449,1982.0,10.0,1.1773948397892773,27.0,25.54,51.50678851923247,real_fitbit_joined
7.6,40.0,80.0,62.0,132.0,8000.0,10.0,7.426474510403141,35.0,27.97,63.94481037234306,independent_sample
8.0,90.0,30.0,60.0,154.0,7000.0,10.0,1.7355281117210044,42.0,19.65,80.94269621089549,independent_sample
8.0,60.0,70.0,58.0,164.0,7000.0,10.0,5.8918439560838145,38.0,15.8,68.62827766224737,independent_sample
8.666666666666666,90.0,30.0,56.0,74.78026666666666,3727.0,10.0,1.7346698382753063,41.0,26.64,88.33636685513576,real_fitbit_joined
7.2,90.0,30.0,63.0,128.0,8000.0,10.0,5.121961831032143,39.0,32.32,76.75797258313169,independent_sample
6.2,60.0,80.0,69.0,139.0,10000.0,10.0,3.8698013648902494,30.0,22.48,62.58144881153495,independent_sample
7.4,90.0,30.0,52.0,141.0,3300.0,10.0,8.305928092811238,31.0,19.51,64.20798579384969,independent_sample
7.366666666666666,80.0,50.0,48.0,82.21674370826914,10055.0,10.0,9.38906454235251,23.0,16.8,56.60007406838493,real_fitbit_joined
7.6,80.0,50.0,63.0,153.0,8000.0,8.8,6.711241757952734,46.0,24.34,67.90141455503412,independent_sample
8.466666666666667,90.0,30.0,59.0,100.66456059735783,19542.0,10.0,8.701268212956572,34.0,24.09,67.50491748282543,real_fitbit_joined
7.1,80.0,40.0,56.0,165.0,7000.0,7.2,6.9741071755803015,33.0,27.64,66.16030791942084,independent_sample
5.666666666666667,70.0,40.0,57.0,96.92633361558002,11306.0,8.4,2.636424704863906,50.0,30.63,72.15737774549066,real_fitbit_joined
6.5,90.0,30.0,65.0,155.0,6000.0,10.0,8.023385112138824,24.0,25.83,58.74743691435525,independent_sample
7.45,40.0,80.0,53.0,70.48880597014926,4249.0,8.0,8.782501386295479,54.0,20.71,47.957558226256936,real_fitbit_joined
7.6,60.0,80.0,62.0,167.0,8000.0,8.4,3.3391448131854955,51.0,18.32,73.97429977058637,independent_sample
6.0,50.0,70.0,50.0,153.0,10000.0,7.2,4.938428116498527,36.0,21.3,60.96953714635495,independent_sample
7.1,90.0,30.0,72.0,125.0,7000.0,10.0,1.6090152571000143,34.0,17.94,84.21239193463967,independent_sample
7.7,80.0,50.0,63.0,131.0,8000.0,10.0,6.145713848293738,28.0,17.2,71.56846872706718,independent_sample
8.4,60.0,80.0,65.0,150.0,5000.0,10.0,1.5760571194775883,36.0,25.23,74.41224532241884,independent_sample
8.0,90.0,30.0,62.0,129.0,7000.0,10.0,8.578299649387791,40.0,17.54,70.09240534284964,independent_sample
8.4,40.0,80.0,71.0,130.0,5000.0,10.0,6.612271192024838,26.0,26.01,64.88652727965018,independent_sample
5.833333333333333,80.0,50.0,53.0,65.65757575757576,655.0,9.2,3.0123625466750736,43.0,18.19,68.16876421334203,real_fitbit_joined
6.3,60.0,70.0,50.0,125.0,6000.0,10.0,6.146850441044679,23.0,24.84,58.55937599563241,independent_sample
8.6,60.0,80.0,55.0,91.73996952767902,2421.0,7.2,6.33115295734026,58.0,21.58,63.39550685884381,real_fitbit_joined
6.3,70.0,40.0,64.0,163.0,6000.0,10.0,8.771927702630906,56.0,16.97,61.5299044495327,independent_sample
6.2,80.0,40.0,68.0,160.0,5000.0,6.4,9.638765224421098,45.0,25.23,51.844051839621976,independent_sample
7.5,90.0,30.0,72.0,123.0,8000.0,6.4,7.609995388680323,19.0,27.03,64.27219781607897,independent_sample
7.366666666666666,90.0,30.0,60.0,95.29390187987161,9471.0,10.0,6.930315477191362,56.0,24.37,71.77428088739161,real_fitbit_joined
8.383333333333333,70.0,60.0,55.0,82.10113519091847,1619.0,8.0,2.997749457396545,28.0,20.06,75.89364836500424,real_fitbit_joined
6.4,80.0,50.0,60.0,161.0,4100.0,8.8,3.22606284237175,53.0,21.26,71.8080163356434,independent_sample
7.95,70.0,40.0,49.0,117.00041101520756,8596.0,10.0,8.830889865108368,41.0,43.31,60.038118650141946,real_fitbit_joined
7.9,80.0,50.0,55.0,153.0,8000.0,8.0,4.791232479646649,29.0,23.76,72.53475002972517,independent_sample
4.083333333333333,80.0,40.0,65.0,97.97114118069692,7476.0,8.8,1.7907984923035003,33.0,33.5,69.97325789788513,real_fitbit_joined
7.8,80.0,50.0,54.0,129.0,8000.0,10.0,4.01060159867739,18.0,21.02,70.60108745446912,independent_sample
6.3,90.0,30.0,60.0,121.0,6000.0,10.0,7.179309221433461,43.0,19.37,65.58692862379843,independent_sample
6.2,60.0,80.0,62.0,129.0,5500.0,10.0,8.354153278140267,51.0,41.34,54.69814949104664,independent_sample
5.95,80.0,60.0,61.0,108.97277529459569,13217.0,7.6,5.244185696951425,26.0,19.91,62.13032871813492,real_fitbit_joined
7.45,60.0,70.0,53.0,70.48880597014926,4249.0,10.0,9.110422094418901,37.0,23.35,53.52438760451109,real_fitbit_joined
8.15,80.0,40.0,63.0,98.69517439082657,12342.0,10.0,2.507343240331628,33.0,24.13,85.0032765385172,real_fitbit_joined
7.3,60.0,80.0,56.0,142.0,6200.0,10.0,7.797433784471272,54.0,27.92,56.07739165112996,independent_sample
7.3,90.0,30.0,56.0,132.0,8000.0,8.8,8.327131170320456,34.0,23.46,62.4133095190889,independent_sample
6.5,70.0,70.0,44.0,99.92120075046904,8964.0,6.8,2.5121278697037708,21.0,22.98,64.98490695737416,real_fitbit_joined
8.5,80.0,40.0,65.0,150.0,5000.0,7.2,5.124705773757908,49.0,22.54,77.2701970017226,independent_sample
8.2,90.0,30.0,61.0,97.57859680284191,11495.0,10.0,4.828927947547751,56.0,20.55,77.55949437234567,real_fitbit_joined
7.2,70.0,60.0,68.0,134.0,7000.0,10.0,3.631447993709738,48.0,32.7,71.52462887238238,independent_sample
7.5,80.0,50.0,58.0,144.0,8000.0,10.0,2.941666112588087,48.0,23.88,76.00184473163293,independent_sample
5.366666666666666,80.0,40.0,56.0,94.87579329102448,11682.0,10.0,8.372699734841111,49.0,21.78,56.1338683665468,real_fitbit_joined
8.3,60.0,80.0,50.0,126.0,5000.0,8.0,8.147775981493758,29.0,23.76,55.70688470496603,independent_sample
7.2,60.0,80.0,50.0,149.0,7000.0,10.0,9.970271684676792,36.0,20.28,49.47763501014404,independent_sample
7.3,60.0,80.0,51.0,168.0,8000.0,10.0,6.706936282386982,50.0,17.61,59.51373216771025,independent_sample
6.0,70.0,60.0,50.0,130.0,10000.0,10.0,4.578511406975835,39.0,32.32,65.71176541269455,independent_sample
7.366666666666666,90.0,30.0,53.0,92.93109613533214,5546.0,8.8,8.354999801810942,56.0,36.22,64.50081565562324,real_fitbit_joined
7.8,80.0,50.0,63.0,160.0,8000.0,10.0,6.6150625266247465,52.0,28.46,68.01574709318542,independent_sample
6.0,60.0,70.0,68.0,131.0,10000.0,9.2,3.163590216041562,56.0,17.51,66.52392030414545,independent_sample
6.5,70.0,60.0,62.0,150.0,6000.0,10.0,1.9989052229213295,59.0,34.24,74.1801572814961,independent_sample
6.5,60.0,80.0,64.0,140.0,6000.0,8.8,1.0478212810151135,46.0,24.34,75.78875685852633,independent_sample
7.633333333333334,60.0,70.0,55.0,86.48223350253807,2564.0,10.0,7.854576537958458,53.0,17.11,62.947682554205834,real_fitbit_joined
8.816666666666666,90.0,40.0,47.0,126.51131824234355,17298.0,10.0,5.952038879406356,59.0,20.28,70.84733899508394,real_fitbit_joined
7.8,60.0,70.0,63.0,155.0,7000.0,9.2,5.374004444178427,19.0,27.34,66.55590318383797,independent_sample
8.5,70.0,40.0,69.0,155.0,5000.0,10.0,3.177044454329551,37.0,40.1,84.380216712849,independent_sample
7.2,80.0,40.0,60.0,161.0,8000.0,10.0,9.671493167988295,42.0,23.8,59.64963131734283,independent_sample
8.2,60.0,80.0,61.0,97.57859680284191,11495.0,10.0,7.9299419778874976,33.0,21.45,58.203104573424355,real_fitbit_joined
6.8,70.0,40.0,64.0,158.0,6000.0,10.0,6.041513651156578,50.0,31.75,66.51663367410872,independent_sample
6.5,80.0,50.0,56.0,121.0,6000.0,10.0,7.44757400762289,58.0,19.88,59.09583964335489,independent_sample
7.116666666666666,70.0,50.0,61.0,95.9585,10145.0,10.0,5.789021367387841,50.0,15.42,65.48469894775512,real_fitbit_joined
6.2,60.0,80.0,57.0,132.0,10000.0,10.0,6.60172277409397,47.0,22.64,54.03430965697548,independent_sample
6.0,60.0,70.0,66.0,145.0,5000.0,10.0,6.72486441768588,23.0,29.46,57.88810299640601,independent_sample
7.433333333333334,90.0,30.0,65.0,91.30823680823681,1291.0,10.0,1.0625691747807164,47.0,22.81,85.57449769104464,real_fitbit_joined
6.1,80.0,40.0,55.0,155.0,10000.0,7.6,1.1053594965781366,46.0,19.1,76.3258833781105,independent_sample
6.3,80.0,50.0,59.0,155.0,6000.0,10.0,1.588295418079467,56.0,31.53,76.16721881115241,independent_sample
9.266666666666667,60.0,70.0,63.0,89.24902723735408,5472.0,7.2,7.3271706300566,57.0,26.36,67.98928457475492,real_fitbit_joined
7.183333333333334,90.0,30.0,49.0,96.97294685990339,4038.0,10.0,5.664966871273631,45.0,19.74,68.91072532830285,real_fitbit_joined
8.2,80.0,50.0,68.0,127.0,7000.0,7.6,2.1855589610910573,42.0,24.22,75.70709256391378,independent_sample
7.666666666666667,90.0,30.0,60.0,91.23887174966946,10080.0,10.0,8.22723308049397,24.0,18.76,69.65899378740424,real_fitbit_joined
3.9166666666666665,60.0,70.0,62.5,105.92727272727272,4053.0,10.0,3.8870205847456223,40.0,25.92,63.133299237596965,real_fitbit_joined
8.4,70.0,40.0,67.0,157.0,5000.0,10.0,6.830357013914755,38.0,26.48,72.49364345309537,independent_sample
7.7,70.0,60.0,53.0,132.0,8000.0,9.2,3.5584668363476504,38.0,46.98,71.95484653263169,independent_sample
7.016666666666667,90.0,30.0,52.0,83.76093023255814,10553.0,10.0,2.170776161175688,32.0,26.22,83.68805019883914,real_fitbit_joined
7.1,60.0,70.0,58.0,129.0,8000.0,10.0,8.138285865970655,35.0,29.34,53.94302757050486,independent_sample
4.566666666666666,60.0,80.0,63.0,91.15162241887906,6176.0,10.0,5.444160367279517,51.0,32.75,54.735509741072796,real_fitbit_joined
6.0,90.0,30.0,71.0,146.0,8000.0,6.8,2.4432886550776884,57.0,14.88,75.40642290882681,independent_sample
8.1,90.0,30.0,64.0,129.0,3700.0,10.0,9.990033508299616,27.0,30.64,69.3735109584881,independent_sample
8.0,90.0,30.0,74.0,152.0,7000.0,10.0,6.379014544324328,38.0,27.61,66.35744357219218,independent_sample
7.383333333333334,80.0,40.0,59.0,86.78262910798122,5908.0,6.8,5.865716094490959,37.0,26.47,65.76064510193179,real_fitbit_joined
6.4,40.0,80.0,70.0,151.0,6000.0,7.6,6.431388999368093,23.0,23.6,55.859371643963804,independent_sample
8.316666666666666,90.0,30.0,54.0,95.68524740378741,4299.0,8.8,2.007276574579551,44.0,24.25,81.8884149863902,real_fitbit_joined
6.483333333333333,80.0,50.0,48.0,88.8284289276808,9917.0,10.0,4.606867547877934,32.0,37.76,63.808134627687316,real_fitbit_joined
7.2,90.0,30.0,61.0,166.0,7000.0,10.0,7.810763551197716,22.0,27.05,69.64273084235005,independent_sample
6.3,80.0,40.0,66.0,135.0,6000.0,10.0,1.5604579529369706,18.0,27.68,75.78467235642229,independent_sample
6.6,90.0,30.0,50.0,147.0,6000.0,10.0,4.379220356198504,40.0,15.75,71.57526952399085,independent_sample
10.966666666666667,60.0,80.0,52.0,68.11269208878771,2713.0,9.6,7.976195410250031,34.0,19.43,66.81196011463571,real_fitbit_joined
6.1,90.0,30.0,65.0,157.0,10000.0,10.0,4.242105269203851,18.0,27.01,74.34990913313474,independent_sample
6.85,60.0,80.0,61.0,87.1576059850374,5454.0,10.0,4.817176041721474,57.0,23.53,65.0630799495439,real_fitbit_joined
5.483333333333333,70.0,50.0,51.0,84.991254919108,10181.0,10.0,9.525237196454729,32.0,24.36,53.24016431629749,real_fitbit_joined
8.1,80.0,50.0,68.0,137.0,7000.0,10.0,7.168994948997113,42.0,16.25,66.9323067908535,independent_sample
8.5,60.0,70.0,56.0,164.0,5000.0,10.0,2.085025747633212,21.0,32.69,75.84713796440352,independent_sample
6.0,80.0,50.0,72.0,152.0,10000.0,10.0,2.0036099108914875,45.0,16.5,70.48611411793334,independent_sample
8.4,80.0,50.0,66.0,135.0,5000.0,8.0,4.888170348350554,39.0,21.87,75.8548850322488,independent_sample
7.083333333333333,60.0,80.0,60.0,109.83325902808738,10725.0,9.2,5.547271352030714,31.0,33.61,60.257026060451864,real_fitbit_joined
7.133333333333334,80.0,60.0,46.0,80.08198433420365,10074.0,10.0,4.180792413724463,24.0,27.53,69.57650398451092,real_fitbit_joined
6.0,80.0,40.0,56.0,156.0,5000.0,10.0,6.5535986450602115,59.0,17.6,64.53896257014628,independent_sample
6.65,70.0,40.0,53.0,97.59076212471132,12346.0,10.0,3.252186083481358,44.0,27.94,73.6871011325834,real_fitbit_joined
7.483333333333333,80.0,50.0,53.0,96.20393474088291,12574.0,10.0,1.6406978361420608,18.0,24.31,80.5215742805244,real_fitbit_joined
7.716666666666667,70.0,60.0,62.0,94.32549877015578,6429.0,9.6,8.550082778013408,34.0,19.43,62.83214513620338,real_fitbit_joined
6.5,70.0,60.0,50.0,121.0,6000.0,10.0,3.7355176111665145,21.0,38.76,69.32802718850681,independent_sample
6.6,80.0,50.0,70.0,153.0,6000.0,9.6,7.055845017382718,47.0,22.18,56.29525722117,independent_sample
8.4,70.0,40.0,49.0,104.61335740072202,8869.0,10.0,3.64232659838044,37.0,22.67,75.34856247321427,real_fitbit_joined
7.2,60.0,70.0,64.0,160.0,7000.0,8.0,9.154783544331345,20.0,34.83,57.02572948725822,independent_sample
8.0,80.0,50.0,65.0,168.0,7000.0,6.4,6.878465114781547,20.0,20.47,64.72107596978037,independent_sample
1.7166666666666666,60.0,80.0,70.0,113.621755935947,9148.0,10.0,1.1629916543875645,50.0,29.3,56.016100423940244,real_fitbit_joined
8.4,60.0,80.0,49.0,104.61335740072202,8869.0,10.0,5.014051956621602,46.0,28.59,65.5371400985745,real_fitbit_joined
8.5,70.0,60.0,60.0,121.0,5000.0,6.0,3.039907620042892,52.0,18.68,74.14199163669677,independent_sample
5.633333333333334,70.0,40.0,56.0,97.25783040488923,15444.0,9.6,6.451973374211985,53.0,23.53,58.4078149571268,real_fitbit_joined
5.9,70.0,70.0,73.0,133.0,3000.0,10.0,6.469769100274503,21.0,24.87,58.60201125117007,independent_sample
6.6,80.0,50.0,50.0,147.0,4800.0,10.0,1.9481093603319986,49.0,29.98,74.87414707509122,independent_sample
7.783333333333333,80.0,50.0,61.0,92.21968616262482,10352.0,10.0,2.098989226090241,49.0,29.98,79.53977422532493,real_fitbit_joined
7.1,80.0,40.0,67.0,132.0,6000.0,10.0,3.2081708274958993,19.0,19.13,78.30506020423073,independent_sample
6.333333333333333,60.0,80.0,66.0,103.73809523809524,14450.0,8.4,2.019142412566797,53.0,17.65,72.14321442612898,real_fitbit_joined
6.1,80.0,50.0,64.0,155.0,10000.0,10.0,4.145557348781369,45.0,25.49,64.49601057307383,independent_sample
7.3,80.0,40.0,58.0,165.0,5000.0,10.0,8.054126060368574,43.0,30.55,64.28997308504881,independent_sample
6.5,80.0,40.0,57.0,132.0,4000.0,10.0,7.405505251714438,57.0,27.7,63.22133070165348,independent_sample
8.5,60.0,70.0,50.0,133.0,5000.0,9.2,3.920606201578079,25.0,19.91,68.89143035681803,independent_sample
7.116666666666666,70.0,40.0,61.0,95.9585,10145.0,8.0,3.4732543199332246,27.0,22.44,79.32984365257036,real_fitbit_joined
7.533333333333333,70.0,40.0,61.0,106.09291061206517,6722.0,8.0,2.0763482134447155,42.0,27.78,78.85808359484301,real_fitbit_joined
4.966666666666667,80.0,50.0,62.0,91.87692307692308,6815.0,7.6,3.3211254434044584,45.0,26.05,71.7243092671534,real_fitbit_joined
7.6,90.0,30.0,68.0,126.0,8000.0,10.0,9.864906905267876,43.0,19.37,60.85512374736851,independent_sample
6.7,80.0,40.0,65.0,140.0,6000.0,8.0,8.741257240144915,29.0,23.76,59.73261858791297,independent_sample
6.4,80.0,40.0,74.0,146.0,6000.0,10.0,9.045907390070834,20.0,35.93,54.582365541387716,independent_sample
6.2,80.0,50.0,71.0,169.0,5500.0,10.0,1.591253730589292,45.0,27.93,72.20987685498417,independent_sample
6.5,70.0,50.0,60.0,166.0,6000.0,8.4,1.9492632996096753,59.0,28.35,74.78890316926324,independent_sample
7.3,70.0,70.0,61.0,141.0,8000.0,10.0,8.087941772729014,38.0,27.84,62.060151802358725,independent_sample
6.45,50.0,70.0,62.0,95.34040062434964,6107.0,10.0,5.910551103843415,26.0,31.64,64.57275511970315,real_fitbit_joined
6.0,80.0,40.0,56.0,131.0,8000.0,10.0,1.0001047127982954,49.0,24.31,76.48065466561685,independent_sample
7.2,70.0,60.0,62.0,135.0,7000.0,10.0,1.828602874742279,59.0,34.06,80.42077018504769,independent_sample
7.5,80.0,50.0,53.0,120.0,8000.0,9.2,1.8688102317589674,49.0,23.94,79.04008031710289,independent_sample
6.3,60.0,70.0,52.0,138.0,6000.0,10.0,3.8150019028931865,49.0,14.69,68.44099616217405,independent_sample
6.9,60.0,80.0,62.0,150.0,5500.0,7.6,1.1620590004040905,56.0,27.12,69.9147598164228,independent_sample
7.1,40.0,80.0,61.0,167.0,6000.0,8.0,5.550707380797629,45.0,23.84,64.99634888461844,independent_sample
7.2,70.0,60.0,72.0,142.0,7000.0,10.0,4.002655562531791,45.0,25.49,71.3785738490621,independent_sample
9.25,70.0,60.0,62.0,97.93510184746566,7328.0,8.4,4.233100324597891,53.0,30.59,79.79779826689648,real_fitbit_joined
6.316666666666666,80.0,50.0,56.0,95.43331836551414,9938.0,10.0,9.662025654479,57.0,29.97,53.67590909876115,real_fitbit_joined
6.1,80.0,50.0,61.0,167.0,5000.0,6.0,6.469774147860873,33.0,23.78,62.65588050731045,independent_sample
8.2,90.0,30.0,63.0,129.0,7000.0,7.6,7.980506658327947,37.0,23.53,71.90963192474898,independent_sample
8.45,60.0,80.0,64.0,93.54489436619718,8915.0,10.0,6.336459413575328,26.0,23.84,68.10055770440245,real_fitbit_joined
8.1,90.0,30.0,54.0,84.68608037274316,1219.0,10.0,6.107867634354023,57.0,43.4,70.78109261484279,real_fitbit_joined
7.55,80.0,60.0,57.0,114.65259348612787,11611.0,9.6,1.6996117326848634,51.0,25.02,81.00847584921945,real_fitbit_joined
6.0,60.0,80.0,66.0,156.0,5000.0,10.0,4.177453524402722,30.0,22.48,64.51842728522072,independent_sample
6.5,80.0,50.0,44.0,99.92120075046904,8964.0,10.0,2.6779443592982908,57.0,23.53,69.08332989047838,real_fitbit_joined
6.6,80.0,50.0,68.0,141.0,6000.0,7.2,9.967009038645227,49.0,22.54,56.33943435547194,independent_sample
8.0,70.0,40.0,64.0,136.0,7000.0,10.0,5.178146677653024,32.0,33.4,71.34991005200196,independent_sample
7.7,80.0,50.0,52.0,151.0,8000.0,10.0,7.735202682991658,23.0,44.84,61.84805784715548,independent_sample
7.6,80.0,50.0,53.0,158.0,8000.0,8.4,4.340551810938648,37.0,21.84,73.64848221749212,independent_sample
6.3,80.0,50.0,69.0,135.0,6000.0,10.0,1.6027625082274437,29.0,19.88,73.9852646123887,independent_sample
8.666666666666666,80.0,50.0,56.0,74.78026666666666,3727.0,10.0,1.2758725198522547,50.0,32.69,81.95211498220716,real_fitbit_joined
7.1,80.0,50.0,73.0,120.0,7000.0,9.6,5.972508706671002,37.0,22.56,64.08641684814633,independent_sample
6.2,90.0,30.0,57.0,132.0,5000.0,8.0,2.460100652042314,48.0,26.99,75.59279060033062,independent_sample
6.666666666666667,90.0,30.0,56.0,74.95350172215844,9632.0,10.0,1.6928191884591368,48.0,28.12,81.3361410099531,real_fitbit_joined
8.4,60.0,80.0,73.0,132.0,5000.0,10.0,1.9964853399368412,21.0,34.53,74.48140525773952,independent_sample
8.783333333333333,90.0,30.0,47.0,97.60372093023256,9893.0,6.8,9.219164973008242,57.0,14.88,65.34704659726391,real_fitbit_joined
7.783333333333333,80.0,50.0,61.0,98.12257019438445,10524.0,9.6,4.223464462295564,55.0,26.43,75.98993594182306,real_fitbit_joined
7.2,80.0,40.0,54.0,169.0,8000.0,6.8,4.699860423406359,33.0,22.27,73.35647706144178,independent_sample
6.7,80.0,50.0,74.0,147.0,5600.0,10.0,1.8021198890441497,54.0,21.72,73.93997302934247,independent_sample
7.7,90.0,30.0,70.0,145.0,8000.0,10.0,1.7519890375962077,58.0,21.27,86.86270299411025,independent_sample
6.5,80.0,40.0,44.0,99.92120075046904,8964.0,9.6,1.913243885794289,31.0,19.82,68.93204870080966,real_fitbit_joined
6.6,90.0,30.0,64.0,125.0,6000.0,10.0,8.897230419890338,41.0,26.64,64.10886912868678,independent_sample
7.7,90.0,30.0,56.0,132.0,8000.0,10.0,8.9462333486685,50.0,15.65,59.98784736310566,independent_sample
7.2,60.0,80.0,73.0,133.0,8000.0,8.8,7.097880407130579,28.0,26.14,54.36452586373913,independent_sample
7.35,80.0,50.0,56.0,103.66576454668471,10433.0,6.0,6.8132551719844106,33.0,23.95,61.648475987008446,real_fitbit_joined
7.066666666666666,70.0,40.0,48.0,92.59003291020217,6805.0,10.0,7.147060960747211,50.0,15.65,64.59540847980597,real_fitbit_joined
8.1,70.0,40.0,69.0,125.0,7000.0,10.0,6.768748696107988,39.0,19.41,65.13624650347387,independent_sample
8.1,90.0,30.0,60.0,157.0,5000.0,10.0,1.5606261831705641,56.0,39.77,85.05363259999181,independent_sample
6.85,80.0,40.0,57.0,69.50108459869848,42.0,7.6,4.06723186227716,40.0,28.2,69.57168708208401,real_fitbit_joined
7.1,90.0,30.0,51.0,168.0,7000.0,10.0,2.2532083400583565,26.0,40.52,80.69022038231208,independent_sample
7.2,70.0,60.0,52.0,145.0,7000.0,8.4,3.155591529185843,41.0,15.9,69.97748590607576,independent_sample
7.366666666666666,70.0,40.0,55.0,73.99051233396584,1868.0,9.6,7.502069037353548,38.0,16.01,62.59598152346763,real_fitbit_joined
6.233333333333333,90.0,40.0,57.0,82.423786407767,8328.0,9.6,7.670085843610531,50.0,20.13,60.814517184230844,real_fitbit_joined
6.0,80.0,50.0,72.0,123.0,10000.0,10.0,7.636834771936095,21.0,19.92,59.84101303682416,independent_sample
6.1,90.0,30.0,61.0,123.0,5000.0,10.0,3.8904593737235813,49.0,14.69,73.6248515984606,independent_sample
10.316666666666666,80.0,40.0,55.0,78.76546391752578,4660.0,10.0,9.05334990454475,35.0,25.01,71.29325267982344,real_fitbit_joined
6.0,90.0,30.0,63.0,131.0,10000.0,6.8,5.84498748930142,37.0,18.13,66.61761885447781,independent_sample
1.7166666666666666,40.0,80.0,70.0,113.621755935947,9148.0,10.0,9.39455635018612,47.0,22.81,31.545146095347608,real_fitbit_joined
8.6,80.0,40.0,55.0,91.73996952767902,2421.0,10.0,4.493529335858697,53.0,17.89,78.56086249054991,real_fitbit_joined
1.2833333333333334,70.0,40.0,68.0,130.0587668593449,1982.0,8.0,5.780525752009288,24.0,26.4,50.00324199383501,real_fitbit_joined
7.016666666666667,60.0,80.0,48.0,93.25023084025854,6393.0,10.0,5.793555398095209,34.0,24.5,64.38362475720785,real_fitbit_joined
8.1,60.0,80.0,54.0,142.0,7000.0,8.4,6.374397753912717,18.0,19.01,61.194364852948205,independent_sample
6.816666666666666,60.0,80.0,51.0,83.46244879380974,12533.0,10.0,3.496430646830194,41.0,25.75,65.60019520567101,real_fitbit_joined
8.4,60.0,80.0,52.0,157.0,5000.0,10.0,7.5435108545385114,32.0,23.56,60.480871423857856,independent_sample
6.6,60.0,80.0,65.0,159.0,6000.0,8.4,2.901086483256379,25.0,18.41,64.48425961483754,independent_sample
6.6,60.0,80.0,50.0,126.0,6000.0,6.8,5.880134849426635,21.0,28.03,53.14886115157347,independent_sample
7.85,60.0,70.0,48.0,79.84838350055742,9603.0,10.0,6.2719802314611695,23.0,29.46,66.42523387073447,real_fitbit_joined
8.1,50.0,70.0,65.0,155.0,7000.0,9.2,4.625859543693734,34.0,23.28,69.24095752271012,independent_sample
6.666666666666667,60.0,80.0,56.0,74.95350172215844,9632.0,10.0,6.609683141448022,56.0,40.71,54.978565490432324,real_fitbit_joined
7.2,80.0,40.0,69.0,128.0,8000.0,7.6,5.820909394128208,42.0,16.56,69.02106941896785,independent_sample
7.216666666666667,80.0,40.0,62.0,105.87620357634113,10762.0,10.0,2.4472724627574878,53.0,17.11,79.76578928344816,real_fitbit_joined
6.0,50.0,70.0,59.0,133.0,5000.0,6.4,8.829722436829165,25.0,23.75,54.03213517099015,independent_sample
6.6,70.0,40.0,69.0,123.0,6000.0,10.0,5.14485547546726,23.0,18.62,68.77331441758761,independent_sample
6.3,90.0,30.0,65.0,164.0,6000.0,9.6,5.543160384740753,37.0,22.15,67.80109891648863,independent_sample
7.3,70.0,40.0,50.0,123.0,8000.0,10.0,6.912596406404256,30.0,23.08,68.65419125898951,independent_sample
7.2,80.0,50.0,67.0,139.0,7000.0,10.0,9.710740313605275,49.0,29.98,62.77450898584135,independent_sample
7.716666666666667,90.0,30.0,59.0,73.91745036572622,4926.0,8.8,7.322184734896935,28.0,26.14,71.26587960457324,real_fitbit_joined
7.9,60.0,70.0,60.0,107.34586466165413,10449.0,10.0,3.0143585334036076,40.0,19.63,72.34900848117671,real_fitbit_joined
7.8,70.0,60.0,66.0,145.0,8000.0,10.0,8.234330906741022,53.0,17.89,64.0202901961999,independent_sample
1.1,90.0,30.0,63.0,107.92268786127168,12084.0,9.2,5.704595464437946,25.0,29.71,56.05449102647358,real_fitbit_joined
8.2,80.0,50.0,54.0,156.0,7000.0,10.0,6.219854086853181,32.0,18.79,71.76196372694909,independent_sample
8.333333333333334,90.0,30.0,59.0,88.45851339671565,8247.0,8.4,6.498828899658926,47.0,16.66,75.01693969261859,real_fitbit_joined
7.6,80.0,40.0,52.0,151.0,8000.0,10.0,7.199967718450816,49.0,17.44,65.76927308542567,independent_sample
6.7,90.0,40.0,63.0,100.15845070422536,14400.0,6.0,8.467676233364815,23.0,26.26,61.13317442039429,real_fitbit_joined
6.5,80.0,40.0,68.0,136.0,6000.0,6.4,3.6145405510427837,19.0,20.91,72.39666119740207,independent_sample
8.4,90.0,30.0,49.0,104.61335740072202,8869.0,10.0,1.1309019910109375,40.0,39.12,86.46066438871111,real_fitbit_joined
7.3,90.0,30.0,70.0,131.0,6200.0,8.4,5.56670744846028,25.0,18.41,73.54037982520413,independent_sample
6.2,60.0,80.0,59.0,163.0,5000.0,9.6,3.8950299069359375,29.0,29.89,62.418241231771866,independent_sample
8.1,80.0,50.0,63.0,138.0,7000.0,10.0,6.935596917766931,35.0,33.14,69.73039747408299,independent_sample
6.65,80.0,50.0,59.0,112.6396933560477,12437.0,10.0,1.2590440868200508,56.0,39.77,83.91915825465969,real_fitbit_joined
6.516666666666667,90.0,30.0,69.0,98.85607008760951,1282.0,8.4,4.421760569072713,37.0,21.84,73.29506344351546,real_fitbit_joined
2.05,90.0,30.0,67.0,138.01760563380282,6543.0,7.6,5.147008912294532,25.0,22.6,56.41018631826708,real_fitbit_joined
6.4,90.0,30.0,51.0,167.0,6000.0,10.0,9.475227879922276,40.0,20.86,58.37582250456556,independent_sample
8.0,60.0,70.0,74.0,163.0,7000.0,10.0,5.875343311690036,34.0,46.9,66.30518391148853,independent_sample
7.416666666666667,70.0,60.0,61.0,87.92023065833733,10129.0,7.6,2.6069019584890025,25.0,22.6,75.93681676564387,real_fitbit_joined
6.533333333333333,90.0,30.0,49.0,106.66451458632234,12087.0,10.0,3.1613105690037377,43.0,20.71,77.95095653681307,real_fitbit_joined
7.2,80.0,40.0,53.0,128.0,8000.0,10.0,9.286899476170216,55.0,45.49,62.73311085625263,independent_sample
6.6,60.0,80.0,73.0,144.0,6000.0,8.8,9.95337364569356,43.0,28.88,48.83312097132278,independent_sample
8.666666666666666,80.0,40.0,56.0,74.78026666666666,3727.0,10.0,6.7017673968480524,42.0,27.66,72.56385160788969,real_fitbit_joined
7.183333333333334,70.0,60.0,49.0,96.97294685990339,4038.0,10.0,7.20574075928405,41.0,25.08,60.841239057115615,real_fitbit_joined
6.65,60.0,70.0,59.0,112.6396933560477,12437.0,10.0,5.4563187431257685,51.0,32.75,64.57496892981716,real_fitbit_joined
6.983333333333333,80.0,30.0,48.0,92.80276322058123,8135.0,9.2,5.474572876075846,39.0,17.83,71.38595503732758,real_fitbit_joined
7.2,60.0,80.0,70.0,155.0,8000.0,8.0,5.6886217954483795,29.0,22.61,61.06550944042114,independent_sample
5.366666666666666,90.0,30.0,56.0,94.87579329102448,11682.0,9.6,3.629301836816963,55.0,26.43,69.79762699385915,real_fitbit_joined
6.6,80.0,50.0,55.0,168.0,4800.0,10.0,4.741975931709897,46.0,24.78,65.68990971178965,independent_sample
6.3,60.0,80.0,61.0,145.0,3500.0,10.0,2.201319751743494,55.0,24.76,69.54331357991647,independent_sample
7.8,80.0,40.0,50.0,127.0,8000.0,10.0,6.253422289582275,37.0,16.22,67.93385022840991,independent_sample
8.4,70.0,60.0,68.0,149.0,5000.0,6.4,3.342129381867064,19.0,20.91,68.05956638033207,independent_sample
5.2,70.0,60.0,45.0,95.31601272534465,2862.0,9.2,1.4226937009754954,39.0,17.83,66.4107565745663,real_fitbit_joined
7.8,60.0,80.0,66.0,129.0,8000.0,10.0,5.430929320010637,33.0,20.66,63.3759329541495,independent_sample
6.75,60.0,70.0,60.0,87.72509578544062,7804.0,10.0,8.7084085706949,43.0,17.88,53.105286234715734,real_fitbit_joined
7.8,70.0,40.0,74.0,135.0,8000.0,10.0,7.923744042772058,30.0,39.16,64.05547064875022,independent_sample
6.5,60.0,80.0,60.0,156.0,6000.0,10.0,2.2164966023934047,33.0,24.78,71.18055474757932,independent_sample
6.5,90.0,30.0,70.0,153.0,6000.0,10.0,8.223789788161394,31.0,18.79,63.74412442323516,independent_sample
7.366666666666666,70.0,60.0,55.0,73.99051233396584,1868.0,8.4,6.535065040292528,30.0,18.33,63.08932643703424,real_fitbit_joined
6.0,80.0,40.0,66.0,143.0,5000.0,9.6,7.4359014515533,22.0,36.25,60.56087476798183,independent_sample
7.366666666666666,80.0,50.0,48.0,82.21674370826914,10055.0,10.0,1.7681470127077947,46.0,28.59,72.56124749490724,real_fitbit_joined
7.1,90.0,30.0,59.0,144.0,7000.0,8.4,5.086014590765034,43.0,17.39,70.86766631826258,independent_sample
7.2,80.0,50.0,68.0,122.0,7000.0,8.0,6.338423971355214,42.0,27.78,68.81357093062734,independent_sample
7.9,80.0,40.0,52.0,141.0,8000.0,6.8,9.685138325090247,26.0,23.07,63.02581852982041,independent_sample
7.183333333333334,70.0,60.0,49.0,96.97294685990339,4038.0,10.0,3.5198118429425573,47.0,25.54,68.21087567301396,real_fitbit_joined
7.85,60.0,80.0,48.0,79.84838350055742,9603.0,10.0,2.4726143907250226,41.0,21.39,70.6743030612622,real_fitbit_joined
6.5,80.0,50.0,55.0,161.0,6000.0,6.0,3.472334335431028,53.0,15.43,68.91207157539286,independent_sample
8.5,90.0,30.0,61.0,129.0,5000.0,10.0,8.536303717931357,29.0,31.48,71.42058092635003,independent_sample
6.416666666666667,60.0,80.0,57.0,91.96686464520162,4369.0,7.2,8.814441524619328,42.0,21.78,50.45120727852684,real_fitbit_joined
8.316666666666666,70.0,70.0,61.0,98.68643439584878,4853.0,10.0,3.0695914530197754,38.0,27.61,77.62599222594106,real_fitbit_joined
7.516666666666667,80.0,40.0,59.0,120.24580498866213,11835.0,7.2,9.863570790661012,33.0,27.64,61.298592893734735,real_fitbit_joined
7.316666666666666,70.0,60.0,63.0,86.94711538461539,2283.0,10.0,7.85359568545725,53.0,34.29,60.91079548291152,real_fitbit_joined
7.7,80.0,40.0,66.0,121.0,8000.0,10.0,3.437256952332753,36.0,14.78,79.55425780593579,independent_sample
7.083333333333333,50.0,70.0,60.0,109.83325902808738,10725.0,10.0,4.428017709679194,40.0,24.31,70.13220595067045,real_fitbit_joined
6.4,80.0,40.0,49.0,90.7530443253775,7638.0,8.4,1.9904673207490908,27.0,26.54,73.20783959108152,real_fitbit_joined
10.316666666666666,60.0,80.0,55.0,87.22557349192863,4599.0,10.0,8.156675752918332,26.0,26.01,62.72387326522631,real_fitbit_joined
6.1,70.0,40.0,63.0,127.0,5000.0,10.0,3.9970172175237813,34.0,32.84,66.11164188737665,independent_sample
8.5,80.0,60.0,50.0,127.0,5000.0,10.0,9.502626329047716,34.0,29.53,55.98537268917232,independent_sample
7.2,90.0,30.0,53.0,156.0,8000.0,10.0,3.416803804608466,58.0,19.88,70.66970965902162,independent_sample
7.3,90.0,30.0,52.0,141.0,8000.0,10.0,5.136983833623951,59.0,28.44,78.74312499410915,independent_sample
6.0,60.0,80.0,52.0,157.0,5000.0,9.2,1.393651650780526,49.0,26.36,67.48019499067522,independent_sample
7.966666666666667,60.0,80.0,51.0,90.53748296228987,13236.0,10.0,9.148437787773373,21.0,29.89,52.020095934380166,real_fitbit_joined
6.3,90.0,30.0,61.0,167.0,6000.0,10.0,3.4674459990382527,38.0,26.48,77.50999038178401,independent_sample
7.9,60.0,80.0,66.0,131.0,8000.0,10.0,1.6917586774854716,43.0,44.71,75.46213892275807,independent_sample
6.0,90.0,30.0,67.0,156.0,10000.0,6.4,6.253955024627005,51.0,29.26,66.3970892923907,independent_sample
6.2,80.0,50.0,61.0,91.93132832080201,11107.0,10.0,8.403405045936925,41.0,23.33,63.69549549141638,real_fitbit_joined
8.35,60.0,80.0,59.0,102.22045510154148,8539.0,8.8,3.0577852495311646,53.0,28.35,76.04092370556195,real_fitbit_joined
6.0,90.0,30.0,63.0,155.0,8000.0,10.0,5.624690177860909,54.0,29.1,67.70463494526415,independent_sample
6.5,80.0,50.0,59.0,130.0,6000.0,10.0,4.132860338514593,39.0,21.65,70.00988492618586,independent_sample
7.1,80.0,50.0,50.0,161.0,6000.0,10.0,1.17230381197153,53.0,31.75,76.67582613874033,independent_sample
7.8,90.0,30.0,65.0,123.0,8000.0,8.0,3.4775939210667417,48.0,26.99,80.18830338197527,independent_sample
7.483333333333333,70.0,40.0,53.0,96.20393474088291,12574.0,7.6,1.3565694281352143,26.0,19.91,82.74477884007055,real_fitbit_joined
7.1,90.0,30.0,50.0,140.0,7000.0,6.0,1.4711951816872517,52.0,18.68,79.50016729348648,independent_sample
6.2,50.0,70.0,61.0,131.0,10000.0,8.0,4.5387568092513,50.0,18.12,60.653607829590825,independent_sample
7.1,60.0,80.0,69.0,120.0,8000.0,10.0,1.2101688669536732,33.0,12.85,73.46002052563398,independent_sample
7.1,80.0,40.0,51.0,120.0,7000.0,9.2,4.932962970990587,24.0,19.63,70.22320017086528,independent_sample
8.2,80.0,60.0,56.0,125.0,7000.0,8.8,1.303087634870176,55.0,26.96,80.43473689989918,independent_sample
1.2333333333333334,60.0,70.0,55.0,99.14760746147607,7550.0,10.0,8.758383858903821,21.0,19.92,36.567808320779264,real_fitbit_joined
8.3,80.0,60.0,63.0,102.63363636363637,7336.0,8.4,7.584305695797987,46.0,32.0,65.64185464950091,real_fitbit_joined
6.2,70.0,60.0,72.0,135.0,10000.0,10.0,5.613892778305477,46.0,26.35,61.11786508679486,independent_sample
6.6,70.0,60.0,55.0,139.0,6000.0,8.8,2.8963446748048285,52.0,24.72,69.14624772397293,independent_sample
8.2,80.0,50.0,61.0,97.57859680284191,11495.0,10.0,8.756070589121656,21.0,38.76,66.63425970448357,real_fitbit_joined
6.0,80.0,50.0,69.0,120.0,10000.0,10.0,3.0342609803439977,52.0,13.82,69.03301227252362,independent_sample
8.0,70.0,60.0,64.0,143.0,7000.0,9.2,3.4066182507178717,45.0,38.78,75.63605931243814,independent_sample
9.15,60.0,80.0,43.0,113.4781433077963,12231.0,9.2,4.392499864824169,49.0,23.94,66.25046672306132,real_fitbit_joined
7.116666666666666,60.0,70.0,64.0,92.64671532846715,2121.0,10.0,7.431363304300561,47.0,26.32,57.750847807203314,real_fitbit_joined
9.433333333333334,60.0,60.0,57.0,89.39464882943143,3821.0,7.2,8.460239267356096,48.0,18.98,64.76281173051301,real_fitbit_joined
7.3,80.0,40.0,58.0,167.0,8000.0,10.0,8.53407665047587,36.0,14.78,64.84014564335145,independent_sample
6.016666666666667,90.0,30.0,49.0,102.01366742596811,9841.0,8.8,5.968424627667822,18.0,27.18,65.41748646389024,real_fitbit_joined
6.6,80.0,50.0,63.0,145.0,6000.0,10.0,8.274116890083,31.0,18.79,59.372984410723966,independent_sample
7.8,80.0,50.0,52.0,127.0,8000.0,10.0,2.6345257098094237,56.0,24.37,72.67859124225207,independent_sample
6.8,60.0,70.0,69.0,120.0,5000.0,7.2,6.8181286747413745,49.0,22.54,57.315561052472475,independent_sample
7.2,60.0,80.0,62.0,166.0,7000.0,7.6,3.190570148966774,37.0,23.53,65.82954361028445,independent_sample
7.45,80.0,40.0,50.0,95.73523809523809,8330.0,10.0,8.253932947976423,50.0,31.05,62.10619644340005,real_fitbit_joined
7.5,60.0,80.0,70.0,153.0,8000.0,6.4,7.231230302149523,19.0,17.61,60.347760655512225,independent_sample
8.5,80.0,40.0,71.0,128.0,5000.0,8.8,3.381715242328216,43.0,28.88,77.17354670742483,independent_sample
6.6,70.0,60.0,64.0,161.0,4800.0,10.0,3.4666443040797192,46.0,40.45,69.64870558235272,independent_sample
6.6,90.0,30.0,57.0,167.0,6000.0,10.0,2.1233873257016347,20.0,24.42,78.93654489415609,independent_sample
6.05,90.0,30.0,57.0,77.7039627039627,2483.0,6.8,7.261738200861554,33.0,22.27,65.65914248922248,real_fitbit_joined
7.7,90.0,40.0,55.0,131.0,8000.0,8.8,7.879966552679539,57.0,27.84,63.44999555821117,independent_sample
6.533333333333333,90.0,30.0,49.0,106.66451458632234,12087.0,9.6,3.5366929729605996,43.0,19.86,67.71797679449753,real_fitbit_joined
6.3,80.0,50.0,52.0,127.0,6000.0,10.0,7.08821143503726,46.0,21.05,61.55486508469481,independent_sample
8.3,90.0,30.0,53.0,166.0,5000.0,7.6,3.9897192980404412,33.0,21.16,78.16505390875024,independent_sample
8.5,60.0,60.0,58.0,165.0,5000.0,10.0,4.240454193108805,38.0,12.67,77.40786634030705,independent_sample
6.0,60.0,80.0,54.0,153.0,5000.0,10.0,1.2018330024584962,24.0,28.77,69.43912268066974,independent_sample
6.9,90.0,30.0,50.0,162.0,6800.0,6.4,7.765722931562564,36.0,17.25,58.11618878032101,independent_sample
7.45,60.0,80.0,53.0,70.48880597014926,4249.0,10.0,1.8430729104528323,55.0,25.49,67.38843246663052,real_fitbit_joined
7.7,80.0,50.0,70.0,155.0,8000.0,8.4,9.026849303296613,48.0,24.91,64.91085549493377,independent_sample
6.5,80.0,50.0,50.0,133.0,6000.0,6.0,9.921303943319694,31.0,23.88,46.581172055088494,independent_sample
4.566666666666666,70.0,40.0,63.0,91.15162241887906,6176.0,8.8,3.938151774195927,18.0,24.52,68.82859431703386,real_fitbit_joined
8.0,80.0,50.0,62.0,132.0,7000.0,9.6,5.867143794869899,45.0,31.14,71.06563656463864,independent_sample
10.0,60.0,60.0,62.0,100.16905311778291,9592.0,10.0,3.913113127638193,21.0,19.11,81.23141381044238,real_fitbit_joined
6.5,70.0,40.0,74.0,157.0,6000.0,10.0,1.680445365550757,26.0,19.73,77.19857154753807,independent_sample
8.816666666666666,70.0,60.0,47.0,126.51131824234355,17298.0,8.0,6.693597038205533,28.0,27.88,65.12434443081389,real_fitbit_joined
7.9,60.0,70.0,74.0,135.0,8000.0,8.4,7.805469960057215,41.0,15.9,60.030508958227465,independent_sample
7.8,70.0,60.0,60.0,166.0,8000.0,10.0,8.39892844540203,42.0,20.2,55.840636245559644,independent_sample
7.8,80.0,50.0,66.0,129.0,8000.0,9.2,4.668257877164352,52.0,15.88,71.18180675328915,independent_sample
7.9,90.0,30.0,63.0,169.0,8000.0,10.0,4.684708646353165,18.0,18.12,80.66816177414778,independent_sample
6.5,90.0,30.0,71.0,138.0,6000.0,8.8,2.013223513707433,45.0,20.38,80.15130732351379,independent_sample
7.5,80.0,40.0,74.0,134.0,8000.0,10.0,6.525402262840556,47.0,21.87,66.50882064925442,independent_sample
6.0,90.0,30.0,50.0,145.0,10000.0,9.2,6.357729393347402,58.0,26.19,64.59269536788108,independent_sample
6.316666666666666,80.0,50.0,52.0,107.31512415349887,13368.0,10.0,2.6606891742073957,33.0,24.13,71.9352676966176,real_fitbit_joined
8.4,60.0,80.0,61.0,137.0,5000.0,8.4,6.289924247759784,32.0,27.74,64.75399918032464,independent_sample
9.25,70.0,50.0,62.0,97.93510184746566,7328.0,10.0,2.9179423362257495,47.0,22.81,78.37576987712815,real_fitbit_joined
6.8,70.0,50.0,71.0,169.0,6000.0,10.0,1.0813462217136296,56.0,34.06,82.01397217316,independent_sample
8.2,90.0,30.0,65.0,130.0,7000.0,8.0,1.4665221920775613,40.0,25.13,86.35642289055934,independent_sample
9.433333333333334,60.0,80.0,57.0,89.39464882943143,3821.0,6.8,6.77828481538859,25.0,32.34,64.17628813581294,real_fitbit_joined
8.5,60.0,80.0,72.0,135.0,5000.0,10.0,6.6238668964629905,41.0,22.16,61.97655020343903,independent_sample
7.9,70.0,60.0,54.0,139.0,8000.0,10.0,9.767749994347215,30.0,24.87,60.26141674107021,independent_sample
6.45,80.0,50.0,62.0,95.34040062434964,6107.0,9.2,9.229707513324637,24.0,13.71,58.03034660575761,real_fitbit_joined
7.2,80.0,50.0,50.0,165.0,8000.0,9.6,6.8886329709246565,29.0,29.89,59.828237394878514,independent_sample
7.95,80.0,50.0,49.0,117.00041101520756,8596.0,8.4,2.2494445538446914,20.0,24.52,78.04718034632636,real_fitbit_joined
6.1,60.0,70.0,54.0,146.0,10000.0,7.6,3.816166547922834,23.0,23.6,64.35368962372151,independent_sample
6.7,90.0,30.0,68.0,160.0,5600.0,9.6,2.4354303628722245,34.0,30.1,82.62836214021024,independent_sample
7.416666666666667,50.0,70.0,61.0,87.92023065833733,10129.0,10.0,2.9869265150988435,19.0,24.2,76.57317018295463,real_fitbit_joined
10.85,90.0,30.0,57.0,76.34227820372399,5771.0,10.0,6.428368985197494,26.0,42.63,78.1298055402862,real_fitbit_joined
5.666666666666667,80.0,40.0,57.0,96.92633361558002,11306.0,10.0,4.565554224483298,49.0,16.01,69.20746947396678,real_fitbit_joined
7.933333333333334,70.0,40.0,61.0,100.01129943502825,10742.0,10.0,8.863094027677048,30.0,30.4,65.87447679994548,real_fitbit_joined
7.8,90.0,30.0,50.0,149.0,8000.0,10.0,8.011923277562081,59.0,34.24,60.150636662188965,independent_sample
7.366666666666666,60.0,70.0,60.0,108.70009033423668,10147.0,10.0,6.560625161810925,24.0,27.53,58.9056507218781,real_fitbit_joined
6.2,80.0,50.0,61.0,91.93132832080201,11107.0,8.8,5.312636898667579,57.0,27.84,66.35567783935139,real_fitbit_joined
6.2,80.0,50.0,69.0,158.0,10000.0,8.4,8.52505932886524,32.0,37.74,59.41037705604149,independent_sample
7.7,90.0,30.0,67.0,151.0,8000.0,7.6,8.921410641293367,31.0,16.52,65.13545041255068,independent_sample
6.533333333333333,90.0,40.0,59.0,102.43229389149936,9799.0,10.0,9.174392973699883,56.0,30.2,58.11440465423939,real_fitbit_joined
6.7,90.0,30.0,72.0,152.0,6000.0,10.0,2.8421209815155555,43.0,30.55,76.80704956496467,independent_sample
7.05,80.0,40.0,53.0,86.2494658119658,1758.0,10.0,7.994322243346931,41.0,23.01,66.98225467051051,real_fitbit_joined
6.333333333333333,50.0,70.0,66.0,103.73809523809524,14450.0,10.0,6.846819840931316,32.0,26.22,56.026169466776686,real_fitbit_joined
6.55,80.0,50.0,61.0,95.64293478260869,3403.0,10.0,6.010866037125368,34.0,32.84,64.49375203838851,real_fitbit_joined
8.1,70.0,60.0,56.0,150.0,7000.0,10.0,6.204685594783246,49.0,30.12,67.12052099358957,independent_sample
7.483333333333333,70.0,60.0,53.0,96.20393474088291,12574.0,10.0,4.4589398244371345,39.0,19.12,66.67698048707601,real_fitbit_joined
7.8,40.0,80.0,50.0,153.0,8000.0,9.2,1.5868413213444286,58.0,17.93,72.0787752316136,independent_sample
1.7166666666666666,50.0,70.0,70.0,113.621755935947,9148.0,10.0,9.158248998680923,28.0,27.43,39.47865297255253,real_fitbit_joined
6.55,60.0,80.0,62.0,109.67017543859649,12362.0,10.0,9.103762514469974,35.0,48.43,50.701635745096304,real_fitbit_joined
6.4,60.0,80.0,67.0,161.0,4100.0,9.2,7.474182601322427,19.0,27.79,50.92661385985601,independent_sample
7.2,90.0,30.0,64.0,157.0,8000.0,9.2,1.9531522396338188,20.0,37.87,81.03892437749118,independent_sample
8.6,90.0,30.0,55.0,91.73996952767902,2421.0,10.0,9.742555846374756,38.0,27.61,68.88618995130459,real_fitbit_joined
8.4,80.0,40.0,62.0,132.0,5000.0,7.2,6.891856181793591,58.0,16.53,69.75586040830551,independent_sample
7.2,90.0,30.0,58.0,122.0,8000.0,6.0,8.610439266909161,23.0,26.26,63.90786564150014,independent_sample
8.0,90.0,30.0,50.0,166.0,7000.0,10.0,1.8225233769859877,50.0,23.06,80.06020246960016,independent_sample
6.0,70.0,60.0,68.0,158.0,10000.0,8.0,5.634400149219335,52.0,26.46,67.09242567299391,independent_sample
6.1,70.0,40.0,74.0,139.0,4200.0,10.0,2.054835151122101,54.0,17.63,71.4429715062853,independent_sample
7.366666666666666,80.0,50.0,55.0,73.99051233396584,1868.0,10.0,6.633022387933082,29.0,20.63,67.1570357463006,real_fitbit_joined
7.3,80.0,50.0,74.0,156.0,5000.0,10.0,5.01777564761424,29.0,20.63,66.75364252608874,independent_sample
6.966666666666667,80.0,40.0,59.0,96.75365049458314,13928.0,6.0,7.445356068008742,40.0,29.14,66.22535243936017,real_fitbit_joined
6.0,60.0,70.0,66.0,121.0,10000.0,7.2,9.16475527635247,58.0,16.53,53.312034373501085,independent_sample
8.5,60.0,80.0,61.0,162.0,5000.0,10.0,7.944642198807469,18.0,22.41,62.655176466125056,independent_sample
7.05,60.0,60.0,53.0,86.2494658119658,1758.0,10.0,8.168835618785586,46.0,14.36,55.91542813849349,real_fitbit_joined
1.3666666666666667,90.0,30.0,58.0,93.96402473299607,12139.0,10.0,1.2734835372715319,37.0,23.35,68.81346530378161,real_fitbit_joined
7.8,60.0,70.0,62.0,130.0,8000.0,8.8,3.587154984075251,54.0,20.7,74.74252056133425,independent_sample
7.65,60.0,70.0,47.0,98.09787234042552,7924.0,10.0,3.7124008674772786,53.0,27.18,67.84699258600952,real_fitbit_joined
7.216666666666667,60.0,70.0,62.0,105.87620357634113,10762.0,10.0,2.6369207595923037,27.0,30.64,71.97872513640303,real_fitbit_joined
7.3,60.0,80.0,66.0,136.0,6200.0,10.0,7.0102421490376585,47.0,17.75,61.38625440940292,independent_sample
7.783333333333333,60.0,80.0,61.0,92.21968616262482,10352.0,10.0,8.761273378720706,46.0,33.38,54.32670060910409,real_fitbit_joined
7.6,60.0,80.0,74.0,166.0,8000.0,10.0,7.948112286789914,58.0,23.8,56.052289966371276,independent_sample
7.9,70.0,60.0,55.0,130.0,8000.0,10.0,2.4917480183814034,20.0,27.69,78.38511821372026,independent_sample
7.433333333333334,70.0,40.0,65.0,91.30823680823681,1291.0,8.0,2.077859186373261,21.0,17.33,82.3883035370012,real_fitbit_joined
7.2,70.0,40.0,59.0,141.0,8000.0,10.0,5.900472631934786,42.0,23.41,71.65871970035488,independent_sample
10.316666666666666,60.0,70.0,55.0,87.22557349192863,4599.0,6.8,8.814452548675424,28.0,24.37,64.59615857388224,real_fitbit_joined
6.3,70.0,60.0,72.0,144.0,6000.0,9.6,3.5956489403687115,19.0,17.16,65.93924133178689,independent_sample
7.7,90.0,30.0,60.0,157.0,8000.0,9.6,2.150801211001758,42.0,18.7,83.70807034272119,independent_sample
8.433333333333334,80.0,40.0,88.0,110.0,6017.0,8.0,9.593787525968747,54.0,20.71,58.18517107393951,real_fitbit_joined
8.4,70.0,60.0,65.0,159.0,5000.0,10.0,6.234600636902742,49.0,26.77,69.26968494837908,independent_sample
6.5,60.0,80.0,63.0,164.0,6000.0,10.0,5.772719199242425,58.0,35.82,63.23215580520642,independent_sample
8.0,70.0,50.0,52.0,122.0,7000.0,7.6,1.7147743209008794,55.0,28.92,80.5802817656062,independent_sample
5.766666666666667,90.0,30.0,55.0,77.51865008880995,3436.0,10.0,7.270634488277356,59.0,33.07,61.43858436206893,real_fitbit_joined
8.1,80.0,40.0,64.0,145.0,3700.0,8.4,2.7447676114320343,20.0,24.52,84.95827934764141,independent_sample
7.9,80.0,40.0,64.0,163.0,8000.0,8.8,5.98803862718815,53.0,28.35,71.34929584567799,independent_sample
6.333333333333333,60.0,80.0,56.0,94.32602018429135,12848.0,10.0,2.666196359547577,52.0,28.27,64.61308428159184,real_fitbit_joined
7.85,70.0,40.0,48.0,79.84838350055742,9603.0,9.2,9.669002854965502,22.0,18.37,54.72963984647447,real_fitbit_joined
7.5,90.0,30.0,64.0,158.0,8000.0,10.0,1.0839845784438396,33.0,12.85,81.64825511652037,independent_sample
7.366666666666666,90.0,30.0,48.0,82.21674370826914,10055.0,9.6,6.91851603070309,55.0,15.02,68.89049573574734,real_fitbit_joined
6.0,80.0,50.0,66.0,137.0,10000.0,10.0,7.515757499194844,26.0,40.52,64.1940161173942,independent_sample
5.95,50.0,70.0,56.0,99.65567010309279,17022.0,7.2,3.9011846047725065,25.0,16.42,62.14400252454346,real_fitbit_joined
7.7,60.0,70.0,54.0,135.0,8000.0,10.0,7.53381918986766,32.0,24.72,59.08385615583935,independent_sample
7.9,80.0,40.0,60.0,155.0,8000.0,10.0,6.910804571271013,50.0,15.42,68.41943189809692,independent_sample
7.6,90.0,30.0,69.0,158.0,8000.0,10.0,1.1294330146487652,54.0,27.55,83.64613904060721,independent_sample
9.15,60.0,80.0,43.0,113.4781433077963,12231.0,8.4,8.558751725800484,23.0,13.36,57.35343659707801,real_fitbit_joined
6.1,90.0,30.0,74.0,163.0,10000.0,10.0,7.990395012596631,57.0,29.97,62.749100619518615,independent_sample
8.0,80.0,40.0,50.0,140.0,7000.0,10.0,5.555276765562197,38.0,22.95,68.28743521090152,independent_sample
7.2,80.0,50.0,66.0,151.0,7000.0,10.0,8.896154078195547,26.0,24.07,62.69561980731293,independent_sample
7.3,90.0,30.0,58.0,120.0,8000.0,10.0,8.440366237673388,47.0,22.64,64.55420576714513,independent_sample
6.7,90.0,30.0,66.0,147.0,6000.0,10.0,4.519295822146588,43.0,29.69,76.71671403612109,independent_sample
5.633333333333334,70.0,40.0,47.0,91.71814671814671,9172.0,10.0,4.380246573759496,32.0,31.71,67.11368581997058,real_fitbit_joined
4.966666666666667,90.0,30.0,62.0,91.87692307692308,6815.0,8.0,6.792199256768725,48.0,26.99,58.55641526177122,real_fitbit_joined
7.35,60.0,70.0,73.0,116.27704485488127,11761.0,10.0,6.74673352897677,43.0,24.16,58.96266543214114,real_fitbit_joined
6.5,60.0,80.0,74.0,139.0,6000.0,10.0,3.770162485126711,35.0,37.98,60.84982673278962,independent_sample
7.7,70.0,60.0,73.0,138.0,8000.0,8.4,9.115966256916058,51.0,31.05,61.01970336563792,independent_sample
6.066666666666666,70.0,60.0,58.0,96.20471851204594,5862.0,10.0,1.7321390257770979,43.0,20.71,73.7554868182399,real_fitbit_joined
8.6,90.0,30.0,55.0,91.73996952767902,2421.0,10.0,8.54495834240024,47.0,34.53,68.37897057574993,real_fitbit_joined
8.0,80.0,40.0,68.0,152.0,7000.0,10.0,4.460601948803313,24.0,18.29,77.06124918769952,independent_sample
8.2,90.0,30.0,60.0,154.0,10000.0,10.0,1.9057373067118,36.0,32.73,88.62563329352264,independent_sample
1.3166666666666667,70.0,60.0,67.0,96.1689393939394,4631.0,10.0,4.1171139492936515,51.0,33.61,53.69506403175866,real_fitbit_joined
6.133333333333334,80.0,50.0,49.0,91.47652347652348,10096.0,7.2,8.018608556360292,55.0,26.98,54.62432473550133,real_fitbit_joined
5.716666666666667,80.0,40.0,62.0,100.57455931395903,7174.0,9.2,8.803283465102037,22.0,18.37,62.944319854042696,real_fitbit_joined
6.0,90.0,30.0,60.0,156.0,10000.0,8.4,3.481908114262213,54.0,28.68,76.5724116628478,independent_sample
9.2,60.0,70.0,51.0,76.8135593220339,10243.0,8.0,4.7775458523351,43.0,16.76,72.80567492677693,real_fitbit_joined
7.1,60.0,80.0,50.0,158.0,8000.0,8.0,3.907246111786845,44.0,22.55,62.3659771131928,independent_sample
7.8,70.0,60.0,59.0,154.0,8000.0,9.6,3.6515745671157385,42.0,18.7,77.2779247494235,independent_sample
7.5,60.0,80.0,56.0,97.84070175438596,12764.0,10.0,6.700607688850532,21.0,29.89,59.7375191538574,real_fitbit_joined
7.2,90.0,30.0,57.0,121.0,7000.0,10.0,6.492026345298772,47.0,41.03,68.93304245964227,independent_sample
6.5,80.0,50.0,62.0,158.0,6000.0,10.0,9.185091498435177,48.0,23.88,59.47351885186344,independent_sample
6.1,90.0,30.0,53.0,128.0,5000.0,8.4,2.692222611538745,20.0,25.36,72.8970767366376,independent_sample
8.1,70.0,40.0,55.0,139.0,7000.0,10.0,2.092477763434658,55.0,40.09,83.62881253969023,independent_sample
6.3,60.0,70.0,72.0,123.0,6000.0,9.6,1.229029839151758,37.0,24.21,68.10197857840889,independent_sample
7.366666666666666,80.0,50.0,48.0,82.21674370826914,10055.0,10.0,8.491983767203795,31.0,19.51,57.8977117696908,real_fitbit_joined
7.9,60.0,70.0,60.0,107.34586466165413,10449.0,8.0,4.229474357111522,55.0,15.92,73.19839999666517,real_fitbit_joined
7.366666666666666,70.0,60.0,59.0,99.33434190620272,11404.0,10.0,3.1885497189950867,51.0,20.76,75.061175188752,real_fitbit_joined
6.2,60.0,80.0,51.0,149.0,5500.0,10.0,2.8799445160464736,41.0,23.01,62.256338409955866,independent_sample
6.8,50.0,70.0,58.0,132.0,6000.0,8.8,3.84064609387015,26.0,26.75,66.32202081537139,independent_sample
8.0,80.0,40.0,53.0,136.0,7000.0,10.0,7.5564160944545185,45.0,17.92,71.39119279461944,independent_sample
8.4,80.0,50.0,54.0,141.0,5000.0,8.4,8.653132010079059,33.0,26.67,61.019399438895235,independent_sample
7.716666666666667,70.0,50.0,62.0,94.32549877015578,6429.0,8.4,4.051268119438307,33.0,26.67,77.92453083427742,real_fitbit_joined
8.3,90.0,30.0,74.0,149.0,5000.0,10.0,5.859614172525037,30.0,22.48,71.2194242793241,independent_sample
8.8,90.0,30.0,58.0,115.95929276315789,20031.0,9.2,7.35828153838211,38.0,30.68,74.43579908291937,real_fitbit_joined
6.1,80.0,40.0,73.0,152.0,10000.0,10.0,6.613687763776082,58.0,23.51,67.38140738011691,independent_sample
6.55,90.0,30.0,45.0,99.93121693121694,11080.0,7.2,9.211270110550219,22.0,22.85,59.099637093140046,real_fitbit_joined
8.4,60.0,80.0,67.0,139.0,5000.0,10.0,9.618229135754357,39.0,32.32,54.00795618564246,independent_sample
7.2,80.0,50.0,69.0,151.0,7000.0,10.0,4.220184387928976,41.0,23.01,69.29070160361294,independent_sample
6.0,70.0,60.0,50.0,132.0,10000.0,10.0,7.739437032669758,34.0,29.53,55.81451523465398,independent_sample
6.416666666666667,80.0,40.0,55.0,80.07186544342508,12252.0,10.0,7.053419064026136,49.0,23.73,63.9316795225084,real_fitbit_joined
8.2,80.0,40.0,50.0,165.0,10000.0,10.0,1.6267703334616517,42.0,27.66,84.4723430464371,independent_sample
6.2,60.0,80.0,53.0,156.0,10000.0,6.0,3.508838851730977,52.0,31.41,64.10301082118507,independent_sample
5.65,70.0,50.0,59.0,99.32393736017897,5245.0,10.0,2.2534486539704854,31.0,22.28,70.31081902855492,real_fitbit_joined
8.5,90.0,30.0,56.0,165.0,5000.0,10.0,2.8363207116600897,31.0,17.91,88.82985324764095,independent_sample
7.566666666666666,90.0,30.0,56.0,99.46045197740114,19658.0,10.0,6.715842857808794,27.0,36.95,71.75912360985659,real_fitbit_joined
6.6,90.0,30.0,63.0,121.0,6000.0,10.0,9.182981852754041,30.0,31.32,64.06998452302511,independent_sample
6.9,80.0,40.0,50.0,152.0,5500.0,10.0,7.009845324428376,39.0,26.64,62.296257877644955,independent_sample
7.2,90.0,30.0,70.0,122.0,5000.0,10.0,9.83167381447522,55.0,25.49,60.59516984682219,independent_sample
6.1,60.0,70.0,58.0,165.0,10000.0,10.0,3.258699952062682,45.0,14.61,66.84309504049153,independent_sample
10.966666666666667,90.0,30.0,62.0,89.42219541616406,3365.0,10.0,2.1219641308294017,50.0,18.23,92.07549250670198,real_fitbit_joined
5.9,70.0,60.0,62.0,153.0,3000.0,10.0,9.697756472797666,36.0,42.3,54.42056948897033,independent_sample
6.6,60.0,80.0,55.0,161.0,6000.0,10.0,8.708835013731342,48.0,25.2,46.60721052510101,independent_sample
6.7,50.0,70.0,65.0,145.0,5600.0,10.0,6.765536651939986,46.0,33.38,59.58315632660774,independent_sample
7.2,80.0,40.0,72.0,160.0,8000.0,10.0,8.882947751653514,22.0,29.98,60.681726982087305,independent_sample
5.65,80.0,40.0,59.0,99.32393736017897,5245.0,8.4,1.8208549274382133,20.0,25.36,73.43069819194415,real_fitbit_joined
7.2,80.0,40.0,55.0,135.0,7000.0,8.4,5.562283941656512,50.0,30.63,73.61378119200337,independent_sample
6.2,80.0,40.0,72.0,135.0,5000.0,6.4,1.1579712702996603,45.0,16.35,78.56035051179813,independent_sample
6.4,80.0,50.0,64.0,126.0,6000.0,10.0,4.580529629519413,45.0,23.17,70.30560558614042,independent_sample
7.65,90.0,30.0,47.0,98.09787234042552,7924.0,8.8,7.2834554261777065,18.0,45.14,64.52982549707133,real_fitbit_joined
6.6,80.0,50.0,57.0,149.0,6000.0,7.2,4.310073889805376,27.0,21.23,69.57937831037397,independent_sample
6.5,80.0,50.0,44.0,99.92120075046904,8964.0,9.2,4.339348866861425,43.0,15.5,65.99789972985023,real_fitbit_joined
6.166666666666667,80.0,50.0,59.0,89.72397959183674,5563.0,10.0,7.049219926652907,35.0,23.64,62.27767458777065,real_fitbit_joined
6.3,70.0,50.0,63.0,138.0,6000.0,6.0,3.92761556525573,23.0,26.26,69.50217472235178,independent_sample
5.883333333333334,70.0,60.0,60.0,89.96766043456292,10001.0,10.0,1.5720251525742128,31.0,20.27,70.33779191059348,real_fitbit_joined
6.2,80.0,40.0,52.0,131.0,5500.0,9.2,2.929658346938481,20.0,24.96,75.82366065302813,independent_sample
8.5,50.0,70.0,58.0,148.0,5000.0,10.0,4.534576689442746,58.0,37.56,77.06013518337224,independent_sample
6.4,80.0,50.0,54.0,137.0,4100.0,10.0,8.622719687863544,59.0,20.28,60.60343017398054,independent_sample
6.1,80.0,40.0,55.0,150.0,10000.0,10.0,3.4083340905517434,54.0,24.16,69.5859649745741,independent_sample
6.533333333333333,90.0,30.0,59.0,102.43229389149936,9799.0,7.6,3.324199494690625,54.0,25.55,75.46057584902113,real_fitbit_joined
7.133333333333334,70.0,60.0,46.0,80.08198433420365,10074.0,8.8,4.872753054095164,56.0,33.97,66.53631513543809,real_fitbit_joined
7.033333333333333,60.0,80.0,59.0,87.78156221616712,10272.0,10.0,7.218439642922194,32.0,26.22,54.39963493082537,real_fitbit_joined
8.466666666666667,60.0,80.0,59.0,100.66456059735783,19542.0,10.0,4.029438503745285,37.0,16.22,71.68684291019382,real_fitbit_joined
9.216666666666667,80.0,50.0,57.0,71.351776354106,1807.0,10.0,3.2176182991519613,18.0,24.31,79.71335729104793,real_fitbit_joined
7.533333333333333,80.0,50.0,61.0,96.12615643397814,10465.0,10.0,6.506676052501415,26.0,30.54,65.5364188413847,real_fitbit_joined
7.933333333333334,60.0,70.0,61.0,100.01129943502825,10742.0,10.0,4.586542609576361,52.0,21.36,67.44523406110693,real_fitbit_joined
6.55,70.0,60.0,45.0,99.93121693121694,11080.0,10.0,3.076028305459828,26.0,24.91,63.553789564202546,real_fitbit_joined
4.583333333333333,90.0,30.0,69.0,116.62295973884657,13987.0,10.0,9.322242564507064,31.0,19.51,54.682313937064016,real_fitbit_joined
6.966666666666667,60.0,70.0,58.0,97.11313697989715,15491.0,10.0,9.666928034730951,42.0,27.66,52.36246641859216,real_fitbit_joined
7.15,80.0,40.0,54.0,100.16707616707616,5351.0,10.0,3.3904003832983545,36.0,14.78,75.71158239734179,real_fitbit_joined
8.1,90.0,30.0,66.0,151.0,7000.0,10.0,7.733655208439617,45.0,14.85,73.3057315937605,independent_sample
7.2,70.0,40.0,58.0,122.0,7000.0,10.0,2.981001933142778,59.0,34.89,75.25827265459296,independent_sample
7.2,80.0,50.0,61.0,131.0,7000.0,8.4,2.9590065962248246,50.0,30.63,73.10660193743212,independent_sample
6.5,90.0,30.0,53.0,167.0,6000.0,10.0,1.948538962970247,59.0,34.06,79.10350566683398,independent_sample
7.033333333333333,80.0,40.0,60.0,110.0524492825334,10081.0,9.2,2.6310975954909415,36.0,23.76,78.10624005249504,real_fitbit_joined
6.8,80.0,40.0,74.0,167.0,5000.0,10.0,7.6025294250526185,38.0,27.59,63.09284038437961,independent_sample
6.0,80.0,50.0,64.0,159.0,5000.0,10.0,6.194798980610957,21.0,34.53,63.2286794180557,independent_sample
6.5,90.0,30.0,61.0,162.0,6000.0,10.0,4.894562224177342,36.0,25.42,71.81393188848321,independent_sample
7.7,90.0,30.0,53.0,123.0,8000.0,10.0,3.342581718094027,37.0,28.97,80.58501167688374,independent_sample
6.55,50.0,70.0,62.0,109.67017543859649,12362.0,10.0,5.731211640724172,29.0,24.64,62.71758740353763,real_fitbit_joined
7.783333333333333,90.0,30.0,61.0,92.21968616262482,10352.0,10.0,7.933666760270139,50.0,23.06,65.08615431352871,real_fitbit_joined
7.8,70.0,40.0,62.0,150.0,8000.0,10.0,1.8585934958188957,43.0,18.44,87.20432621000248,independent_sample
9.15,70.0,60.0,43.0,113.4781433077963,12231.0,10.0,7.130060685684845,41.0,26.64,62.993539667999855,real_fitbit_joined
8.0,60.0,60.0,68.0,131.0,7000.0,9.6,7.231925361919327,25.0,14.74,64.16417365023574,independent_sample
7.316666666666666,60.0,70.0,47.0,78.52028218694885,11193.0,10.0,6.237742617229589,56.0,40.71,56.73532575360511,real_fitbit_joined
7.7,70.0,70.0,64.0,169.0,8000.0,10.0,3.3336708297919637,19.0,23.59,69.31993510362018,independent_sample
7.7,60.0,60.0,52.0,141.0,8000.0,9.2,9.46706068452797,22.0,34.06,60.91947102916505,independent_sample
6.6,80.0,50.0,58.0,120.0,6000.0,10.0,6.07666625950166,25.0,29.26,67.25716302521869,independent_sample
8.4,70.0,40.0,53.0,130.0,5000.0,8.4,8.023289527061936,25.0,12.73,72.45355848542269,independent_sample
6.4,50.0,70.0,59.0,86.12005928853755,2332.0,10.0,3.3232008943101476,46.0,20.76,61.5485057554853,real_fitbit_joined
8.1,90.0,30.0,64.0,155.0,7000.0,10.0,7.677066942628436,44.0,22.31,72.10668008124588,independent_sample
7.3,60.0,70.0,72.0,125.0,3500.0,10.0,8.038252789033473,50.0,29.3,55.56683837363265,independent_sample
6.1,60.0,80.0,72.0,122.0,5000.0,8.4,1.0179292169716323,34.0,29.56,70.00428527427981,independent_sample
6.4,80.0,50.0,49.0,90.7530443253775,7638.0,10.0,1.9369772378611647,50.0,31.05,69.80577411327545,real_fitbit_joined
8.6,80.0,50.0,55.0,91.73996952767902,2421.0,10.0,1.3669762739928752,36.0,35.18,85.32211246292673,real_fitbit_joined
7.033333333333333,70.0,60.0,60.0,110.0524492825334,10081.0,10.0,9.296868115208051,33.0,22.33,58.524107024718106,real_fitbit_joined
5.716666666666667,60.0,80.0,62.0,100.57455931395903,7174.0,10.0,6.467903667112945,32.0,37.76,55.85330183241461,real_fitbit_joined
6.2,80.0,50.0,64.0,140.0,5000.0,9.6,6.426485888315154,43.0,18.67,65.39050718798451,independent_sample
8.0,70.0,60.0,74.0,135.0,7000.0,6.0,1.217725875022197,23.0,26.26,72.90704926645492,independent_sample
4.083333333333333,60.0,80.0,65.0,97.97114118069692,7476.0,10.0,2.5887522880495744,38.0,26.48,61.71760349538317,real_fitbit_joined
8.5,70.0,60.0,60.0,130.0,5000.0,10.0,8.982324101883425,26.0,29.61,63.44711936341711,independent_sample
8.2,70.0,60.0,56.0,139.0,7000.0,8.4,1.916233146545832,30.0,32.66,78.32178816078661,independent_sample
8.4,70.0,60.0,64.0,162.0,5000.0,10.0,8.951182866874547,49.0,26.77,64.7693420455156,independent_sample
7.6,70.0,70.0,56.0,125.0,8000.0,10.0,8.134823022155315,24.0,18.76,61.87506561689764,independent_sample
6.1,60.0,60.0,53.0,160.0,10000.0,6.4,3.0215405065946674,45.0,25.23,68.42317579811397,independent_sample
10.0,60.0,80.0,62.0,100.16905311778291,9592.0,9.2,9.72918866945795,22.0,18.37,59.1388159125291,real_fitbit_joined
8.0,70.0,60.0,67.0,164.0,7000.0,10.0,1.598169931986449,30.0,22.17,79.50613778815114,independent_sample
1.2333333333333334,90.0,30.0,55.0,99.14760746147607,7550.0,10.0,3.4606636473763563,57.0,31.74,56.63935480786503,real_fitbit_joined
6.1,70.0,40.0,55.0,168.0,8000.0,8.8,9.431402158297827,34.0,25.11,63.54287229688852,independent_sample
7.7,60.0,80.0,69.0,135.0,8000.0,10.0,7.3596688289083865,54.0,27.55,56.40953364131296,independent_sample
7.8,80.0,50.0,60.0,134.0,8000.0,10.0,7.1769447701748765,22.0,19.06,71.2938433290491,independent_sample
8.95,80.0,40.0,60.0,96.60549507516848,12307.0,10.0,5.190382163192141,23.0,16.8,79.32110275845356,real_fitbit_joined
7.216666666666667,90.0,30.0,62.0,105.87620357634113,10762.0,8.0,5.883801712368189,41.0,22.89,76.33916858374815,real_fitbit_joined
1.0333333333333334,70.0,40.0,51.0,81.03393541324576,10218.0,8.0,1.0975388633226852,51.0,23.37,58.360679966269345,real_fitbit_joined
7.2,70.0,60.0,62.0,146.0,8000.0,10.0,5.0348714983248,58.0,24.36,68.38831814470417,independent_sample
7.2,70.0,60.0,67.0,154.0,7000.0,10.0,6.190321589719807,29.0,25.15,67.20300699092033,independent_sample
7.3,60.0,80.0,71.0,160.0,6200.0,10.0,3.659002997296782,22.0,26.75,65.06983936205455,independent_sample
7.4,80.0,40.0,59.0,154.0,3300.0,10.0,1.797403867116555,19.0,27.71,82.29724729558527,independent_sample
7.366666666666666,90.0,30.0,55.0,73.99051233396584,1868.0,6.0,5.984688559611887,33.0,23.95,71.33862300030248,real_fitbit_joined
7.216666666666667,80.0,40.0,59.0,91.4928292046936,9482.0,9.6,4.498095607205338,53.0,23.53,73.78807357885694,real_fitbit_joined
7.966666666666667,70.0,40.0,51.0,90.53748296228987,13236.0,6.4,2.9166774535801965,45.0,25.23,76.60880187465801,real_fitbit_joined
7.6,60.0,70.0,59.0,129.0,6800.0,10.0,8.723593478414475,38.0,26.48,56.07993886460476,independent_sample
6.3,70.0,40.0,50.0,133.0,6000.0,6.4,5.805707252929874,52.0,16.8,59.43423510292618,independent_sample
6.8,60.0,80.0,62.0,130.0,5000.0,9.6,3.173505651935501,18.0,18.68,65.56975651411487,independent_sample
6.0,70.0,60.0,50.0,162.0,10000.0,10.0,3.425606760630454,49.0,17.44,62.198346585697486,independent_sample
5.883333333333334,80.0,40.0,60.0,89.96766043456292,10001.0,10.0,7.133524500015364,36.0,30.09,62.97510361640905,real_fitbit_joined
7.1,60.0,80.0,68.0,131.0,7000.0,10.0,3.3414201186584602,24.0,27.53,65.88646680159955,independent_sample
6.5,80.0,50.0,62.0,158.0,6000.0,10.0,5.009874748677018,53.0,17.57,73.36495212910332,independent_sample
7.566666666666666,60.0,80.0,47.0,81.15589541193883,4499.0,7.6,1.5497016386937736,59.0,25.05,71.61288200912745,real_fitbit_joined
7.8,90.0,30.0,66.0,130.0,8000.0,10.0,1.541281083407067,45.0,19.74,85.44158895983752,independent_sample
8.5,60.0,80.0,54.0,132.0,5000.0,6.0,1.345837140660925,40.0,29.14,69.51602530844478,independent_sample
8.816666666666666,70.0,60.0,47.0,126.51131824234355,17298.0,9.6,7.534822003503954,31.0,19.82,68.43916655924711,real_fitbit_joined
1.1,90.0,30.0,63.0,107.92268786127168,12084.0,9.6,6.928242684570505,40.0,20.2,51.01850677862086,real_fitbit_joined
7.8,60.0,70.0,54.0,126.0,8000.0,9.2,2.777234408739436,45.0,20.55,70.55968229308706,independent_sample
7.083333333333333,60.0,80.0,60.0,109.83325902808738,10725.0,10.0,2.58748287855601,50.0,29.3,73.40850609072291,real_fitbit_joined
7.7,80.0,40.0,65.0,145.0,8000.0,9.6,8.51932203167975,34.0,30.1,64.11584442301003,independent_sample
6.45,80.0,50.0,62.0,95.34040062434964,6107.0,10.0,9.148155777604574,39.0,15.65,57.60087769458311,real_fitbit_joined
7.1,80.0,60.0,58.0,120.0,6000.0,10.0,2.266403752438826,49.0,24.31,71.68930103535779,independent_sample
8.4,80.0,40.0,51.0,137.0,5000.0,10.0,3.4335395774607296,31.0,23.79,76.7233246249176,independent_sample
6.0,80.0,40.0,52.0,145.0,5000.0,8.4,1.5200250489672997,46.0,32.0,71.7136997054336,independent_sample
7.6,60.0,80.0,59.0,133.0,8000.0,8.0,8.50284965743827,28.0,27.88,59.244299458881216,independent_sample
8.1,80.0,40.0,64.0,129.0,7000.0,8.0,8.599213744656543,41.0,22.89,72.08962823673,independent_sample
8.2,80.0,40.0,58.0,95.77142857142857,4477.0,9.2,2.7884411338075514,58.0,17.93,80.4772477942412,real_fitbit_joined
6.2,80.0,50.0,67.0,161.0,10000.0,10.0,4.326167794840958,44.0,27.94,69.79237554237032,independent_sample
7.1,60.0,80.0,62.0,89.77948717948718,6580.0,10.0,1.65202199015103,43.0,29.69,72.88711133937032,real_fitbit_joined
7.8,70.0,70.0,52.0,122.0,8000.0,8.4,8.232431818973817,47.0,16.66,56.2879535373802,independent_sample
7.716666666666667,90.0,30.0,59.0,73.91745036572622,4926.0,10.0,4.417231673505402,51.0,20.76,79.95993148852983,real_fitbit_joined
6.5,90.0,30.0,64.0,147.0,6000.0,10.0,7.100318802790398,42.0,19.65,68.95560000415962,independent_sample
8.0,90.0,30.0,53.0,127.0,7000.0,10.0,8.200031335873133,43.0,21.8,64.07666246483392,independent_sample
6.0,60.0,80.0,67.0,154.0,10000.0,9.2,3.2354524786888677,45.0,24.28,65.42650910934803,independent_sample
8.0,60.0,70.0,65.0,155.0,7000.0,8.4,4.673365217800283,22.0,27.16,67.77962606359365,independent_sample
5.8,70.0,60.0,58.0,122.0,5200.0,8.4,7.594601273075487,53.0,17.65,55.303380391899715,independent_sample
6.5,90.0,30.0,63.0,128.0,6000.0,10.0,2.325727398510733,50.0,31.75,81.43589682914592,independent_sample
7.8,70.0,50.0,70.0,149.0,8000.0,7.6,9.037811846758734,33.0,28.49,66.97524281692988,independent_sample
7.4,80.0,50.0,71.0,164.0,8000.0,6.8,6.384027646573649,28.0,24.37,64.70979360537304,independent_sample
6.6,90.0,30.0,66.0,138.0,6000.0,10.0,8.025685456830015,21.0,45.43,64.4733670890159,independent_sample
8.0,80.0,50.0,67.0,167.0,7500.0,8.0,6.910565362494472,28.0,27.88,69.02214414062222,independent_sample
7.45,90.0,30.0,53.0,70.48880597014926,4249.0,8.0,8.576458990824449,24.0,22.76,66.35450376202655,real_fitbit_joined
7.2,70.0,40.0,62.0,153.0,7000.0,10.0,3.2280379325189776,48.0,49.84,74.17871379579506,independent_sample
7.25,60.0,80.0,46.0,93.39894636015326,7401.0,10.0,2.0634834485949063,42.0,19.65,67.96022229457623,real_fitbit_joined
6.6,70.0,40.0,71.0,130.0,6000.0,8.0,5.503235015940046,27.0,22.44,66.87801117885354,independent_sample
7.1,70.0,70.0,71.0,138.0,7000.0,8.8,1.325443424722859,34.0,35.19,71.00695652075538,independent_sample
6.3,70.0,70.0,61.0,120.0,6000.0,9.6,9.033024047378271,43.0,19.86,52.160943388007844,independent_sample
7.433333333333334,60.0,80.0,65.0,91.30823680823681,1291.0,8.8,3.2660406624282774,25.0,23.11,70.53644796063962,real_fitbit_joined
6.0,70.0,60.0,50.0,127.0,5000.0,7.2,5.186850510553463,25.0,22.02,58.76575193123743,independent_sample
10.966666666666667,70.0,60.0,52.0,68.11269208878771,2713.0,8.0,7.149658389458547,51.0,23.37,78.7195973580608,real_fitbit_joined
6.333333333333333,60.0,80.0,66.0,103.73809523809524,14450.0,8.4,2.375732252658988,36.0,43.31,71.4331105984484,real_fitbit_joined
7.9,80.0,50.0,67.0,122.0,6800.0,10.0,6.732120857092689,41.0,22.16,62.816431096735684,independent_sample
6.1,90.0,30.0,73.0,162.0,5000.0,7.6,7.464980578348036,24.0,15.02,60.53815588242366,independent_sample
7.3,80.0,40.0,56.0,80.33868092691623,3121.0,10.0,8.906640051712131,50.0,23.06,58.35914743762488,real_fitbit_joined
6.6,80.0,40.0,67.0,153.0,6000.0,9.6,1.111636326495833,37.0,30.89,79.16830302491779,independent_sample
8.2,70.0,60.0,59.0,120.0,7000.0,10.0,5.241584506583481,19.0,27.71,70.20801497555497,independent_sample
6.916666666666667,80.0,50.0,54.0,81.11024007839295,1831.0,10.0,8.275576133048151,50.0,17.72,55.5019489930999,real_fitbit_joined
9.016666666666667,90.0,30.0,62.0,89.28435754189944,4188.0,6.8,5.013124357390735,26.0,23.07,83.24935581438508,real_fitbit_joined
7.1,90.0,30.0,70.0,164.0,6000.0,7.6,6.224208408943264,40.0,28.2,69.93355746965211,independent_sample
7.8,90.0,30.0,72.0,133.0,8000.0,10.0,1.6454069996288592,52.0,13.82,82.92654570666575,independent_sample
5.783333333333333,80.0,50.0,56.0,77.26037735849057,10538.0,10.0,6.358465155880394,21.0,29.89,61.86004639267693,real_fitbit_joined
8.816666666666666,90.0,30.0,47.0,126.51131824234355,17298.0,10.0,4.776400561850109,38.0,23.71,72.40293942079573,real_fitbit_joined
6.65,80.0,50.0,53.0,97.59076212471132,12346.0,7.2,2.520415567649481,42.0,21.78,67.68089650287322,real_fitbit_joined
6.016666666666667,60.0,80.0,49.0,102.01366742596811,9841.0,8.4,9.18388361870904,33.0,26.67,42.75523067511683,real_fitbit_joined
7.1,70.0,70.0,66.0,145.0,7000.0,9.6,2.501741815288775,37.0,30.89,70.88930960391593,independent_sample
7.1,90.0,30.0,61.0,139.0,7000.0,9.2,1.5990825512280056,39.0,19.76,85.9330405732781,independent_sample
6.0,70.0,40.0,50.0,152.0,10000.0,10.0,1.0495521924437874,36.0,30.09,77.54950080502883,independent_sample
6.6,70.0,40.0,69.0,125.0,6000.0,7.2,1.6988440120444457,54.0,22.82,74.75546322263052,independent_sample
7.3,70.0,60.0,71.0,160.0,8000.0,10.0,2.0329198468229572,45.0,23.17,70.56129879484065,independent_sample
7.3,80.0,50.0,61.0,168.0,5000.0,7.2,1.5206000450244455,31.0,17.27,80.30898926830982,independent_sample
6.75,80.0,50.0,60.0,87.72509578544062,7804.0,10.0,9.486187335212673,43.0,29.34,52.97424931322185,real_fitbit_joined
7.4,70.0,60.0,52.0,124.0,3300.0,8.8,7.749800186068637,41.0,25.05,60.51085058569693,independent_sample
6.1,70.0,40.0,71.0,138.0,4200.0,8.0,5.419861564448486,20.0,34.83,66.50031896561173,independent_sample
6.45,80.0,50.0,62.0,95.34040062434964,6107.0,6.0,8.811264650680199,42.0,21.87,57.630715403186464,real_fitbit_joined
7.2,70.0,60.0,61.0,143.0,7000.0,8.8,7.685933443011451,44.0,24.25,62.579020996188426,independent_sample
1.1666666666666667,80.0,50.0,68.0,107.98215384615385,10320.0,10.0,8.60387779872509,40.0,17.54,41.762874139664234,real_fitbit_joined
7.3,80.0,40.0,69.0,151.0,8000.0,10.0,1.6075229201543975,52.0,28.27,80.95260747054886,independent_sample
8.316666666666666,70.0,60.0,54.0,95.68524740378741,4299.0,10.0,5.938604104299275,54.0,22.64,65.05492436439202,real_fitbit_joined
6.7,70.0,40.0,54.0,139.0,5600.0,10.0,3.984082291604744,26.0,31.64,64.89055187896463,independent_sample
9.016666666666667,80.0,50.0,62.0,89.28435754189944,4188.0,10.0,7.012766229135815,55.0,24.76,72.54158614998587,real_fitbit_joined
6.966666666666667,70.0,50.0,58.0,97.11313697989715,15491.0,10.0,6.036762981773961,43.0,28.02,68.84038922171948,real_fitbit_joined
8.1,70.0,60.0,59.0,160.0,3700.0,10.0,6.678296112062471,52.0,24.78,65.26338842414081,independent_sample
6.3,80.0,40.0,58.0,123.0,6000.0,8.4,2.1363826740805245,54.0,28.68,76.10089602638821,independent_sample
4.083333333333333,70.0,60.0,65.0,97.97114118069692,7476.0,10.0,6.660485621018956,41.0,25.08,55.140554435149106,real_fitbit_joined
1.2333333333333334,80.0,50.0,55.0,99.14760746147607,7550.0,9.2,7.7908858667621415,36.0,23.76,43.673656932132516,real_fitbit_joined
6.6,90.0,30.0,56.0,142.0,4800.0,9.6,1.9989828891218335,34.0,19.43,79.67373217974068,independent_sample
9.016666666666667,90.0,30.0,62.0,89.28435754189944,4188.0,10.0,8.01626026210078,35.0,21.48,72.88503147052391,real_fitbit_joined
6.0,60.0,80.0,56.0,141.0,5000.0,10.0,2.8629332059458408,58.0,23.8,62.00121497479613,independent_sample
6.3,80.0,40.0,53.0,123.0,6000.0,6.8,2.8118089704018994,37.0,22.44,72.8100696647104,independent_sample
8.1,60.0,80.0,54.0,84.68608037274316,1219.0,6.8,7.695516633154092,29.0,23.22,54.92650850609233,real_fitbit_joined
7.85,50.0,70.0,48.0,79.84838350055742,9603.0,10.0,2.560362357652793,50.0,32.69,72.87138736257911,real_fitbit_joined
1.2333333333333334,60.0,60.0,55.0,99.14760746147607,7550.0,10.0,7.727238443203809,46.0,20.76,41.04066599973513,real_fitbit_joined
7.25,60.0,70.0,46.0,93.42785843920146,10461.0,8.4,4.001492545220298,51.0,18.32,65.54106967839316,real_fitbit_joined
6.0,70.0,60.0,50.0,152.0,10000.0,8.8,9.743794218109455,59.0,15.46,52.84516821671198,independent_sample
8.4,60.0,70.0,74.0,167.0,5000.0,8.4,5.229894413421429,23.0,13.36,64.22635825124581,independent_sample
6.6,70.0,70.0,53.0,137.0,6000.0,10.0,5.649153656013811,20.0,23.25,58.3732904914029,independent_sample
7.3,90.0,30.0,63.0,144.0,8000.0,9.2,5.470901729732525,58.0,17.93,74.42436245863061,independent_sample
8.0,80.0,50.0,57.0,168.0,7000.0,10.0,2.279234114141119,44.0,36.46,78.37819277754515,independent_sample
9.3,60.0,60.0,61.0,96.72630043753038,7444.0,9.6,7.72848442158626,34.0,20.11,68.12432846400552,real_fitbit_joined
7.2,70.0,60.0,52.0,129.0,8000.0,10.0,9.69239945037898,42.0,19.65,56.87676470486065,independent_sample
5.95,60.0,80.0,56.0,100.57398753894081,15482.0,10.0,4.155642380882627,52.0,23.79,62.62749500614008,real_fitbit_joined
7.45,80.0,60.0,50.0,95.73523809523809,8330.0,9.6,4.014150531913775,47.0,22.18,70.38653370986546,real_fitbit_joined
8.1,60.0,80.0,68.0,136.0,7000.0,10.0,9.275779221904447,43.0,25.56,55.31887251594101,independent_sample
6.0,90.0,30.0,74.0,162.0,5000.0,8.0,8.755218134086107,53.0,22.51,53.74959352975814,independent_sample
8.4,90.0,40.0,55.0,149.0,5000.0,9.6,4.626821608886453,39.0,26.13,77.58330356056858,independent_sample
7.366666666666666,90.0,30.0,59.0,99.33434190620272,11404.0,10.0,7.638240714300023,38.0,12.67,69.7788545125223,real_fitbit_joined
6.583333333333333,90.0,30.0,61.0,93.12085944494181,10114.0,10.0,6.701303978435325,45.0,20.83,70.22458261011975,real_fitbit_joined
8.383333333333333,80.0,40.0,55.0,82.10113519091847,1619.0,7.2,4.680576499728429,21.0,25.72,75.72806433100625,real_fitbit_joined
6.05,70.0,40.0,61.0,101.54278305963699,18952.0,10.0,3.236402258330192,18.0,23.52,72.32120593736104,real_fitbit_joined
7.216666666666667,70.0,60.0,62.0,105.87620357634113,10762.0,10.0,5.7195124239482205,36.0,18.42,72.50119203754994,real_fitbit_joined
7.8,80.0,60.0,70.0,157.0,8000.0,8.8,4.08203180951242,50.0,23.02,68.69863862280745,independent_sample
9.2,80.0,40.0,51.0,76.8135593220339,10243.0,10.0,2.762120213103668,39.0,23.05,82.23828074835387,real_fitbit_joined
6.6,70.0,60.0,73.0,161.0,6000.0,10.0,2.8290078197747857,35.0,48.43,65.92001937060698,independent_sample
10.366666666666667,80.0,50.0,55.0,76.70588235294117,5164.0,6.4,7.102145373031572,51.0,29.26,76.73713909975126,real_fitbit_joined
7.3,70.0,60.0,63.0,159.0,5000.0,10.0,2.467318032384319,30.0,22.48,75.3889227875495,independent_sample
8.2,80.0,40.0,50.0,158.0,7000.0,10.0,2.0385517796102564,50.0,31.75,83.37240275311137,independent_sample
7.8,70.0,60.0,71.0,138.0,8000.0,10.0,5.26428845558152,25.0,23.17,73.34592966632069,independent_sample
10.366666666666667,50.0,70.0,55.0,76.70588235294117,5164.0,8.0,8.396740533613206,24.0,22.76,68.55698718911994,real_fitbit_joined
6.0,80.0,50.0,64.0,158.0,10000.0,10.0,1.7610884028751408,59.0,19.5,81.59198337346264,independent_sample
3.9166666666666665,80.0,40.0,62.5,105.92727272727272,4053.0,10.0,6.588239659907294,53.0,17.57,56.906493287315755,real_fitbit_joined
7.3,50.0,70.0,50.0,140.0,3500.0,9.2,2.455042926132657,58.0,26.19,68.10019537172319,independent_sample
8.316666666666666,90.0,30.0,50.0,87.11576011157601,8758.0,8.0,7.544521627896772,29.0,23.76,69.86872679876252,real_fitbit_joined
5.716666666666667,70.0,60.0,62.0,100.57455931395903,7174.0,8.0,2.5508788408146685,47.0,12.32,68.22905539172686,real_fitbit_joined
7.4,60.0,80.0,52.0,122.0,8000.0,10.0,4.243841444273375,32.0,24.36,64.39879353878844,independent_sample
1.65,90.0,30.0,58.0,118.52189781021897,11009.0,8.0,2.5347171131856236,24.0,26.4,59.64646144491767,real_fitbit_joined
5.9,90.0,30.0,65.0,164.0,3000.0,8.8,6.9565527086444074,56.0,36.22,63.43403704382314,independent_sample
7.816666666666666,60.0,80.0,45.0,77.22525414660247,10201.0,8.4,2.5650572429753855,58.0,30.49,72.6769556193478,real_fitbit_joined
10.016666666666667,70.0,60.0,64.0,100.24889107934943,10078.0,6.4,8.097374901020777,42.0,18.15,62.31227458551176,real_fitbit_joined
9.033333333333333,90.0,30.0,60.0,103.41366742596811,9411.0,8.8,8.106563285150985,45.0,31.4,72.41772983741475,real_fitbit_joined
6.533333333333333,70.0,70.0,49.0,106.66451458632234,12087.0,10.0,1.1045848591729057,39.0,38.49,69.16342468451772,real_fitbit_joined
7.7,60.0,70.0,64.0,162.0,8000.0,10.0,7.392185187609804,20.0,37.53,64.19749992675538,independent_sample
6.133333333333334,60.0,70.0,49.0,91.47652347652348,10096.0,10.0,4.532442007660164,38.0,26.48,65.2096847055349,real_fitbit_joined
6.6,80.0,40.0,66.0,129.0,6000.0,10.0,4.198461118171655,41.0,21.39,76.00874912566219,independent_sample
6.133333333333334,90.0,30.0,49.0,91.47652347652348,10096.0,6.0,1.2212822481292136,23.0,24.13,76.91333801404365,real_fitbit_joined
8.0,60.0,80.0,61.0,97.77891791044776,8206.0,6.4,1.0518279444830942,57.0,28.15,71.87930123560176,real_fitbit_joined
10.366666666666667,60.0,70.0,55.0,76.70588235294117,5164.0,10.0,9.137428250443735,56.0,20.55,67.89641398291018,real_fitbit_joined
9.216666666666667,50.0,70.0,57.0,71.351776354106,1807.0,8.4,3.2436300623398746,51.0,16.86,74.8964447606639,real_fitbit_joined
7.083333333333333,70.0,40.0,60.0,109.83325902808738,10725.0,10.0,5.084105872452753,38.0,12.67,75.12029705656397,real_fitbit_joined
7.716666666666667,60.0,80.0,59.0,73.91745036572622,4926.0,10.0,3.583343198574215,19.0,24.2,73.68394262425625,real_fitbit_joined
8.4,70.0,60.0,62.0,150.0,5000.0,8.0,7.197684663770881,26.0,17.3,66.9437099717587,independent_sample
6.65,90.0,30.0,53.0,97.59076212471132,12346.0,9.2,5.720602506132292,56.0,17.51,71.38775320703566,real_fitbit_joined
6.85,70.0,70.0,57.0,69.50108459869848,42.0,10.0,9.404875157751144,57.0,14.07,52.54811203245763,real_fitbit_joined
6.533333333333333,80.0,40.0,59.0,102.43229389149936,9799.0,8.4,5.062483218967079,54.0,28.68,70.43831397889606,real_fitbit_joined
10.516666666666667,80.0,40.0,58.0,76.9119737561509,4112.0,10.0,1.8790490260574548,59.0,20.28,91.91070133839126,real_fitbit_joined
8.4,90.0,30.0,63.0,165.0,5000.0,10.0,4.90618875437883,51.0,25.35,77.93497462926027,independent_sample
6.6,80.0,50.0,65.0,153.0,6000.0,9.2,6.070558156413761,27.0,24.44,65.86597821875193,independent_sample
7.1,70.0,40.0,52.0,124.0,8000.0,7.2,2.066523612383364,23.0,26.16,79.31268899896635,independent_sample
9.016666666666667,70.0,60.0,62.0,89.28435754189944,4188.0,9.6,4.142886171513948,37.0,22.56,77.10695190872332,real_fitbit_joined
8.0,50.0,70.0,70.0,162.0,7000.0,9.6,2.0579617013519798,37.0,22.56,76.67948078300945,independent_sample
10.316666666666666,90.0,30.0,55.0,78.76546391752578,4660.0,10.0,8.618070625610663,48.0,49.84,71.64608056854563,real_fitbit_joined
7.2,90.0,30.0,74.0,163.0,7000.0,10.0,1.0814874542233388,42.0,27.55,80.72992732469726,independent_sample
12.916666666666666,90.0,30.0,59.0,73.0040369088812,1202.0,8.0,9.014745526659055,52.0,28.28,83.93413649806283,real_fitbit_joined
5.616666666666666,60.0,80.0,62.0,105.38860759493672,12409.0,10.0,8.872315054157795,41.0,22.16,48.40018899330474,real_fitbit_joined
7.1,60.0,70.0,71.0,135.0,7000.0,10.0,6.725596282374094,22.0,27.05,62.6705689622231,independent_sample
8.666666666666666,90.0,30.0,56.0,74.78026666666666,3727.0,10.0,8.912064768059482,54.0,21.72,70.87930119420174,real_fitbit_joined
7.2,70.0,60.0,62.0,125.0,8000.0,10.0,3.0186413495654056,38.0,15.49,74.9024523076663,independent_sample
6.3,80.0,50.0,50.0,140.0,6000.0,8.8,6.228553418993614,18.0,27.18,60.14414118836728,independent_sample
1.7166666666666666,60.0,80.0,70.0,113.621755935947,9148.0,8.4,3.0700795355893273,33.0,26.67,49.66672384498572,real_fitbit_joined
7.9,60.0,70.0,60.0,107.34586466165413,10449.0,7.2,8.36170321707156,59.0,24.19,60.98528435082157,real_fitbit_joined
7.85,60.0,70.0,48.0,79.84838350055742,9603.0,7.2,2.2554447458683766,25.0,22.02,68.72294377138796,real_fitbit_joined
6.55,60.0,80.0,61.0,95.64293478260869,3403.0,7.6,2.7620018711519148,55.0,28.92,66.63223470400092,real_fitbit_joined
7.983333333333333,90.0,30.0,58.0,95.17008387698043,7238.0,9.6,4.058874673912595,47.0,22.18,76.78052767737475,real_fitbit_joined
9.216666666666667,80.0,50.0,57.0,71.351776354106,1807.0,6.8,5.330260916693358,47.0,17.47,79.1397916674216,real_fitbit_joined
5.2,60.0,70.0,45.0,95.31601272534465,2862.0,9.2,7.0083404700722625,39.0,17.83,49.844226435758074,real_fitbit_joined
7.3,70.0,60.0,60.0,128.0,8000.0,10.0,3.114760644963575,51.0,19.02,70.28224707756915,independent_sample
6.5,60.0,70.0,73.0,126.0,6000.0,10.0,4.745385983617854,31.0,30.43,64.2293834229258,independent_sample
7.233333333333333,80.0,30.0,66.0,114.05627887442252,12495.0,6.8,4.887505167779041,34.0,18.09,75.37864087699482,real_fitbit_joined
10.966666666666667,90.0,30.0,52.0,68.11269208878771,2713.0,10.0,5.217945777947136,26.0,28.49,86.31438942008107,real_fitbit_joined
7.366666666666666,60.0,70.0,48.0,82.21674370826914,10055.0,10.0,1.5703747342549097,46.0,20.76,71.40006029750913,real_fitbit_joined
1.2333333333333334,90.0,30.0,66.0,103.23147853736089,5129.0,10.0,1.3017919126220145,57.0,34.18,63.16178700709437,real_fitbit_joined
7.2,70.0,50.0,64.0,128.0,7000.0,10.0,1.4332855238051811,57.0,31.74,81.2337155059475,independent_sample
7.1,80.0,40.0,58.0,141.0,7000.0,7.2,8.546426504587224,36.0,21.3,63.889333147122315,independent_sample
6.1,70.0,40.0,74.0,149.0,4200.0,10.0,2.3643556732008943,29.0,20.61,75.34813061742115,independent_sample
5.716666666666667,90.0,30.0,62.0,100.57455931395903,7174.0,8.4,8.817608511600497,59.0,28.35,61.05657645666543,real_fitbit_joined
8.0,70.0,60.0,57.0,153.0,7500.0,6.8,2.487560411286617,26.0,25.73,76.04741000307337,independent_sample
5.916666666666667,50.0,70.0,49.0,105.13025780189959,14873.0,10.0,4.316737093513851,58.0,21.27,60.22963497709599,real_fitbit_joined
8.2,80.0,50.0,72.0,139.0,7000.0,10.0,9.432620407279565,50.0,25.7,55.877878020748504,independent_sample
9.15,80.0,50.0,43.0,113.4781433077963,12231.0,10.0,3.4914501751154643,53.0,17.57,74.55225869877765,real_fitbit_joined
9.65,70.0,60.0,61.0,91.79057071960298,7485.0,8.8,6.455571710057921,31.0,13.78,71.16335568242117,real_fitbit_joined
8.3,70.0,40.0,67.0,168.0,5000.0,10.0,4.95464490725007,48.0,25.2,73.04970041496966,independent_sample
7.2,80.0,50.0,65.0,157.0,7000.0,10.0,2.658023553142235,36.0,35.18,74.9349257598011,independent_sample
5.366666666666666,90.0,30.0,61.0,93.4197794779478,4496.0,10.0,3.4125727674058863,40.0,21.26,75.10785243726289,real_fitbit_joined
5.633333333333334,70.0,40.0,56.0,97.25783040488923,15444.0,9.2,2.5588168291901368,24.0,13.71,70.7567295302839,real_fitbit_joined
6.133333333333334,80.0,50.0,49.0,91.47652347652348,10096.0,8.4,9.228689259044492,32.0,37.74,52.9159195448917,real_fitbit_joined
8.2,70.0,40.0,58.0,95.77142857142857,4477.0,8.4,9.782787302372181,54.0,28.68,65.82532725826177,real_fitbit_joined
1.65,70.0,40.0,58.0,118.52189781021897,11009.0,9.2,2.4509915852860398,43.0,15.5,58.7109767101419,real_fitbit_joined
7.366666666666666,60.0,80.0,55.0,73.99051233396584,1868.0,10.0,6.874714970666872,23.0,35.44,61.225952466259805,real_fitbit_joined
7.116666666666666,60.0,80.0,64.0,92.64671532846715,2121.0,8.8,2.148222725160074,28.0,26.14,72.27117167770533,real_fitbit_joined
8.316666666666666,70.0,40.0,47.0,100.66298342541437,10494.0,10.0,4.278428749432679,30.0,31.32,74.85381331418014,real_fitbit_joined
7.7,90.0,30.0,74.0,149.0,8000.0,8.4,4.593843242283773,44.0,22.69,77.28219870880551,independent_sample
7.366666666666666,80.0,50.0,48.0,82.21674370826914,10055.0,10.0,4.3100481944732785,25.0,36.01,69.09369182908065,real_fitbit_joined
7.8,90.0,30.0,63.0,138.0,8000.0,10.0,5.356693627391814,56.0,15.07,78.86232339170306,independent_sample
7.9,90.0,30.0,65.0,135.0,8000.0,10.0,1.5134924903612887,22.0,41.56,82.47460561394543,independent_sample
9.05,80.0,50.0,49.0,108.64182692307692,15764.0,10.0,5.567209603847526,18.0,23.52,72.77927862307546,real_fitbit_joined
6.55,90.0,30.0,62.0,109.67017543859649,12362.0,10.0,8.862207616960994,22.0,30.3,62.97828843498833,real_fitbit_joined
7.633333333333334,60.0,70.0,55.0,86.48223350253807,2564.0,10.0,6.457861536936309,22.0,17.59,64.08105302299586,real_fitbit_joined
8.8,70.0,60.0,58.0,115.95929276315789,20031.0,10.0,8.330216343300421,21.0,29.89,67.42471941312351,real_fitbit_joined
7.9,80.0,50.0,66.0,129.0,8000.0,10.0,1.470320913574214,45.0,27.35,80.6935045140133,independent_sample
6.4,80.0,40.0,59.0,86.12005928853755,2332.0,10.0,8.315196105317522,58.0,23.75,59.71369445686247,real_fitbit_joined
6.5,80.0,40.0,60.0,166.0,6000.0,9.6,9.648281322359422,50.0,20.13,57.05608659403831,independent_sample
8.1,70.0,40.0,54.0,84.68608037274316,1219.0,10.0,4.502815108607468,45.0,27.35,75.1014030534441,real_fitbit_joined
8.2,90.0,30.0,61.0,97.57859680284191,11495.0,10.0,5.318880582735179,37.0,23.22,76.73638422116754,real_fitbit_joined
8.8,80.0,40.0,53.0,88.60706521739131,3147.0,10.0,5.836560426441306,50.0,34.14,72.3026950742374,real_fitbit_joined
7.7,60.0,80.0,57.0,127.0,8000.0,10.0,7.4469104925641405,29.0,20.61,58.20527604080677,independent_sample
7.8,90.0,30.0,68.0,135.0,7000.0,10.0,6.011905988548863,32.0,33.55,71.59290794428337,independent_sample
6.0,80.0,50.0,58.0,136.0,10000.0,10.0,6.020050756330225,38.0,26.48,64.14269290665179,independent_sample
6.45,80.0,50.0,62.0,95.34040062434964,6107.0,7.2,9.713740851232496,33.0,27.64,54.05691385950642,real_fitbit_joined
8.5,60.0,70.0,61.0,121.0,5000.0,6.0,8.766971482229849,48.0,25.89,57.10730736900995,independent_sample
7.866666666666666,90.0,30.0,56.0,94.58295557570263,10533.0,10.0,1.1492904603507053,27.0,18.35,87.93724746693984,real_fitbit_joined
8.5,60.0,70.0,66.0,145.0,5000.0,10.0,2.4919708614694818,44.0,36.46,77.67177022142955,independent_sample
7.1,90.0,30.0,67.0,132.0,8000.0,10.0,9.047717871977065,42.0,27.66,61.4858413606371,independent_sample
7.3,70.0,40.0,66.0,158.0,6200.0,8.0,4.488839249100824,50.0,23.56,74.31548152734315,independent_sample
6.55,90.0,30.0,62.0,109.67017543859649,12362.0,10.0,7.70895526765897,51.0,34.5,66.19338160560878,real_fitbit_joined
7.2,60.0,80.0,66.0,151.0,7000.0,10.0,7.940105342666979,44.0,25.58,54.760130627094775,independent_sample
6.0,60.0,70.0,62.0,145.0,5000.0,10.0,8.244160991572947,51.0,20.76,50.17485282673429,independent_sample
8.2,60.0,80.0,61.0,97.57859680284191,11495.0,8.0,4.693446307320667,50.0,24.55,70.63676090589644,real_fitbit_joined
7.1,80.0,40.0,54.0,125.0,7000.0,10.0,7.6409648635114555,27.0,19.01,58.403724668028104,independent_sample
6.4,70.0,60.0,59.0,86.12005928853755,2332.0,9.6,9.53607976265941,53.0,23.53,54.383839027061775,real_fitbit_joined
7.716666666666667,80.0,60.0,62.0,94.32549877015578,6429.0,6.8,8.890890730855745,24.0,19.01,57.36672061598449,real_fitbit_joined
7.083333333333333,90.0,30.0,60.0,109.83325902808738,10725.0,10.0,3.0632625570937733,47.0,19.69,79.23038136628159,real_fitbit_joined
7.6,80.0,50.0,66.0,121.0,8000.0,10.0,4.0361099209218345,34.0,31.94,70.66862585757568,independent_sample
8.1,60.0,80.0,50.0,128.0,7000.0,8.8,8.464551983729622,56.0,36.22,57.21263135090591,independent_sample
7.783333333333333,80.0,50.0,61.0,98.12257019438445,10524.0,8.4,6.554304879436271,51.0,18.32,69.29075385471297,real_fitbit_joined
7.8,60.0,80.0,74.0,150.0,8000.0,8.0,4.139384805725314,43.0,16.76,64.03880003311043,independent_sample
7.2,80.0,50.0,69.0,136.0,7000.0,7.2,6.797342993283243,23.0,26.16,63.922325407252934,independent_sample
8.1,90.0,30.0,71.0,161.0,5000.0,10.0,6.248717238493878,52.0,15.24,74.02173691081626,independent_sample
6.966666666666667,70.0,60.0,58.0,97.11313697989715,15491.0,6.4,1.6762400356222789,37.0,25.73,73.37786422782736,real_fitbit_joined
6.8,70.0,40.0,50.0,120.0,5000.0,10.0,4.154684808575457,42.0,27.66,73.42300512424411,independent_sample
1.9166666666666667,50.0,70.0,57.0,85.14752724224644,3428.0,10.0,3.871904259189301,52.0,27.85,52.674542741897596,real_fitbit_joined
7.3,70.0,40.0,51.0,167.0,6200.0,10.0,4.823657585812782,23.0,23.93,68.791716951578,independent_sample
7.816666666666666,90.0,30.0,45.0,77.22525414660247,10201.0,10.0,9.68606826792441,46.0,14.36,58.95027629505493,real_fitbit_joined
7.1,70.0,40.0,70.0,130.0,6000.0,10.0,6.785937190528369,32.0,33.55,62.80164688238822,independent_sample
7.1,80.0,50.0,60.0,169.0,6000.0,8.8,6.585944318421257,59.0,15.46,65.52968605659835,independent_sample
6.2,70.0,40.0,50.0,166.0,5000.0,10.0,1.8036057207301563,55.0,24.76,71.23088953651396,independent_sample
7.216666666666667,70.0,60.0,59.0,91.4928292046936,9482.0,10.0,6.114777430019244,50.0,36.47,66.59042113756999,real_fitbit_joined
5.65,60.0,80.0,59.0,99.32393736017897,5245.0,10.0,7.472816004450374,45.0,27.11,53.80518950626792,real_fitbit_joined
5.883333333333334,60.0,80.0,60.0,89.96766043456292,10001.0,9.2,5.09698134173621,25.0,29.71,59.47306393741404,real_fitbit_joined
10.316666666666666,80.0,40.0,55.0,78.76546391752578,4660.0,10.0,2.8570034656521326,28.0,24.89,88.14758369102438,real_fitbit_joined
6.816666666666666,70.0,50.0,51.0,83.46244879380974,12533.0,6.8,4.111005549914768,26.0,25.73,67.23062982164122,real_fitbit_joined
6.0,80.0,50.0,62.0,146.0,5000.0,8.8,9.732313987534514,18.0,17.27,53.18777001434165,independent_sample
7.9,90.0,30.0,56.0,125.0,8000.0,6.0,3.2920355984144605,53.0,15.43,75.20276003775744,independent_sample
7.85,80.0,50.0,48.0,79.84838350055742,9603.0,8.8,7.162580552984913,50.0,20.11,61.864407591255045,real_fitbit_joined
6.7,70.0,60.0,53.0,98.837614279495,6157.0,7.6,4.792820955332481,29.0,22.86,66.9797315764396,real_fitbit_joined
6.533333333333333,70.0,60.0,49.0,106.66451458632234,12087.0,10.0,7.266598982903258,47.0,26.1,58.24151370320507,real_fitbit_joined
7.666666666666667,80.0,40.0,60.0,91.23887174966946,10080.0,10.0,8.699145256099065,52.0,27.85,64.88389929814929,real_fitbit_joined
7.05,60.0,80.0,64.0,102.14521452145215,5162.0,9.6,1.2927356154212672,34.0,20.11,75.25147802662492,real_fitbit_joined
7.6,80.0,40.0,70.0,129.0,8000.0,9.2,9.5955446033649,32.0,24.71,62.207024545605506,independent_sample
7.2,60.0,70.0,69.0,136.0,8000.0,8.4,5.6620725976416235,44.0,22.19,63.64398373036083,independent_sample
7.566666666666666,80.0,50.0,47.0,81.15589541193883,4499.0,10.0,3.1350411256239505,49.0,15.72,75.54447187706448,real_fitbit_joined
7.3,90.0,30.0,74.0,141.0,3500.0,10.0,2.754776799102603,56.0,32.69,79.69198441261723,independent_sample
6.6,60.0,80.0,66.0,134.0,6000.0,8.8,8.10363563487717,22.0,15.72,54.60437410773775,independent_sample
6.5,90.0,40.0,68.0,131.0,4000.0,8.8,3.318464983003497,18.0,19.42,70.0906082567786,independent_sample
7.216666666666667,90.0,30.0,62.0,105.87620357634113,10762.0,7.6,1.378838706727257,38.0,21.99,81.6831481377883,real_fitbit_joined
10.316666666666666,60.0,80.0,55.0,78.76546391752578,4660.0,10.0,8.646826516096702,40.0,20.1,61.78844632215724,real_fitbit_joined
7.2,70.0,40.0,60.0,127.0,8000.0,9.2,2.3689385490004558,51.0,21.67,80.55819535439699,independent_sample
6.5,90.0,30.0,70.0,157.0,4000.0,10.0,1.3509641131742043,46.0,33.38,79.92850087362555,independent_sample
6.5,60.0,80.0,71.0,143.0,6000.0,9.2,4.9952750905574,47.0,16.54,62.08878835989844,independent_sample
8.5,90.0,30.0,73.0,133.0,5000.0,9.6,6.416934306726899,19.0,28.22,67.56206905461497,independent_sample
6.0,60.0,70.0,58.0,165.0,10000.0,8.4,8.912671953411229,20.0,24.52,51.588872587663204,independent_sample
6.1,80.0,40.0,63.0,146.0,5000.0,10.0,9.890069681933985,28.0,27.43,57.189732372137286,independent_sample
1.1666666666666667,60.0,80.0,68.0,122.81468531468532,16806.0,10.0,9.349770548756917,53.0,17.89,30.89330846279574,real_fitbit_joined
7.8,60.0,80.0,72.0,157.0,8000.0,10.0,6.205482253057681,36.0,41.84,60.67612392933337,independent_sample
2.1,80.0,60.0,62.0,103.66447728516694,13743.0,7.2,8.894804867317974,31.0,19.45,41.64276656337813,real_fitbit_joined
8.4,60.0,80.0,58.0,161.0,5000.0,9.2,1.4917097800087507,56.0,19.67,78.86219889937725,independent_sample
6.6,60.0,80.0,59.0,144.0,4800.0,10.0,7.143554991010622,21.0,25.03,57.32618648834015,independent_sample
7.3,70.0,60.0,65.0,165.0,8000.0,8.4,3.992105414338408,27.0,27.57,72.93091009229715,independent_sample
7.05,70.0,50.0,64.0,102.14521452145215,5162.0,10.0,2.816681069106535,56.0,24.37,76.46744038649044,real_fitbit_joined
8.5,60.0,70.0,60.0,126.0,5000.0,6.0,4.563734253962094,28.0,25.57,67.75871771914173,independent_sample
6.6,60.0,80.0,60.0,132.0,6000.0,8.4,8.76376424034261,50.0,30.63,50.407836136606335,independent_sample
7.45,80.0,50.0,50.0,95.73523809523809,8330.0,10.0,3.927972976869379,19.0,34.34,73.52629581912069,real_fitbit_joined
5.916666666666667,90.0,30.0,49.0,105.13025780189959,14873.0,9.6,3.4918988333248335,45.0,14.54,69.27179463289362,real_fitbit_joined
7.6,90.0,30.0,57.0,127.0,8000.0,9.2,5.470258805361519,43.0,18.19,73.47057306825506,independent_sample
6.3,80.0,50.0,50.0,121.0,6000.0,10.0,9.603269460597874,57.0,34.18,57.71975042792357,independent_sample
6.5,60.0,70.0,56.0,125.0,6000.0,10.0,2.0452506418047305,41.0,26.64,68.45859980062801,independent_sample
1.9166666666666667,70.0,60.0,57.0,85.14752724224644,3428.0,6.4,4.503660526377789,40.0,24.5,51.08658153087907,real_fitbit_joined
8.0,60.0,80.0,71.0,169.0,7000.0,10.0,7.274884437186731,58.0,19.55,60.774576114972994,independent_sample
6.1,50.0,70.0,64.0,125.6437659033079,5893.0,7.2,9.28757694355635,34.0,20.36,52.23178061019672,real_fitbit_joined
8.1,80.0,40.0,74.0,124.0,7000.0,10.0,1.0121826314392135,47.0,25.54,82.41129164758648,independent_sample
7.783333333333333,70.0,40.0,61.0,92.21968616262482,10352.0,8.4,6.973040488263833,28.0,33.86,65.16562356281327,real_fitbit_joined
6.0,80.0,40.0,73.0,151.0,10000.0,10.0,7.8793539599956235,43.0,17.88,57.54047687038484,independent_sample
6.533333333333333,80.0,40.0,59.0,102.43229389149936,9799.0,10.0,5.090869582909959,47.0,27.2,69.71859947701172,real_fitbit_joined
6.6,70.0,60.0,58.0,167.0,6000.0,10.0,1.9509821583556952,34.0,17.94,74.96674648470926,independent_sample
6.966666666666667,60.0,80.0,59.0,106.57502953918866,16358.0,6.8,6.520736763422109,29.0,23.22,60.723899135975884,real_fitbit_joined
6.5,80.0,50.0,58.0,148.0,6000.0,10.0,2.8765946292160223,38.0,21.8,73.53139169902212,independent_sample
6.883333333333334,60.0,70.0,57.0,94.58590511285122,8921.0,10.0,3.6500400286262713,54.0,23.74,65.10143545141814,real_fitbit_joined
6.9,80.0,50.0,66.0,156.0,6800.0,10.0,6.31574050595174,50.0,17.72,66.83976790293505,independent_sample
6.3,60.0,80.0,50.0,133.0,6000.0,10.0,4.424659388829051,43.0,25.56,62.895455206804286,independent_sample
9.3,90.0,30.0,61.0,96.72630043753038,7444.0,10.0,3.135241787471201,56.0,34.06,84.74610558765767,real_fitbit_joined
8.4,60.0,80.0,53.0,121.0,5000.0,7.6,7.85711631344383,33.0,21.16,65.11149304572179,independent_sample
6.316666666666666,60.0,80.0,56.0,95.43331836551414,9938.0,6.0,7.254836975138883,27.0,18.1,49.740578776326174,real_fitbit_joined
7.7,80.0,50.0,52.0,166.0,8000.0,9.6,6.04396567882396,22.0,29.83,64.0835056440793,independent_sample
6.816666666666666,60.0,80.0,51.0,83.46244879380974,12533.0,6.0,6.614733922089157,42.0,21.87,56.0887932334376,real_fitbit_joined
7.033333333333333,70.0,60.0,59.0,87.78156221616712,10272.0,10.0,4.966864722444053,23.0,44.84,65.75755084516184,real_fitbit_joined
7.8,80.0,50.0,66.0,145.0,8000.0,10.0,8.670374869520632,43.0,24.16,63.00165024905229,independent_sample
7.8,80.0,60.0,52.0,157.0,8000.0,8.8,5.441919223061068,46.0,24.34,67.8973146751366,independent_sample
6.1,50.0,70.0,59.0,148.0,10000.0,10.0,4.241227667243672,42.0,21.29,66.35252755586073,independent_sample
5.9,60.0,80.0,59.0,155.0,10000.0,10.0,2.371744119973757,25.0,23.17,69.19427765208246,independent_sample
6.1,90.0,30.0,61.0,139.0,5000.0,8.8,3.327587513992349,53.0,21.26,73.08780624378296,independent_sample
6.6,80.0,50.0,52.0,129.0,6000.0,10.0,6.9577205031448175,23.0,18.62,58.737799964608676,independent_sample
7.666666666666667,70.0,60.0,60.0,91.23887174966946,10080.0,10.0,8.957858170135669,28.0,29.61,63.07572140970743,real_fitbit_joined
7.8,80.0,30.0,64.0,169.0,8000.0,8.4,3.3284047793989684,25.0,18.41,79.43615064580743,independent_sample
6.5,80.0,50.0,61.0,121.0,6000.0,10.0,3.1708131183958734,43.0,17.32,71.1576065724357,independent_sample
10.966666666666667,80.0,50.0,52.0,68.11269208878771,2713.0,10.0,9.566306068809151,31.0,20.27,69.48198285075455,real_fitbit_joined
10.05,60.0,60.0,47.0,82.63835072031793,5206.0,10.0,8.533119955273047,47.0,22.64,63.55484651533364,real_fitbit_joined
8.85,50.0,70.0,54.0,82.38741044012282,1320.0,10.0,9.2336131096129,21.0,32.69,60.85632963353332,real_fitbit_joined
5.6,70.0,60.0,68.0,100.45598731165741,7150.0,9.2,9.059709056465804,31.0,29.23,52.61252775030248,real_fitbit_joined
8.466666666666667,60.0,80.0,48.0,99.59399538106236,11045.0,9.6,2.9423892474715885,41.0,26.33,69.6770473241526,real_fitbit_joined
7.183333333333334,70.0,60.0,49.0,96.97294685990339,4038.0,10.0,6.806555113685048,40.0,26.74,59.51810509530875,real_fitbit_joined
7.5,60.0,80.0,56.0,97.84070175438596,12764.0,10.0,1.3907127956933725,23.0,29.46,73.83411500455558,real_fitbit_joined
6.316666666666666,80.0,40.0,56.0,95.43331836551414,9938.0,10.0,8.316871648444842,31.0,30.43,57.06694139629976,real_fitbit_joined
6.6,80.0,60.0,55.0,161.0,6000.0,6.8,9.03072248325687,26.0,25.73,55.843284265362996,independent_sample
7.6,60.0,80.0,74.0,142.0,8000.0,10.0,2.030388742593146,52.0,26.39,72.88024603881999,independent_sample
7.716666666666667,70.0,40.0,62.0,94.32549877015578,6429.0,10.0,2.1186750113699024,52.0,27.85,81.6700832263409,real_fitbit_joined
7.033333333333333,80.0,50.0,59.0,87.78156221616712,10272.0,10.0,8.124211393532637,27.0,30.76,59.474741389286926,real_fitbit_joined
8.383333333333333,80.0,50.0,55.0,82.10113519091847,1619.0,8.4,3.453616006601804,20.0,25.36,73.39248478646581,real_fitbit_joined
7.75,70.0,40.0,59.0,107.78594249201278,6711.0,8.0,6.563401608863072,20.0,23.92,66.48511234264949,real_fitbit_joined
5.8,60.0,70.0,50.0,136.0,5200.0,10.0,7.378890897062388,26.0,28.49,57.55443061457542,independent_sample
6.1,90.0,30.0,65.0,115.66272448532632,10199.0,10.0,6.1354877197494675,44.0,22.31,69.49045509198892,real_fitbit_joined
6.533333333333333,80.0,50.0,59.0,102.43229389149936,9799.0,10.0,6.10314634888001,41.0,19.44,64.09276780606508,real_fitbit_joined
8.1,70.0,60.0,71.0,144.0,7000.0,10.0,8.613292957099588,41.0,30.19,60.12351760570655,independent_sample
7.866666666666666,90.0,30.0,47.0,90.81570109151973,22770.0,8.4,2.2683180247728636,54.0,22.1,82.43005035293528,real_fitbit_joined
6.4,80.0,40.0,59.0,86.12005928853755,2332.0,10.0,7.230489080660672,34.0,31.94,66.01886749501442,real_fitbit_joined
8.316666666666666,80.0,40.0,47.0,100.66298342541437,10494.0,10.0,8.897248121743477,54.0,31.17,64.15421238628403,real_fitbit_joined
7.966666666666667,60.0,70.0,51.0,90.53748296228987,13236.0,10.0,1.9645481020579845,21.0,45.43,75.60815840500028,real_fitbit_joined
6.966666666666667,70.0,60.0,59.0,106.57502953918866,16358.0,10.0,1.2745022494514449,45.0,16.5,76.41459485890435,real_fitbit_joined
6.65,80.0,50.0,53.0,97.59076212471132,12346.0,10.0,4.617378222483179,59.0,28.05,64.96314471490231,real_fitbit_joined
7.9,60.0,80.0,68.0,163.0,8000.0,10.0,2.262920663741635,33.0,21.45,74.73943348417393,independent_sample
7.7,90.0,30.0,60.0,156.0,8000.0,10.0,7.408126182977027,18.0,21.02,67.36655370644229,independent_sample
6.1,70.0,60.0,73.0,143.0,8000.0,7.2,4.214090433704525,49.0,16.2,62.551657891039135,independent_sample
6.9,80.0,30.0,53.0,155.0,5500.0,9.2,8.495473391094439,52.0,28.52,62.861545390607525,independent_sample
6.2,90.0,30.0,73.0,156.0,5000.0,10.0,4.638607725293822,21.0,38.76,70.04736331050316,independent_sample
6.1,80.0,40.0,51.0,135.0,5000.0,10.0,9.780491807739233,18.0,44.1,56.28267933502933,independent_sample
7.9,60.0,80.0,64.0,125.0,8000.0,8.4,7.417414455708868,18.0,21.66,61.78886598965866,independent_sample
8.1,70.0,60.0,67.0,142.0,7000.0,8.4,3.4384842848472887,33.0,26.67,76.23930894381847,independent_sample
8.0,60.0,80.0,53.0,123.0,7000.0,10.0,6.124396250640545,40.0,17.54,59.972355959508064,independent_sample
7.1,90.0,30.0,58.0,167.0,7000.0,8.0,9.493314335381987,27.0,22.44,62.812109733866684,independent_sample
8.316666666666666,70.0,70.0,47.0,100.66298342541437,10494.0,8.4,8.270613477471327,50.0,30.63,62.178877218650264,real_fitbit_joined
6.0,80.0,50.0,54.0,148.0,10000.0,10.0,2.283347296737179,18.0,29.5,71.86446391556962,independent_sample
6.0,80.0,40.0,50.0,149.0,5000.0,10.0,2.7723313400808554,59.0,28.44,74.78931387226528,independent_sample
7.7,80.0,50.0,59.0,130.0,8000.0,10.0,4.4918808395218255,23.0,35.44,72.42116327977624,independent_sample
8.4,70.0,40.0,57.0,130.0,5000.0,10.0,5.089108807608897,43.0,21.8,75.56047514060724,independent_sample
7.7,60.0,80.0,74.0,136.0,8000.0,7.2,2.0935123867082623,49.0,22.54,71.54876958743235,independent_sample
6.6,70.0,50.0,69.0,135.0,6000.0,10.0,5.123681980641034,18.0,27.01,71.1016428191689,independent_sample
8.1,60.0,80.0,62.0,136.0,7000.0,10.0,5.38900361759138,27.0,30.64,69.31682655894865,independent_sample
7.2,70.0,60.0,67.0,168.0,7000.0,10.0,1.6861529617620803,54.0,27.92,79.57338832294505,independent_sample
6.0,80.0,50.0,50.0,132.0,5000.0,10.0,2.764879414645536,59.0,34.89,70.36571513245386,independent_sample
5.366666666666666,80.0,50.0,56.0,94.87579329102448,11682.0,10.0,1.9593842782039461,36.0,22.32,68.70255698874557,real_fitbit_joined
9.033333333333333,90.0,30.0,60.0,103.41366742596811,9411.0,10.0,7.799960246887438,32.0,29.95,77.08366175011517,real_fitbit_joined
7.366666666666666,70.0,60.0,55.0,73.99051233396584,1868.0,10.0,8.153285938749365,26.0,19.73,60.55128419916736,real_fitbit_joined
7.7,60.0,80.0,68.0,149.0,8000.0,10.0,3.9406828782703673,41.0,30.05,70.16030714832578,independent_sample
7.083333333333333,90.0,30.0,60.0,109.83325902808738,10725.0,8.0,3.6667730841039106,54.0,20.71,80.43439752846696,real_fitbit_joined
7.433333333333334,80.0,40.0,65.0,91.30823680823681,1291.0,10.0,1.7451880113261382,28.0,18.28,77.41973510587239,real_fitbit_joined
8.0,80.0,50.0,71.0,150.0,7500.0,9.2,9.01232247716022,45.0,26.57,58.63574191759143,independent_sample
5.916666666666667,80.0,50.0,49.0,105.13025780189959,14873.0,10.0,2.594348105026473,45.0,24.54,62.199785302395064,real_fitbit_joined
7.116666666666666,60.0,80.0,64.0,92.64671532846715,2121.0,10.0,2.057736220993944,50.0,17.61,75.40422202972915,real_fitbit_joined
7.2,60.0,80.0,74.0,147.0,7000.0,10.0,6.456276439758797,44.0,27.94,57.021895199682824,independent_sample
6.333333333333333,90.0,30.0,66.0,103.73809523809524,14450.0,10.0,5.998271958438681,32.0,23.56,68.63172960030906,real_fitbit_joined
6.416666666666667,80.0,40.0,57.0,91.96686464520162,4369.0,6.8,7.420146272960972,26.0,23.07,61.65359104750051,real_fitbit_joined
7.2,60.0,80.0,58.0,120.0,7000.0,10.0,1.2445067910300383,39.0,30.47,75.40270738817095,independent_sample
5.65,60.0,80.0,59.0,99.32393736017897,5245.0,10.0,6.360748665470599,52.0,24.78,53.37994900366533,real_fitbit_joined
7.2,70.0,70.0,66.0,166.0,7000.0,10.0,1.1094109432964814,38.0,15.49,71.96801631690569,independent_sample
6.0,60.0,80.0,58.0,139.0,10000.0,7.2,3.539683672238801,23.0,26.16,64.62289114576853,independent_sample
7.583333333333333,80.0,50.0,52.0,70.86292498650836,4832.0,7.2,5.104629857953324,23.0,16.78,66.59121296740084,real_fitbit_joined
6.666666666666667,70.0,60.0,56.0,74.95350172215844,9632.0,10.0,7.3651477088205874,32.0,18.53,54.53454868772437,real_fitbit_joined
10.366666666666667,80.0,50.0,55.0,76.70588235294117,5164.0,10.0,3.958764492587574,20.0,40.26,86.62981571101743,real_fitbit_joined
8.2,80.0,50.0,73.0,132.0,7000.0,6.4,3.1770396470160027,25.0,23.75,73.81572046904068,independent_sample
7.5,90.0,30.0,56.0,97.84070175438596,12764.0,8.8,5.707588822922074,34.0,23.46,77.7689130428454,real_fitbit_joined
6.1,90.0,30.0,55.0,152.0,5000.0,9.2,9.265837889308678,52.0,28.52,60.11563851038038,independent_sample
9.033333333333333,90.0,30.0,60.0,103.41366742596811,9411.0,6.8,3.0560926719816885,24.0,19.01,87.45775921626887,real_fitbit_joined
8.5,90.0,40.0,58.0,143.0,5000.0,8.4,8.794860702505224,30.0,18.33,70.75721206470799,independent_sample
7.533333333333333,60.0,80.0,61.0,96.12615643397814,10465.0,8.8,6.986774986265801,58.0,29.88,62.622922583851256,real_fitbit_joined
7.016666666666667,90.0,30.0,48.0,93.25023084025854,6393.0,10.0,3.78574854657695,18.0,44.1,75.38805958167596,real_fitbit_joined
6.95,80.0,30.0,67.0,100.44439617723718,15459.0,10.0,3.708672102521346,18.0,27.68,77.68322221442448,real_fitbit_joined
6.85,60.0,80.0,57.0,69.50108459869848,42.0,10.0,5.284453619791897,56.0,32.69,60.0517086014405,real_fitbit_joined
6.516666666666667,90.0,30.0,69.0,98.85607008760951,1282.0,9.6,5.996807304395161,31.0,19.82,64.55402085194646,real_fitbit_joined
7.366666666666666,60.0,70.0,48.0,82.21674370826914,10055.0,10.0,9.045033247458619,28.0,28.09,54.999834455636034,real_fitbit_joined
5.9,80.0,50.0,45.0,78.63302325581395,10299.0,10.0,1.2438639325313514,52.0,19.21,70.21467677254334,real_fitbit_joined
7.35,90.0,30.0,56.0,76.82283252557889,11596.0,10.0,3.9066082564712135,57.0,26.46,78.66528624661412,real_fitbit_joined
7.783333333333333,80.0,40.0,61.0,92.21968616262482,10352.0,6.0,2.9642849907855773,54.0,28.46,76.19792410723976,real_fitbit_joined
6.5,70.0,60.0,44.0,99.92120075046904,8964.0,8.0,1.7358312875398472,21.0,17.33,67.36701697060111,real_fitbit_joined
6.5,80.0,50.0,47.0,79.88053097345133,12375.0,8.8,1.9628257494426258,45.0,20.38,70.32818042116949,real_fitbit_joined
6.7,70.0,40.0,52.0,129.0,6000.0,10.0,6.153465095938202,32.0,21.0,68.27200062731836,independent_sample
7.583333333333333,70.0,70.0,58.0,92.69698420296793,10320.0,10.0,6.281570062187912,21.0,20.76,62.998564414966644,real_fitbit_joined
1.1,80.0,40.0,63.0,107.92268786127168,12084.0,6.4,2.126672129822954,19.0,17.61,56.60217606801993,real_fitbit_joined
7.1,70.0,40.0,67.0,151.0,6000.0,10.0,1.3304922625073903,23.0,19.73,79.78071090459231,independent_sample
6.3,70.0,60.0,61.0,127.0,6000.0,6.0,5.743373175204865,27.0,18.1,63.98332326259422,independent_sample
8.316666666666666,70.0,60.0,54.0,95.68524740378741,4299.0,10.0,2.5969558940175053,26.0,24.07,74.58822691889043,real_fitbit_joined
7.016666666666667,90.0,30.0,48.0,93.25023084025854,6393.0,10.0,4.298153813842581,27.0,18.35,77.93406220966442,real_fitbit_joined
8.1,80.0,50.0,72.0,123.0,7000.0,6.0,2.4522652094984534,52.0,31.41,76.3516207526244,independent_sample
7.966666666666667,90.0,30.0,59.0,103.84647077957281,10252.0,9.2,1.1170173115966242,54.0,44.66,85.96291410467154,real_fitbit_joined
8.816666666666666,60.0,80.0,47.0,126.51131824234355,17298.0,9.2,2.380162628044722,34.0,23.28,73.80525726278938,real_fitbit_joined
6.7,60.0,80.0,53.0,98.837614279495,6157.0,6.0,6.549852830686643,52.0,31.41,51.24479362197601,real_fitbit_joined
8.4,60.0,70.0,49.0,104.61335740072202,8869.0,10.0,1.9101040851051123,49.0,39.3,70.6247147024678,real_fitbit_joined
7.1,90.0,30.0,74.0,149.0,7000.0,10.0,3.457637289755312,34.0,24.09,76.1499418531271,independent_sample
7.7,80.0,50.0,54.0,127.0,8000.0,10.0,3.6553663688874063,21.0,24.87,75.851161887134,independent_sample
4.966666666666667,80.0,50.0,62.0,91.87692307692308,6815.0,10.0,3.9266498982407234,40.0,17.03,64.6457747323295,real_fitbit_joined
6.0,80.0,50.0,71.0,138.0,10000.0,8.8,1.1089280509849668,41.0,25.05,74.56688546371663,independent_sample
7.516666666666667,90.0,30.0,48.0,71.66283924843424,4363.0,10.0,3.926710578022254,26.0,31.64,74.80171853229774,real_fitbit_joined
6.0,60.0,70.0,72.0,125.0,5000.0,10.0,4.505337054121783,21.0,21.77,60.894419547732696,independent_sample
6.5,60.0,80.0,73.0,166.0,6000.0,10.0,9.42652559322034,46.0,18.62,50.415078734305546,independent_sample
10.016666666666667,90.0,30.0,64.0,100.24889107934943,10078.0,10.0,7.001778317914939,49.0,29.98,78.04474766407617,real_fitbit_joined
6.2,80.0,40.0,70.0,127.0,10000.0,7.6,8.485273393081961,29.0,23.33,59.73700172324293,independent_sample
7.8,80.0,50.0,50.0,156.0,8000.0,10.0,5.154017269778109,54.0,29.1,69.42858026566981,independent_sample
6.4,70.0,50.0,58.0,139.0,6000.0,8.4,6.494920795138821,36.0,43.31,63.89792011412277,independent_sample
8.316666666666666,60.0,80.0,47.0,100.66298342541437,10494.0,6.0,2.4729034857913406,28.0,31.49,68.00632155936776,real_fitbit_joined
7.2,70.0,40.0,55.0,147.0,8000.0,10.0,6.519625163986412,39.0,19.12,68.12174336159795,independent_sample
7.533333333333333,70.0,60.0,61.0,106.09291061206517,6722.0,10.0,3.096635272782704,44.0,25.75,76.70696188970857,real_fitbit_joined
8.1,80.0,50.0,50.0,158.0,7000.0,8.4,7.066179271529134,48.0,28.88,70.45564417021279,independent_sample
1.2333333333333334,70.0,60.0,66.0,103.23147853736089,5129.0,10.0,8.198697303525837,37.0,23.35,38.28802965542891,real_fitbit_joined
12.916666666666666,90.0,30.0,59.0,73.0040369088812,1202.0,8.4,9.425392967447028,57.0,47.72,81.46417599091549,real_fitbit_joined
6.0,40.0,80.0,74.0,124.0,10000.0,10.0,5.908886824662149,46.0,21.07,55.1681482054466,independent_sample
8.466666666666667,90.0,40.0,48.0,99.59399538106236,11045.0,7.2,9.599713263594412,48.0,18.98,55.96844246333133,real_fitbit_joined
6.5,70.0,60.0,68.0,139.0,6000.0,8.4,5.138203813923882,36.0,43.31,66.3063135129189,independent_sample
7.183333333333334,90.0,30.0,49.0,96.97294685990339,4038.0,9.2,5.821972156672826,22.0,18.37,70.12011504382909,real_fitbit_joined
8.1,80.0,40.0,71.0,131.0,7000.0,10.0,9.83060053086065,50.0,25.16,59.109674958663234,independent_sample
7.333333333333333,80.0,40.0,59.0,116.14836396234872,12627.0,10.0,8.475574670089562,22.0,33.72,67.23948362751285,real_fitbit_joined
8.1,70.0,60.0,65.0,143.0,7000.0,9.2,1.9123560779784323,33.0,23.2,79.05362457995453,independent_sample
6.8,80.0,40.0,51.0,151.0,5000.0,8.4,7.81579186420995,53.0,30.59,62.50998309187591,independent_sample
7.116666666666666,90.0,30.0,64.0,92.64671532846715,2121.0,9.6,5.8598684174427,18.0,19.47,69.14060768491635,real_fitbit_joined
6.0,90.0,30.0,68.0,138.0,10000.0,6.8,1.680252524686603,34.0,18.09,76.58366632553613,independent_sample
6.1,80.0,50.0,62.0,166.0,4200.0,10.0,4.687039480383934,58.0,24.36,66.6255742880719,independent_sample
6.333333333333333,70.0,60.0,56.0,94.32602018429135,12848.0,10.0,7.3752667904353135,45.0,26.08,61.396623606512755,real_fitbit_joined
8.4,80.0,40.0,66.0,145.0,5000.0,10.0,7.370515875067918,39.0,23.05,69.32512343068382,independent_sample
7.25,70.0,60.0,46.0,93.42785843920146,10461.0,7.2,2.194441786387543,57.0,27.11,71.36766805137316,real_fitbit_joined
6.966666666666667,90.0,30.0,58.0,97.11313697989715,15491.0,10.0,2.1812038991414884,38.0,27.59,79.34852786823964,real_fitbit_joined
6.8,60.0,70.0,53.0,130.0,5000.0,10.0,1.0689762938430278,55.0,18.35,73.3428715708563,independent_sample
7.8,60.0,60.0,55.0,138.0,8000.0,8.4,3.5336907857343696,32.0,27.74,67.51472051332627,independent_sample
8.3,60.0,80.0,73.0,126.0,5000.0,10.0,6.1617605631001595,20.0,27.69,65.93997989584997,independent_sample
7.8,70.0,60.0,58.0,146.0,8000.0,10.0,1.2856938883568976,20.0,24.42,78.16151787179344,independent_sample
6.0,80.0,50.0,60.0,161.0,10000.0,10.0,8.213834006946907,43.0,17.32,59.72554978654139,independent_sample
1.1666666666666667,80.0,50.0,68.0,122.81468531468532,16806.0,9.2,5.267564461785927,29.0,21.49,47.15274631445569,real_fitbit_joined
9.25,80.0,30.0,62.0,97.93510184746566,7328.0,10.0,6.867651335523405,51.0,34.25,79.94261179996163,real_fitbit_joined
7.2,70.0,70.0,50.0,132.0,8000.0,10.0,3.603202947753891,29.0,32.51,66.46964403303662,independent_sample
7.1,90.0,30.0,66.0,124.0,8000.0,10.0,6.350287016675558,45.0,19.74,68.95620315416383,independent_sample
7.2,60.0,80.0,62.0,166.0,7000.0,8.8,4.504644450809877,41.0,25.05,67.59142847920539,independent_sample
7.65,90.0,30.0,47.0,98.09787234042552,7924.0,9.2,9.672579793803276,31.0,33.61,60.58446004364389,real_fitbit_joined
6.333333333333333,60.0,80.0,62.0,91.47075080608015,10209.0,10.0,9.354867063289529,47.0,34.53,47.85568348054138,real_fitbit_joined
6.8,60.0,70.0,63.0,85.80868320610686,5439.0,10.0,9.458489112521276,44.0,25.58,50.35135261079282,real_fitbit_joined
6.0,60.0,80.0,72.0,141.0,8000.0,10.0,6.709273199845184,46.0,22.08,57.14559155785315,independent_sample
7.2,70.0,70.0,59.0,141.0,7000.0,10.0,7.795377358716505,43.0,23.48,59.570030747393965,independent_sample
8.466666666666667,60.0,80.0,63.0,79.66167355371901,1551.0,10.0,6.618141963225929,43.0,30.55,63.184932861127784,real_fitbit_joined
7.2,60.0,70.0,59.0,123.0,8000.0,10.0,3.355351153623154,36.0,24.16,72.39148363547835,independent_sample
7.1,80.0,50.0,72.0,139.0,8000.0,8.4,2.7624977572084304,18.0,19.01,72.551379424757,independent_sample
9.216666666666667,70.0,50.0,57.0,71.351776354106,1807.0,10.0,2.9843758816315784,27.0,30.64,79.95130668878676,real_fitbit_joined
6.816666666666666,80.0,40.0,57.0,99.85814144736842,9769.0,10.0,1.409017423073121,40.0,20.86,80.27216964568777,real_fitbit_joined
8.316666666666666,80.0,50.0,61.0,98.68643439584878,4853.0,10.0,7.627618135590764,46.0,20.76,70.33772305110485,real_fitbit_joined
6.1,80.0,40.0,55.0,154.0,10000.0,8.4,4.049745844048765,51.0,18.32,72.72624820943177,independent_sample
6.1,60.0,80.0,70.0,163.0,10000.0,6.8,2.415458873617438,33.0,22.27,63.09801935023671,independent_sample
7.066666666666666,60.0,80.0,63.0,93.71524163568773,1467.0,8.8,6.962700559185838,20.0,28.31,57.76616401508907,real_fitbit_joined
7.7,80.0,60.0,74.0,124.0,8000.0,10.0,9.087045442073554,35.0,32.74,57.55598532094635,independent_sample
1.0333333333333334,60.0,70.0,51.0,81.03393541324576,10218.0,10.0,4.158235112968708,45.0,25.49,44.72464018044893,real_fitbit_joined
8.8,80.0,40.0,60.0,74.5631067961165,1229.0,10.0,4.993751973741141,21.0,19.92,76.68316520852298,real_fitbit_joined
8.516666666666667,60.0,80.0,56.0,84.20750347383047,5029.0,10.0,9.553703356689029,19.0,25.1,58.212749248594804,real_fitbit_joined
6.65,70.0,60.0,53.0,97.59076212471132,12346.0,10.0,1.6587633139159927,52.0,13.82,75.90836692291904,real_fitbit_joined
6.8,80.0,50.0,64.0,121.0,5000.0,10.0,1.522827568723148,28.0,32.34,78.1095038906374,independent_sample
7.366666666666666,90.0,30.0,60.0,95.29390187987161,9471.0,8.0,2.2376884973139393,45.0,23.84,81.19509586420021,real_fitbit_joined
8.2,60.0,70.0,58.0,95.77142857142857,4477.0,6.0,9.082488604966423,23.0,26.26,58.76370568456559,real_fitbit_joined
7.55,70.0,60.0,57.0,114.65259348612787,11611.0,9.2,4.792213020493632,47.0,16.54,66.74570077404563,real_fitbit_joined
5.9,80.0,40.0,47.0,89.91439688715953,5325.0,10.0,2.304053848821008,43.0,24.64,73.12030139158966,real_fitbit_joined
7.866666666666666,90.0,30.0,56.0,94.58295557570263,10533.0,10.0,3.2081419871318886,38.0,14.39,78.84678024050655,real_fitbit_joined
7.8,80.0,50.0,66.0,151.0,8000.0,10.0,7.575854592153215,31.0,20.27,66.30083807587368,independent_sample
6.8,80.0,40.0,52.0,123.0,5000.0,10.0,6.38521735867983,32.0,24.84,71.68389735815208,independent_sample
7.1,90.0,30.0,73.0,160.0,7000.0,10.0,2.2602168779798593,52.0,23.97,73.52990859417625,independent_sample
7.2,90.0,30.0,71.0,138.0,7000.0,8.0,1.8855608474205758,18.0,30.26,79.83814345037996,independent_sample
7.1,90.0,30.0,70.0,131.0,7000.0,10.0,3.542251837330033,48.0,33.21,74.73225655589022,independent_sample
6.6,80.0,50.0,53.0,161.0,6000.0,10.0,9.058114802378523,50.0,29.3,60.83308193264738,independent_sample
7.2,90.0,30.0,70.0,127.0,7000.0,10.0,4.613448842751595,31.0,18.79,75.6248957388208,independent_sample
7.6,80.0,40.0,70.0,145.0,6800.0,10.0,2.019731542547178,44.0,27.94,82.82696688492624,independent_sample
8.4,80.0,40.0,73.0,156.0,5000.0,10.0,6.298583699181878,52.0,27.85,68.5390841698854,independent_sample
6.1,80.0,50.0,64.0,150.0,5000.0,10.0,6.513161215103373,56.0,25.86,63.114979768882584,independent_sample
7.2,40.0,80.0,65.0,169.0,7000.0,10.0,9.174056398302906,59.0,20.28,54.747466383066445,independent_sample
8.5,70.0,40.0,68.0,149.0,5000.0,10.0,4.088506178553924,57.0,26.79,79.40208232500497,independent_sample
6.6,60.0,70.0,61.0,140.0,6000.0,10.0,8.396478519268234,58.0,23.8,56.422622772332254,independent_sample
9.65,80.0,50.0,61.0,91.79057071960298,7485.0,10.0,8.803650867220934,29.0,20.63,70.00500005258833,real_fitbit_joined
7.7,60.0,80.0,61.0,131.0,8000.0,9.6,8.554046431204021,40.0,20.2,55.240999776485204,independent_sample
1.0166666666666666,70.0,60.0,64.0,101.60488415779587,9910.0,8.4,9.409303132921133,54.0,22.1,37.82648019853126,real_fitbit_joined
5.883333333333334,80.0,50.0,60.0,89.96766043456292,10001.0,8.4,6.400184933073733,53.0,30.59,65.16620755814422,real_fitbit_joined
5.883333333333334,80.0,50.0,60.0,89.96766043456292,10001.0,10.0,8.18032283972771,30.0,24.87,53.95555957939719,real_fitbit_joined
7.5,60.0,70.0,72.0,143.0,8000.0,10.0,2.387305388606384,43.0,20.71,70.7563344943585,independent_sample
6.0,90.0,30.0,62.0,132.0,5000.0,10.0,3.2228091916479986,49.0,21.78,76.90348220089473,independent_sample
8.4,80.0,50.0,70.0,161.0,5000.0,10.0,9.155289292891897,59.0,17.6,61.40644784272027,independent_sample
6.6,60.0,80.0,71.0,130.0,6000.0,10.0,4.016872426337855,53.0,27.18,65.32560750556978,independent_sample
5.95,70.0,60.0,56.0,100.57398753894081,15482.0,10.0,8.324155177362538,56.0,32.69,60.07598898108636,real_fitbit_joined
7.1,70.0,70.0,60.0,166.0,8000.0,10.0,4.227206153723858,31.0,19.31,72.9149307831761,independent_sample
1.0333333333333334,90.0,30.0,51.0,81.03393541324576,10218.0,8.8,4.248765072460241,18.0,19.42,53.781127086564105,real_fitbit_joined
7.3,70.0,60.0,50.0,142.0,6200.0,10.0,3.639777497025082,28.0,28.09,70.5882250131769,independent_sample
5.966666666666667,70.0,60.0,61.0,116.70341098169717,12010.0,10.0,5.928331385383626,46.0,40.45,61.65320114077692,real_fitbit_joined
6.5,80.0,40.0,69.0,155.0,6000.0,10.0,4.457860416872202,43.0,25.44,70.109798411111,independent_sample
7.1,90.0,30.0,50.0,149.0,7000.0,6.0,4.955605197696191,33.0,23.78,71.30285200347006,independent_sample
10.316666666666666,80.0,50.0,55.0,87.22557349192863,4599.0,9.2,9.070888821637826,28.0,26.47,69.36687871868706,real_fitbit_joined
6.333333333333333,60.0,60.0,66.0,103.73809523809524,14450.0,9.2,7.914460724780664,43.0,18.19,56.449671298023866,real_fitbit_joined
6.0,60.0,80.0,53.0,123.0,8000.0,10.0,5.552674236566461,29.0,23.65,55.720237775601454,independent_sample
7.016666666666667,60.0,80.0,52.0,83.76093023255814,10553.0,10.0,9.685242195998613,21.0,19.92,53.64165689204947,real_fitbit_joined
8.0,60.0,80.0,73.0,130.0,7000.0,10.0,3.0351279812470473,55.0,28.97,73.11356107730047,independent_sample
7.6,60.0,80.0,65.0,130.0,8000.0,10.0,8.170132574722352,59.0,19.5,54.49595953670869,independent_sample
7.1,60.0,80.0,67.0,150.0,7000.0,10.0,7.847661978377036,41.0,23.62,56.657083719375144,independent_sample
10.316666666666666,70.0,60.0,55.0,87.22557349192863,4599.0,10.0,9.729208414965434,25.0,17.85,63.502018849672986,real_fitbit_joined
8.4,90.0,30.0,52.0,123.0,5000.0,10.0,6.88757141326667,53.0,17.89,70.78137587016239,independent_sample
6.5,80.0,50.0,56.0,146.0,6000.0,9.6,8.60384212979706,22.0,26.65,54.44550602383451,independent_sample
7.7,60.0,60.0,74.0,146.0,8000.0,9.2,5.3835572693704234,52.0,24.23,70.34954951185557,independent_sample
8.2,80.0,40.0,52.0,126.0,7000.0,10.0,1.5638788310981906,48.0,28.43,82.47208934983291,independent_sample
6.983333333333333,60.0,70.0,55.0,95.79854576561164,14331.0,6.4,9.43056989863061,52.0,16.8,54.09277930764988,real_fitbit_joined
8.8,60.0,70.0,58.0,115.95929276315789,20031.0,10.0,7.941433120173512,42.0,19.69,69.82670111651989,real_fitbit_joined
7.4,60.0,70.0,65.0,143.0,8000.0,7.2,1.3750561054214585,48.0,18.98,72.81502296388936,independent_sample
8.716666666666667,60.0,80.0,63.0,101.90025906735751,12409.0,6.4,9.659552936270877,41.0,13.98,54.48954579956496,real_fitbit_joined
6.2,60.0,80.0,53.0,156.0,5500.0,10.0,3.4475143547660387,37.0,40.1,63.87379856360378,independent_sample
6.1,60.0,80.0,71.0,130.0,4200.0,10.0,1.001212237040368,45.0,15.31,72.53837517856303,independent_sample
6.333333333333333,70.0,70.0,62.0,91.47075080608015,10209.0,10.0,7.533601109832154,41.0,19.44,61.116158704488086,real_fitbit_joined
8.616666666666667,60.0,70.0,58.0,85.43375959079283,6760.0,9.2,9.728389405706903,36.0,19.36,59.050239384962694,real_fitbit_joined
7.7,60.0,80.0,67.0,157.0,8000.0,9.6,9.853110327370722,18.0,18.68,50.54758349882478,independent_sample
8.2,60.0,80.0,73.0,161.0,10000.0,10.0,6.125858016103933,53.0,23.7,62.5597544451082,independent_sample
6.4,80.0,50.0,62.0,167.0,6000.0,7.6,7.726999659370246,48.0,26.58,60.56893459339999,independent_sample
7.6,80.0,40.0,59.0,148.0,8000.0,9.6,4.318364537783157,29.0,29.89,77.82785681810812,independent_sample
7.4,80.0,50.0,61.0,134.0,3300.0,10.0,7.091391689716561,41.0,19.44,62.897790409463646,independent_sample
8.5,80.0,50.0,74.0,166.0,5000.0,10.0,3.33401407585385,32.0,25.33,73.83362787877502,independent_sample
7.9,80.0,50.0,61.0,107.83735224586289,12480.0,8.4,1.7635394267667273,44.0,22.19,82.18020940591865,real_fitbit_joined
2.05,90.0,30.0,67.0,138.01760563380282,6543.0,9.6,2.5379882865105925,37.0,30.89,64.7268688034326,real_fitbit_joined
8.3,50.0,70.0,63.0,102.63363636363637,7336.0,8.8,9.879671106629623,47.0,12.91,64.5401783668445,real_fitbit_joined
6.2,90.0,30.0,58.0,133.0,10000.0,10.0,9.757703466750996,26.0,23.84,54.74675117357831,independent_sample
6.4,40.0,80.0,68.0,120.0,6000.0,10.0,3.3361880434754427,26.0,23.84,64.64257889650766,independent_sample
6.966666666666667,90.0,30.0,58.0,97.11313697989715,15491.0,10.0,6.0112113621251515,31.0,23.46,63.91380482163292,real_fitbit_joined
6.95,60.0,70.0,67.0,100.44439617723718,15459.0,10.0,4.331428302298999,19.0,25.1,63.49939198816945,real_fitbit_joined
6.0,80.0,40.0,56.0,162.0,8000.0,9.6,7.255317059726979,20.0,29.92,64.69643623142227,independent_sample
8.5,90.0,30.0,59.0,161.0,5000.0,8.0,4.377969171276417,42.0,27.78,79.14197622190073,independent_sample
7.033333333333333,90.0,30.0,60.0,110.0524492825334,10081.0,10.0,2.022018329796661,28.0,30.07,86.19236893212121,real_fitbit_joined
7.9,60.0,80.0,55.0,139.0,8000.0,10.0,3.335876048584813,20.0,20.29,66.26632348409325,independent_sample
6.1,80.0,40.0,68.0,131.0,10000.0,10.0,2.6132793016535265,57.0,27.7,75.11758937172415,independent_sample
7.7,60.0,80.0,65.0,126.0,8000.0,8.0,3.1491659024338534,48.0,26.99,74.27088273732956,independent_sample
6.0,80.0,40.0,66.0,147.0,8000.0,10.0,8.231838935163431,45.0,26.08,58.06777848167748,independent_sample
6.6,80.0,40.0,63.0,144.0,6000.0,9.6,1.7146592617872658,39.0,26.13,81.09062996622403,independent_sample
7.716666666666667,70.0,70.0,62.0,94.32549877015578,6429.0,10.0,8.642760864087872,50.0,25.7,58.733017968584285,real_fitbit_joined
6.333333333333333,60.0,80.0,66.0,103.73809523809524,14450.0,9.2,8.432350755082865,20.0,37.87,51.964167958386696,real_fitbit_joined
7.7,80.0,50.0,73.0,144.0,8000.0,10.0,1.3782220765426476,22.0,21.26,78.33183336316839,independent_sample
7.2,90.0,30.0,68.0,135.0,8000.0,10.0,4.1898245391374935,40.0,20.1,75.4175975637756,independent_sample
7.8,60.0,80.0,73.0,152.0,8000.0,10.0,1.4679041677993674,22.0,26.75,75.54675593308316,independent_sample
7.25,60.0,70.0,67.0,104.20406732117812,10789.0,7.6,1.9281148195233935,45.0,26.05,72.1986538423107,real_fitbit_joined
7.3,90.0,30.0,60.0,130.0,8000.0,10.0,7.540038928632909,48.0,28.43,72.32941008040481,independent_sample
7.8,80.0,40.0,73.0,162.0,8000.0,7.2,7.560829554902348,58.0,16.53,66.18777974185875,independent_sample
8.316666666666666,70.0,60.0,47.0,100.66298342541437,10494.0,10.0,5.9876020226421405,41.0,23.62,64.16091540612618,real_fitbit_joined
6.9,80.0,50.0,52.0,141.0,6800.0,10.0,5.92027671442663,29.0,19.88,65.67905255361602,independent_sample
7.816666666666666,60.0,80.0,62.0,116.25631768953069,15448.0,10.0,7.757839610123476,23.0,23.21,59.144698059707515,real_fitbit_joined
8.0,80.0,40.0,60.0,169.0,7000.0,6.0,5.164080445588541,53.0,15.43,71.15691049439569,independent_sample
8.716666666666667,90.0,30.0,63.0,101.90025906735751,12409.0,10.0,6.929050300396456,42.0,20.62,78.6916996344013,real_fitbit_joined
5.95,60.0,80.0,56.0,99.65567010309279,17022.0,10.0,2.5278211457878665,56.0,30.2,68.18919606626189,real_fitbit_joined
6.0,70.0,60.0,57.0,145.0,10000.0,7.2,2.820287624720814,22.0,22.85,66.6324261759929,independent_sample
8.8,90.0,30.0,58.0,115.95929276315789,20031.0,10.0,3.3209891688988207,20.0,21.48,85.9295316723823,real_fitbit_joined
7.2,70.0,50.0,54.0,126.0,8000.0,8.4,8.584407119444993,49.0,20.75,58.67294432916559,independent_sample
7.1,90.0,30.0,70.0,141.0,7000.0,10.0,9.115857929218812,41.0,19.44,60.98285263548249,independent_sample
8.316666666666666,70.0,60.0,50.0,87.11576011157601,8758.0,10.0,1.068065874803279,32.0,24.84,77.03558780775073,real_fitbit_joined
7.4,80.0,40.0,71.0,131.0,8000.0,6.8,7.428939721614978,40.0,19.09,64.88076732633978,independent_sample
7.8,60.0,80.0,72.0,122.0,8000.0,8.8,2.726805922468686,45.0,20.38,70.87448710760624,independent_sample
7.116666666666666,60.0,80.0,61.0,95.9585,10145.0,7.2,8.725714766587107,21.0,25.72,57.92953737637503,real_fitbit_joined
8.1,90.0,30.0,64.0,147.0,7000.0,10.0,9.48451887184701,32.0,18.79,66.36733708725258,independent_sample
7.8,70.0,60.0,52.0,151.0,8000.0,10.0,5.328011319427081,49.0,24.31,65.79531641720489,independent_sample
7.8,70.0,40.0,56.0,156.0,8000.0,10.0,6.610653623434961,19.0,21.45,77.01251069723205,independent_sample
7.1,90.0,30.0,55.0,143.0,7000.0,10.0,3.087523865043779,26.0,24.91,82.71871361603175,independent_sample
8.2,90.0,30.0,63.0,133.0,7000.0,8.4,2.106286106188488,52.0,25.98,81.51286249281627,independent_sample
6.0,70.0,70.0,59.0,126.0,10000.0,10.0,1.4042016909605426,23.0,28.43,72.73698077678436,independent_sample
6.6,60.0,80.0,51.0,149.0,6000.0,9.6,3.8525192901200738,37.0,22.56,62.923932400007544,independent_sample
7.55,80.0,50.0,57.0,114.65259348612787,11611.0,10.0,1.7983228038135004,19.0,21.45,84.05400750094934,real_fitbit_joined
8.2,90.0,30.0,59.0,154.0,7000.0,6.0,6.909679663370885,20.0,28.56,73.25564934792816,independent_sample
6.0,90.0,30.0,62.0,156.0,10000.0,7.2,5.133158898372622,32.0,21.41,70.77020337508526,independent_sample
6.5,70.0,40.0,51.0,143.0,6000.0,10.0,3.289524227576623,52.0,40.09,71.71689168425462,independent_sample
7.3,60.0,80.0,59.0,144.0,8000.0,10.0,6.195511263098181,39.0,30.47,57.877042873421004,independent_sample
6.0,70.0,40.0,60.0,130.0,10000.0,8.8,3.385417854925036,56.0,33.97,71.06306113913047,independent_sample
6.516666666666667,80.0,40.0,55.0,91.00980872976949,4068.0,10.0,7.796235301062571,46.0,33.16,62.62196261712556,real_fitbit_joined
7.383333333333334,50.0,70.0,59.0,86.78262910798122,5908.0,10.0,5.871399208084992,34.0,32.84,68.1081685300256,real_fitbit_joined
5.9,70.0,40.0,45.0,78.63302325581395,10299.0,10.0,6.9853300709163,23.0,28.78,53.771852423988825,real_fitbit_joined
7.983333333333333,80.0,40.0,58.0,95.17008387698043,7238.0,6.8,8.04146935652446,18.0,30.44,69.19637005907583,real_fitbit_joined
6.3,70.0,40.0,65.0,130.0,6000.0,10.0,7.955286159613037,47.0,46.94,63.01232604583949,independent_sample
6.2,60.0,70.0,64.0,151.0,10000.0,8.4,9.27033880275599,25.0,12.73,55.755888597310225,independent_sample
6.866666666666666,70.0,40.0,58.0,98.23890942698706,11886.0,8.0,8.184656610700976,28.0,20.06,60.82041594892491,real_fitbit_joined
10.516666666666667,60.0,80.0,58.0,76.9119737561509,4112.0,7.2,5.760434206244907,49.0,25.17,72.69864598181411,real_fitbit_joined
10.316666666666666,70.0,40.0,55.0,87.22557349192863,4599.0,10.0,3.337784053842936,46.0,20.38,87.40085705130356,real_fitbit_joined
7.05,70.0,60.0,53.0,86.2494658119658,1758.0,10.0,2.021261691165302,41.0,30.05,73.27058800709221,real_fitbit_joined
6.1,80.0,40.0,74.0,160.0,10000.0,10.0,5.87584867840807,35.0,37.98,67.79439815981561,independent_sample
7.2,80.0,40.0,54.0,127.0,7000.0,8.0,8.371571624754905,55.0,15.92,60.10256205929771,independent_sample
8.1,70.0,60.0,56.0,143.0,7000.0,9.6,7.499289119103153,50.0,13.03,69.62234230600667,independent_sample
7.483333333333333,80.0,40.0,53.0,96.20393474088291,12574.0,8.8,1.2022237748810567,52.0,24.72,81.90082328468675,real_fitbit_joined
8.5,60.0,70.0,67.0,156.0,5000.0,10.0,2.192722054676636,40.0,17.54,75.15587006458307,independent_sample
7.716666666666667,60.0,80.0,59.0,73.91745036572622,4926.0,10.0,1.9127874560429485,49.0,22.15,74.54834346857992,real_fitbit_joined
7.383333333333334,70.0,60.0,59.0,86.78262910798122,5908.0,10.0,9.086987696743714,39.0,21.65,58.34650586832725,real_fitbit_joined
7.016666666666667,80.0,40.0,55.0,100.86001788908766,11393.0,9.2,9.555464322438006,26.0,12.97,56.89468553547706,real_fitbit_joined
6.7,80.0,60.0,51.0,168.0,5600.0,10.0,3.735482610295246,38.0,15.8,67.80964277443607,independent_sample
7.383333333333334,60.0,80.0,59.0,86.78262910798122,5908.0,10.0,1.6925788146628824,46.0,21.05,73.06882605974043,real_fitbit_joined
8.1,90.0,30.0,67.0,158.0,7000.0,6.4,5.693136748493248,25.0,25.41,75.98643419416155,independent_sample
8.2,60.0,80.0,58.0,122.0,7000.0,10.0,1.938023225275129,39.0,21.65,77.11577683710921,independent_sample
8.4,60.0,80.0,66.0,162.0,5000.0,10.0,4.445188879927491,23.0,19.73,68.82678272952543,independent_sample
6.533333333333333,90.0,30.0,49.0,106.66451458632234,12087.0,10.0,2.096974840032528,42.0,27.66,76.95101001828162,real_fitbit_joined
7.8,70.0,40.0,52.0,123.0,8000.0,10.0,1.6812975457880872,57.0,31.74,84.62893952462056,independent_sample
6.65,90.0,30.0,59.0,112.6396933560477,12437.0,10.0,6.144514205229099,21.0,32.69,68.93613136257251,real_fitbit_joined
8.516666666666667,80.0,40.0,56.0,84.20750347383047,5029.0,10.0,1.7061074320803935,40.0,21.26,88.40326255641068,real_fitbit_joined
7.2,50.0,70.0,61.0,141.0,8000.0,9.6,6.0461046544505495,45.0,14.54,63.116950187323255,independent_sample
7.2,60.0,80.0,58.0,121.0,8000.0,10.0,3.711387346840003,48.0,25.33,68.00302392972826,independent_sample
8.483333333333333,60.0,80.0,57.0,118.56019332161686,14097.0,10.0,4.591024334831173,29.0,31.63,66.63462961095178,real_fitbit_joined
7.2,70.0,60.0,68.0,144.0,7000.0,10.0,2.8223250414871366,49.0,14.69,77.30756719034099,independent_sample
6.583333333333333,60.0,70.0,61.0,93.12085944494181,10114.0,10.0,2.4041677639819286,56.0,31.84,71.54999362273034,real_fitbit_joined
7.366666666666666,60.0,70.0,55.0,73.99051233396584,1868.0,10.0,3.4507659386743206,37.0,22.67,70.66015948468025,real_fitbit_joined
7.2,70.0,60.0,73.0,132.0,8000.0,8.4,2.7516145303438475,39.0,13.88,71.97679204818819,independent_sample
6.2,90.0,30.0,71.0,160.0,5500.0,7.2,7.849340112257047,53.0,23.23,62.12204353301852,independent_sample
1.2333333333333334,80.0,40.0,55.0,99.14760746147607,7550.0,8.8,8.273083416079754,28.0,26.14,41.05419402845715,real_fitbit_joined
1.7166666666666666,50.0,70.0,70.0,113.621755935947,9148.0,7.2,2.6023237018277627,36.0,21.3,53.771737971481464,real_fitbit_joined
8.4,80.0,50.0,57.0,168.0,5000.0,10.0,3.376557862243469,23.0,23.21,76.11336837980954,independent_sample
7.6,80.0,50.0,72.0,149.0,8000.0,8.8,1.8614309996814555,47.0,12.91,78.93788599600346,independent_sample
6.316666666666666,80.0,40.0,56.0,95.43331836551414,9938.0,10.0,3.1244541701181756,29.0,25.15,73.65969730090755,real_fitbit_joined
7.366666666666666,80.0,50.0,60.0,95.29390187987161,9471.0,10.0,3.021443406459838,58.0,19.88,82.16104391966795,real_fitbit_joined
6.5,70.0,60.0,52.0,123.0,6000.0,10.0,4.667887279291877,32.0,23.56,62.550096377662555,independent_sample
8.85,80.0,50.0,83.5,110.5619335347432,10685.0,10.0,1.7695767776902127,36.0,27.69,76.80586531113616,real_fitbit_joined
7.8,50.0,70.0,74.0,148.0,8000.0,9.2,2.3832193855978407,43.0,15.5,75.77333020516822,independent_sample
6.6,80.0,50.0,72.0,135.0,6000.0,10.0,2.614282138109894,42.0,27.55,71.43799844790094,independent_sample
6.2,80.0,40.0,61.0,136.0,5500.0,8.8,9.475531404570326,18.0,45.14,56.10290746829851,independent_sample
5.9,80.0,50.0,54.0,130.0,10000.0,10.0,9.385783474895348,21.0,19.92,53.880697643260234,independent_sample
7.7,70.0,60.0,67.0,129.0,8000.0,10.0,3.4868719761926825,50.0,34.14,72.80404888110637,independent_sample
7.4,60.0,70.0,68.0,125.0,3300.0,10.0,7.085598058678906,39.0,26.02,63.89403931554504,independent_sample
5.65,80.0,50.0,59.0,99.32393736017897,5245.0,10.0,9.388252949590157,39.0,26.02,56.74638528940145,real_fitbit_joined
7.7,80.0,50.0,71.0,138.0,8000.0,8.4,4.894901916393364,32.0,37.74,75.97496556205012,independent_sample
6.45,80.0,50.0,62.0,95.34040062434964,6107.0,10.0,9.451609286616065,35.0,25.01,54.709730766072425,real_fitbit_joined
8.466666666666667,80.0,50.0,59.0,100.66456059735783,19542.0,10.0,5.459421845855786,32.0,33.4,74.11985926729623,real_fitbit_joined
5.966666666666667,90.0,30.0,61.0,116.70341098169717,12010.0,8.8,4.684006056835387,43.0,28.88,70.70071439504413,real_fitbit_joined
6.0,60.0,80.0,64.0,126.0,5000.0,7.2,5.9842201664113865,25.0,22.02,56.562326008780346,independent_sample
7.6,60.0,70.0,50.0,133.0,8000.0,10.0,9.953796854527905,45.0,20.83,54.74025288429642,independent_sample
9.116666666666667,60.0,70.0,45.0,77.07394876752055,10255.0,8.8,1.7072064743951867,50.0,20.11,77.47400060940606,real_fitbit_joined
6.066666666666666,80.0,50.0,58.0,96.20471851204594,5862.0,6.8,6.971515921972502,54.0,16.09,60.76857581326952,real_fitbit_joined
8.0,60.0,80.0,61.0,97.77891791044776,8206.0,10.0,6.366428906338477,45.0,25.49,63.848931464494946,real_fitbit_joined
7.083333333333333,70.0,60.0,60.0,109.83325902808738,10725.0,9.2,2.2579513896366055,45.0,24.28,73.05482235107435,real_fitbit_joined
6.6,70.0,60.0,64.0,147.0,6000.0,10.0,3.726378150763863,43.0,21.8,69.229500072475,independent_sample
9.016666666666667,60.0,70.0,62.0,89.28435754189944,4188.0,10.0,4.335779323602019,38.0,15.49,73.52361940040417,real_fitbit_joined
8.8,50.0,70.0,53.0,88.60706521739131,3147.0,8.8,3.2250796696285935,33.0,33.5,74.43083303795632,real_fitbit_joined
7.7,60.0,70.0,53.0,130.0,8000.0,10.0,7.166208788870357,33.0,24.13,62.97964918175019,independent_sample
7.183333333333334,90.0,30.0,49.0,96.97294685990339,4038.0,9.2,8.74657524930709,51.0,26.52,63.135478783029036,real_fitbit_joined
7.283333333333333,50.0,70.0,64.55,73.80434782608695,838.0,8.4,6.23953414158646,56.0,12.47,65.34021044469792,real_fitbit_joined
6.0,60.0,80.0,69.0,137.0,10000.0,8.0,9.02876220046211,20.0,34.83,51.18424178282627,independent_sample
7.1,60.0,70.0,64.0,121.0,8000.0,6.4,5.570245575629012,52.0,16.8,62.45324915695652,independent_sample
6.85,60.0,80.0,61.0,87.1576059850374,5454.0,10.0,1.4116783043126158,34.0,29.53,72.77177705601783,real_fitbit_joined
7.1,90.0,30.0,69.0,120.0,7000.0,10.0,8.260241677252653,43.0,44.71,61.74572046109674,independent_sample
6.966666666666667,60.0,80.0,59.0,106.57502953918866,16358.0,10.0,2.7958820583623063,58.0,23.8,69.00209368720553,real_fitbit_joined
8.15,90.0,30.0,63.0,98.69517439082657,12342.0,8.8,5.372845832676931,25.0,22.99,76.29046896163031,real_fitbit_joined
6.533333333333333,70.0,60.0,59.0,102.43229389149936,9799.0,7.2,4.370861069626263,54.0,22.82,69.18901368061863,real_fitbit_joined
7.2,90.0,30.0,61.0,166.0,5000.0,6.8,4.827053668939245,33.0,20.4,73.99541992680483,independent_sample
8.1,60.0,80.0,70.0,161.0,7000.0,9.2,4.931656323536616,31.0,29.23,69.03069305791323,independent_sample
7.1,60.0,80.0,68.0,138.0,7000.0,9.2,9.353638883025564,45.0,38.78,51.101916328821225,independent_sample
7.083333333333333,60.0,70.0,60.0,109.83325902808738,10725.0,9.2,2.4468390644347737,28.0,24.13,75.29477544072785,real_fitbit_joined
1.65,60.0,80.0,58.0,118.52189781021897,11009.0,10.0,7.9208867366245945,44.0,25.58,42.68876572645902,real_fitbit_joined
7.233333333333333,70.0,40.0,66.0,114.05627887442252,12495.0,10.0,6.686321743150016,36.0,35.18,68.34552173977397,real_fitbit_joined
7.5,70.0,60.0,56.0,97.84070175438596,12764.0,7.2,3.3348109008816325,42.0,21.78,74.43661645179182,real_fitbit_joined
7.2,60.0,70.0,65.0,152.0,5000.0,10.0,6.5351167123498,47.0,21.81,62.29155488140974,independent_sample
8.4,80.0,40.0,58.0,122.0,5000.0,10.0,9.929422133409814,31.0,20.27,64.85237020744131,independent_sample
8.3,80.0,50.0,69.0,135.0,5000.0,10.0,8.57302797776284,18.0,24.31,62.88101145278402,independent_sample
4.083333333333333,70.0,60.0,65.0,97.97114118069692,7476.0,10.0,4.267740667587716,31.0,19.31,58.711338034323845,real_fitbit_joined
7.1,80.0,30.0,66.0,167.0,7000.0,9.2,4.382994566311924,26.0,12.97,75.92921860221819,independent_sample
8.5,60.0,80.0,59.0,144.0,5000.0,10.0,7.971704025740092,39.0,19.41,64.48685563361067,independent_sample
7.2,70.0,60.0,66.0,160.0,7000.0,10.0,4.686660054057088,52.0,15.24,71.0698508222203,independent_sample
5.616666666666666,60.0,80.0,62.0,105.38860759493672,12409.0,10.0,1.0989624579263242,29.0,17.94,73.35532277457426,real_fitbit_joined
7.3,50.0,70.0,70.0,144.0,3500.0,9.6,1.4602184329789065,38.0,16.01,72.51835354314764,independent_sample
7.366666666666666,60.0,70.0,60.0,95.29390187987161,9471.0,9.6,7.734337213452926,42.0,18.7,63.59608400778223,real_fitbit_joined
6.3,90.0,30.0,67.0,165.0,6000.0,10.0,7.073076719506695,50.0,29.3,62.55583459173208,independent_sample
7.466666666666667,60.0,80.0,58.0,94.7200754005655,11423.0,10.0,1.4069680309557047,55.0,25.49,77.09696558449113,real_fitbit_joined
6.3,80.0,50.0,74.0,162.0,6000.0,10.0,4.798308341148751,23.0,36.45,65.23014551387784,independent_sample
6.5,60.0,80.0,66.0,131.0,6000.0,8.4,2.961032988294911,51.0,31.05,64.24392780891014,independent_sample
7.8,70.0,40.0,61.0,123.0,8000.0,8.8,2.4917335926869866,26.0,26.75,79.47788210272007,independent_sample
7.716666666666667,70.0,60.0,59.0,73.91745036572622,4926.0,6.0,2.632918915808176,23.0,24.13,76.72176284624281,real_fitbit_joined
8.6,70.0,60.0,55.0,91.73996952767902,2421.0,10.0,7.013915186995146,59.0,17.6,70.59311825229618,real_fitbit_joined
4.083333333333333,60.0,70.0,65.0,97.97114118069692,7476.0,7.6,2.889150337860272,26.0,26.1,62.72037465600496,real_fitbit_joined
7.4,60.0,80.0,50.0,161.0,8000.0,8.8,8.245812866460964,34.0,35.19,50.95443843005307,independent_sample
6.1,80.0,40.0,69.0,158.0,10000.0,8.0,5.702591629770296,48.0,26.99,67.71166234188574,independent_sample
6.5,60.0,80.0,67.0,152.0,6000.0,10.0,6.463846324799027,36.0,25.42,60.36000552071902,independent_sample
7.2,80.0,50.0,74.0,166.0,7000.0,6.8,5.143224440817336,40.0,19.09,65.91313157664506,independent_sample
13.183333333333334,70.0,60.0,57.0,73.87310499719258,2937.0,10.0,2.4717148532652047,25.0,25.69,95.21843134194339,real_fitbit_joined
6.5,90.0,30.0,62.0,125.0,6000.0,10.0,7.659137086902373,56.0,31.84,64.17016584444578,independent_sample
6.1,60.0,70.0,65.0,126.0,10000.0,6.8,4.8484120033300355,34.0,18.09,59.578515593710044,independent_sample
8.5,80.0,40.0,64.0,126.0,5000.0,10.0,7.648508356539097,50.0,25.7,68.56854210594973,independent_sample
4.966666666666667,90.0,30.0,62.0,91.87692307692308,6815.0,10.0,8.176834194462353,43.0,44.71,61.57823057231129,real_fitbit_joined
7.7,70.0,40.0,62.0,129.0,8000.0,10.0,7.362788387101445,36.0,33.17,66.15407936503998,independent_sample
6.333333333333333,80.0,50.0,66.0,103.73809523809524,14450.0,10.0,9.278700547714845,53.0,24.75,54.41904228328256,real_fitbit_joined
2.05,70.0,60.0,67.0,138.01760563380282,6543.0,10.0,1.3330687124394336,46.0,33.16,60.64365897812456,real_fitbit_joined
6.516666666666667,70.0,40.0,55.0,91.00980872976949,4068.0,8.8,6.469631153909732,50.0,20.11,64.53437949498473,real_fitbit_joined
9.033333333333333,60.0,80.0,60.0,103.41366742596811,9411.0,7.2,9.549650655552028,28.0,29.62,56.8625119916472,real_fitbit_joined
7.15,70.0,40.0,54.0,100.16707616707616,5351.0,10.0,3.3214746494364005,55.0,18.46,75.34267033382709,real_fitbit_joined
8.433333333333334,60.0,70.0,88.0,110.0,6017.0,10.0,2.2319706706192655,54.0,27.92,71.79135158835908,real_fitbit_joined
5.916666666666667,70.0,70.0,49.0,105.13025780189959,14873.0,10.0,4.1302828711197375,26.0,15.23,59.1401200299432,real_fitbit_joined
6.0,80.0,50.0,73.0,147.0,5000.0,10.0,3.5006749848074104,28.0,30.07,75.69406112315961,independent_sample
8.666666666666666,50.0,70.0,56.0,74.78026666666666,3727.0,8.0,6.355701376302293,46.0,22.22,66.27317854213119,real_fitbit_joined
2.85,80.0,40.0,59.0,103.09258160237388,7833.0,10.0,3.55398315218852,36.0,14.78,58.48347875164804,real_fitbit_joined
7.7,80.0,40.0,62.0,158.0,8000.0,8.4,8.5663272521008,25.0,12.73,58.965208561872316,independent_sample
7.2,60.0,60.0,55.0,139.0,7000.0,8.0,3.107830338337007,35.0,16.99,69.0869146704151,independent_sample
7.133333333333334,60.0,70.0,57.0,96.45410860163383,11906.0,7.6,5.5244835108323125,26.0,26.1,60.535405130986746,real_fitbit_joined
6.1,80.0,40.0,69.0,126.0,8000.0,10.0,5.584799153348108,54.0,29.1,68.47420225199649,independent_sample
6.9,70.0,60.0,51.0,135.0,6800.0,10.0,8.812510210967053,50.0,25.7,54.28599993029704,independent_sample
6.533333333333333,60.0,80.0,49.0,106.66451458632234,12087.0,8.4,6.706051327896502,49.0,14.93,58.23641170980192,real_fitbit_joined
7.8,80.0,40.0,65.0,153.0,8000.0,10.0,5.65028546703641,49.0,26.77,70.94705149190835,independent_sample
6.0,90.0,30.0,73.0,126.0,5000.0,9.2,4.171374519486889,49.0,23.94,71.39004854395522,independent_sample
7.7,70.0,60.0,60.0,163.0,8000.0,9.6,5.872668466128267,24.0,21.34,67.55805826128837,independent_sample
7.7,60.0,80.0,57.0,168.0,8000.0,10.0,8.916236694563763,55.0,21.8,54.70483464685647,independent_sample
7.2,70.0,60.0,59.0,144.0,7000.0,10.0,3.493112718933809,39.0,19.12,70.85495129284503,independent_sample
7.983333333333333,60.0,80.0,58.0,95.17008387698043,7238.0,9.2,7.30872218313208,47.0,16.54,56.43143013313445,real_fitbit_joined
9.25,90.0,30.0,62.0,97.93510184746566,7328.0,10.0,1.837924910253093,38.0,22.95,91.4051985126158,real_fitbit_joined
6.4,80.0,40.0,70.0,149.0,4100.0,10.0,6.623054765104622,49.0,14.6,58.87258773694449,independent_sample
6.333333333333333,70.0,60.0,66.0,103.73809523809524,14450.0,9.6,2.0557737006615504,42.0,18.7,72.57400850479584,real_fitbit_joined
6.0,70.0,40.0,67.0,142.0,5000.0,10.0,6.57573580032673,20.0,25.62,66.97846246919141,independent_sample
7.8,90.0,30.0,64.0,152.0,8000.0,10.0,5.655421507974484,46.0,20.86,74.05114999360175,independent_sample
5.95,90.0,30.0,56.0,100.57398753894081,15482.0,8.4,7.2455360002039,25.0,18.41,66.11803593566708,real_fitbit_joined
7.1,80.0,40.0,61.0,168.0,7000.0,10.0,2.8388474505907326,37.0,23.35,84.50000803669155,independent_sample
6.983333333333333,90.0,30.0,55.0,95.79854576561164,14331.0,10.0,3.1378971778689473,32.0,24.87,77.8568704087624,real_fitbit_joined
6.5,90.0,30.0,64.0,161.0,6000.0,10.0,1.638389945203961,46.0,14.36,76.74001472454844,independent_sample
7.1,60.0,80.0,62.0,139.0,7000.0,6.8,8.997931722388588,39.0,22.26,52.26849236958968,independent_sample
6.5,70.0,60.0,59.0,154.0,6000.0,9.2,2.847996448361198,54.0,18.67,72.19408533540361,independent_sample
6.533333333333333,90.0,30.0,49.0,106.66451458632234,12087.0,8.8,8.897147763673424,21.0,17.44,59.144206740124375,real_fitbit_joined
7.983333333333333,40.0,80.0,58.0,95.17008387698043,7238.0,10.0,7.2051847222353915,19.0,21.45,61.914053733836255,real_fitbit_joined
7.516666666666667,70.0,40.0,59.0,120.24580498866213,11835.0,10.0,8.998732718820794,59.0,19.5,59.049239799801704,real_fitbit_joined
6.0,60.0,70.0,62.0,162.0,10000.0,8.4,2.5669840180067593,28.0,33.86,68.09151143506091,independent_sample
8.816666666666666,60.0,80.0,47.0,126.51131824234355,17298.0,7.6,9.071095689154106,26.0,19.91,55.9075922403015,real_fitbit_joined
8.0,60.0,70.0,58.0,90.0301568154403,4592.0,6.4,2.2677131834181985,37.0,25.73,76.94546680758818,real_fitbit_joined
5.2,80.0,40.0,45.0,95.31601272534465,2862.0,10.0,4.180170052234475,22.0,26.75,62.002356293624516,real_fitbit_joined
6.333333333333333,70.0,60.0,56.0,94.32602018429135,12848.0,10.0,8.288870012691714,42.0,27.66,56.042302885794236,real_fitbit_joined
6.65,80.0,40.0,53.0,97.59076212471132,12346.0,10.0,2.6697296413280904,41.0,30.05,74.71433384099873,real_fitbit_joined
6.4,60.0,80.0,60.0,131.0,6000.0,10.0,9.23093797463703,49.0,24.31,50.23922562660312,independent_sample
7.35,60.0,80.0,73.0,116.27704485488127,11761.0,10.0,6.842892719044572,59.0,17.6,59.830775452598566,real_fitbit_joined
6.3,70.0,60.0,59.0,154.0,6000.0,8.8,4.952348349703735,19.0,23.93,67.5294705240269,independent_sample
6.5,70.0,60.0,60.0,154.0,6000.0,6.4,3.742112251882367,52.0,16.8,67.03002423355622,independent_sample
6.666666666666667,60.0,80.0,56.0,74.95350172215844,9632.0,10.0,6.051494778125466,27.0,22.57,58.010494365625064,real_fitbit_joined
1.1,90.0,30.0,63.0,107.92268786127168,12084.0,9.2,6.250318885874437,28.0,26.47,49.2711860997287,real_fitbit_joined
7.533333333333333,60.0,80.0,61.0,106.09291061206517,6722.0,8.0,8.8963576473516,45.0,20.14,57.04627671754475,real_fitbit_joined
7.8,90.0,30.0,55.0,124.0,8000.0,10.0,1.505584696126951,18.0,27.68,85.81701160371108,independent_sample
8.2,60.0,60.0,67.0,165.0,7000.0,8.4,3.7477960902705814,25.0,12.73,74.67092453395212,independent_sample
8.0,60.0,70.0,68.0,139.0,7000.0,6.4,7.5381554360170435,36.0,15.59,59.399738442207365,independent_sample
8.4,70.0,60.0,51.0,143.0,5000.0,7.6,1.5598290354823248,33.0,28.49,76.64657380500596,independent_sample
8.433333333333334,70.0,60.0,88.0,110.0,6017.0,10.0,5.065909108635062,43.0,21.0,62.76210763617381,real_fitbit_joined
8.783333333333333,60.0,80.0,47.0,97.60372093023256,9893.0,10.0,9.455490474077703,49.0,21.78,59.720444201281516,real_fitbit_joined
7.6,80.0,40.0,65.0,121.0,8000.0,10.0,4.962910765315141,33.0,41.6,72.32260583237154,independent_sample
9.05,70.0,50.0,49.0,108.64182692307692,15764.0,7.2,9.539969835279999,23.0,26.16,59.29567049298963,real_fitbit_joined
7.2,60.0,80.0,66.0,166.0,7000.0,10.0,6.546704373331517,18.0,23.52,57.648035671088486,independent_sample
8.316666666666666,60.0,70.0,61.0,98.68643439584878,4853.0,10.0,2.0693612464126474,52.0,13.82,80.14255697953432,real_fitbit_joined
7.15,90.0,30.0,54.0,100.16707616707616,5351.0,10.0,8.07710512973997,30.0,39.16,67.68779440537536,real_fitbit_joined
6.6,60.0,80.0,60.0,160.0,6000.0,9.2,6.997468722203858,42.0,25.35,59.73896389815535,independent_sample
7.583333333333333,90.0,30.0,58.0,92.69698420296793,10320.0,10.0,5.832769806040722,41.0,35.86,76.4756015987099,real_fitbit_joined
6.0,90.0,30.0,68.0,126.0,5000.0,10.0,1.7974424257271115,32.0,25.33,77.38380864785776,independent_sample
7.55,70.0,60.0,57.0,114.65259348612787,11611.0,7.2,3.148994311914721,53.0,17.6,75.74890861927976,real_fitbit_joined
7.516666666666667,90.0,30.0,59.0,120.24580498866213,11835.0,10.0,6.849675376999887,32.0,29.95,70.51483891381572,real_fitbit_joined
7.2,60.0,80.0,52.0,155.0,5000.0,8.0,1.770924246367875,51.0,23.37,71.34119830837955,independent_sample
6.3,70.0,40.0,66.0,154.0,6000.0,10.0,4.147329067712646,39.0,21.65,73.56284893930075,independent_sample
7.966666666666667,80.0,40.0,59.0,103.84647077957281,10252.0,10.0,2.9729258862223986,22.0,26.75,79.66244341280428,real_fitbit_joined
6.8,80.0,40.0,53.0,155.0,6000.0,8.4,1.6928152035846966,51.0,18.32,77.07153480652941,independent_sample
6.866666666666666,80.0,50.0,48.0,109.7082774049217,12363.0,10.0,7.409612992127823,33.0,22.33,63.324123102706,real_fitbit_joined
8.1,60.0,80.0,73.0,129.0,7000.0,10.0,9.362255680139164,36.0,20.28,51.55150167558005,independent_sample
6.483333333333333,80.0,50.0,48.0,88.8284289276808,9917.0,9.6,4.334248925122438,52.0,40.79,69.34023985919829,real_fitbit_joined
9.3,90.0,30.0,61.0,96.72630043753038,7444.0,10.0,1.2386017948745964,51.0,20.76,94.22526332885492,real_fitbit_joined
8.3,70.0,60.0,62.0,150.0,5000.0,10.0,6.783086795816724,57.0,31.74,70.51601691458865,independent_sample
5.883333333333334,80.0,50.0,67.0,100.34287867370007,7623.0,8.4,2.081881498335476,32.0,27.74,74.65312939906504,real_fitbit_joined
7.35,60.0,70.0,56.0,76.82283252557889,11596.0,6.4,8.860809142734945,25.0,23.75,49.822951715205285,real_fitbit_joined
7.6,60.0,80.0,62.0,151.0,8000.0,8.0,8.946944423467958,55.0,25.85,51.65610331791177,independent_sample
6.4,90.0,30.0,72.0,125.0,4100.0,10.0,3.173831575315136,20.0,40.26,75.48610699096525,independent_sample
8.1,70.0,40.0,61.0,130.0,5000.0,10.0,1.9722317871762223,55.0,40.09,83.00644841835756,independent_sample
6.5,70.0,60.0,58.0,151.0,6000.0,10.0,5.106128580599878,35.0,23.64,63.784185120155584,independent_sample
6.0,60.0,70.0,50.0,151.0,10000.0,10.0,8.414113457991652,40.0,19.63,51.32220116881129,independent_sample
7.5,80.0,50.0,59.0,146.0,8000.0,6.8,8.6856577025988,34.0,18.09,57.54619973308147,independent_sample
4.083333333333333,80.0,40.0,65.0,97.97114118069692,7476.0,10.0,2.2273432802809277,20.0,35.93,71.90244626869944,real_fitbit_joined
1.2333333333333334,80.0,40.0,66.0,103.23147853736089,5129.0,10.0,3.9285972834334095,38.0,18.64,56.44831634920282,real_fitbit_joined
6.85,70.0,60.0,61.0,87.1576059850374,5454.0,10.0,3.213619555460573,48.0,28.43,73.60978026290859,real_fitbit_joined
7.7,80.0,50.0,63.0,147.0,8000.0,8.0,1.9938867706999241,41.0,22.89,80.3847246016351,independent_sample
7.3,90.0,30.0,74.0,160.0,3500.0,8.4,7.001626521750922,30.0,18.33,65.01996917722838,independent_sample
6.2,60.0,70.0,55.0,168.0,10000.0,10.0,1.2803418351405196,55.0,24.76,72.84267291759119,independent_sample
7.75,70.0,40.0,59.0,107.78594249201278,6711.0,9.6,7.1492322546068126,34.0,22.48,67.71513330059095,real_fitbit_joined
6.233333333333333,60.0,80.0,57.0,82.423786407767,8328.0,9.2,2.159917497195843,33.0,23.2,67.53549531118202,real_fitbit_joined
6.133333333333334,80.0,50.0,49.0,91.47652347652348,10096.0,6.0,9.649632857225097,54.0,28.46,47.94311384721283,real_fitbit_joined
7.1,60.0,60.0,58.0,93.51746132993144,2993.0,8.0,8.391315742048116,26.0,17.3,64.1326331703907,real_fitbit_joined
7.7,80.0,40.0,70.0,145.0,8000.0,10.0,7.41886194954356,22.0,26.75,68.43934422293634,independent_sample
8.6,90.0,30.0,63.0,95.37914230019493,3587.0,9.6,5.669542514134649,41.0,14.87,76.5971035650088,real_fitbit_joined
9.2,80.0,40.0,51.0,76.8135593220339,10243.0,10.0,3.0527179475403923,25.0,20.88,78.9161315504331,real_fitbit_joined
6.3,80.0,40.0,56.0,142.0,6000.0,6.8,4.700723661951274,24.0,19.01,66.99446730806159,independent_sample
8.1,50.0,70.0,68.0,136.0,7000.0,7.2,1.634427510788302,27.0,21.23,79.18151771565142,independent_sample
6.666666666666667,60.0,80.0,56.0,96.6335346028797,13239.0,8.4,6.974240748596245,32.0,37.74,56.24318015262385,real_fitbit_joined
5.9,60.0,70.0,47.0,89.91439688715953,5325.0,10.0,1.3300428424018866,28.0,17.2,66.75962485169097,real_fitbit_joined
8.316666666666666,70.0,60.0,50.0,87.11576011157601,8758.0,10.0,4.016069688332277,50.0,15.65,71.4253992006011,real_fitbit_joined
8.3,90.0,30.0,54.0,142.0,5000.0,10.0,2.7571654266084282,34.0,24.09,80.45608446164483,independent_sample
8.333333333333334,60.0,80.0,59.0,88.45851339671565,8247.0,9.6,8.175658292015981,22.0,36.25,62.13599951714342,real_fitbit_joined
6.1,60.0,80.0,53.0,167.0,4200.0,10.0,4.980644249060218,56.0,30.2,58.80808347777031,independent_sample
8.0,80.0,40.0,71.0,158.0,7000.0,10.0,9.363052482686685,52.0,23.79,61.92166803394098,independent_sample
8.1,60.0,70.0,62.0,130.0,7000.0,8.8,4.645924250748098,18.0,27.18,72.02561588736545,independent_sample
6.45,90.0,30.0,62.0,95.34040062434964,6107.0,6.4,4.112947512576611,50.0,26.9,71.76601046217358,real_fitbit_joined
6.3,60.0,70.0,62.0,156.0,6000.0,8.8,6.621972119688374,22.0,35.47,60.9687449098985,independent_sample
6.233333333333333,90.0,30.0,57.0,82.423786407767,8328.0,10.0,5.6594047904624025,23.0,25.65,76.16590191280315,real_fitbit_joined
7.7,60.0,70.0,73.0,143.0,8000.0,8.8,9.451616315052624,34.0,35.19,57.66715123721972,independent_sample
8.2,70.0,60.0,58.0,134.0,7000.0,10.0,4.770530111687279,37.0,23.22,73.46122066703711,independent_sample
7.1,90.0,30.0,51.0,120.0,8000.0,10.0,8.9794379371642,41.0,35.86,64.61019218540036,independent_sample
7.2,70.0,40.0,61.0,136.0,8000.0,10.0,6.83486206706886,59.0,33.07,75.2178746085594,independent_sample
7.1,80.0,40.0,50.0,123.0,8000.0,9.2,3.696091101584865,56.0,34.8,74.17715877279375,independent_sample
6.2,70.0,60.0,50.0,126.0,5000.0,10.0,7.510992961194208,28.0,24.89,52.722117821727785,independent_sample
6.816666666666666,60.0,80.0,57.0,99.85814144736842,9769.0,8.8,6.5054867161091705,18.0,19.42,59.317475273212196,real_fitbit_joined
7.8,80.0,40.0,56.0,132.0,8000.0,10.0,6.926864641030494,20.0,27.69,71.02758546065212,independent_sample
6.0,80.0,40.0,74.0,149.0,5000.0,10.0,3.846431347563761,33.0,21.45,75.21390992482802,independent_sample
7.816666666666666,90.0,30.0,45.0,77.22525414660247,10201.0,10.0,2.6791305299743224,59.0,19.5,77.7894066846038,real_fitbit_joined
6.2,70.0,60.0,58.0,143.0,10000.0,8.0,9.892323695400327,20.0,34.83,53.510594376617426,independent_sample
7.933333333333334,80.0,50.0,61.0,100.01129943502825,10742.0,8.4,4.309442227534902,34.0,30.4,72.97072313740853,real_fitbit_joined
8.5,80.0,50.0,60.0,153.0,5000.0,10.0,8.257632555095554,57.0,28.78,66.93263139028988,independent_sample
8.3,50.0,70.0,58.0,132.0,5000.0,10.0,6.843900921191935,32.0,24.36,60.67331110380029,independent_sample
5.716666666666667,90.0,30.0,62.0,100.57455931395903,7174.0,8.0,8.23304869209203,51.0,30.96,63.20341564614141,real_fitbit_joined
6.0,60.0,70.0,65.0,159.0,10000.0,10.0,4.616984799016571,49.0,17.44,61.20943415075355,independent_sample
7.55,50.0,70.0,57.0,114.65259348612787,11611.0,7.2,1.7414294105425843,49.0,16.2,75.73335115313182,real_fitbit_joined
6.6,90.0,30.0,70.0,161.0,6000.0,10.0,4.3455165976210886,54.0,29.17,72.47724137243283,independent_sample
5.366666666666666,60.0,80.0,61.0,93.4197794779478,4496.0,10.0,3.5788712691545594,24.0,27.53,59.21252647292633,real_fitbit_joined
6.5,90.0,30.0,50.0,143.0,6000.0,10.0,1.7887847208745469,26.0,19.73,78.24987188719712,independent_sample
6.333333333333333,70.0,40.0,62.0,91.47075080608015,10209.0,10.0,3.650191835877259,46.0,18.39,76.96490026418562,real_fitbit_joined
6.6,60.0,80.0,58.0,135.0,6000.0,10.0,3.8201312582662883,47.0,26.32,63.70024153369959,independent_sample
7.133333333333334,90.0,30.0,46.0,80.08198433420365,10074.0,10.0,5.523733837946729,28.0,30.07,68.63792075815809,real_fitbit_joined
6.1,80.0,50.0,65.0,115.66272448532632,10199.0,10.0,8.849115180497364,38.0,18.64,57.618240886230375,real_fitbit_joined
6.2,80.0,60.0,73.0,160.0,10000.0,10.0,8.357047376420724,59.0,34.24,48.897878177803705,independent_sample
1.2333333333333334,70.0,40.0,66.0,103.23147853736089,5129.0,10.0,8.438117194969674,54.0,17.63,39.43624610680763,real_fitbit_joined
10.966666666666667,80.0,50.0,62.0,89.42219541616406,3365.0,8.0,2.427445947637663,21.0,17.33,92.86092711487261,real_fitbit_joined
10.966666666666667,70.0,40.0,52.0,68.11269208878771,2713.0,10.0,2.844858658742389,43.0,17.32,83.22721476277187,real_fitbit_joined
6.6,60.0,80.0,65.0,163.0,6000.0,10.0,1.3381398135901663,54.0,18.45,69.44861800391469,independent_sample
6.333333333333333,90.0,30.0,66.0,103.73809523809524,14450.0,10.0,4.076849494348175,40.0,25.92,67.74322645656707,real_fitbit_joined
2.05,90.0,30.0,67.0,138.01760563380282,6543.0,9.6,1.8949725348341064,41.0,26.33,65.61603411333995,real_fitbit_joined
6.2,40.0,80.0,50.0,132.0,10000.0,9.2,5.346719848768197,38.0,30.68,56.98713140214114,independent_sample
8.1,60.0,80.0,54.0,133.0,7000.0,7.2,3.073749959056149,31.0,26.47,68.31283945179801,independent_sample
7.966666666666667,60.0,70.0,51.0,90.53748296228987,13236.0,10.0,1.5137817048038338,43.0,29.69,76.69986541166293,real_fitbit_joined
5.366666666666666,70.0,60.0,61.0,93.4197794779478,4496.0,10.0,2.261018581898073,59.0,34.06,68.95251779421939,real_fitbit_joined
7.6,60.0,80.0,72.0,153.0,8000.0,10.0,9.558357350522936,50.0,25.7,52.988898801369395,independent_sample
5.9,60.0,80.0,47.0,89.91439688715953,5325.0,9.2,5.132221806144352,35.0,21.88,53.77018913214106,real_fitbit_joined
8.783333333333333,80.0,40.0,59.0,99.77391304347826,10467.0,10.0,4.474923740206968,43.0,20.83,82.48622423939202,real_fitbit_joined
6.516666666666667,70.0,70.0,69.0,98.85607008760951,1282.0,8.4,5.069791254550918,28.0,33.86,63.6436156724566,real_fitbit_joined
7.25,80.0,50.0,46.0,93.39894636015326,7401.0,8.8,9.233779511984036,55.0,26.96,57.67360069804097,real_fitbit_joined
6.566666666666666,70.0,70.0,61.0,96.62704523580366,12109.0,10.0,6.635982894682739,41.0,18.66,59.42422027127251,real_fitbit_joined
7.216666666666667,80.0,50.0,59.0,91.4928292046936,9482.0,10.0,3.5638561176573056,43.0,44.71,78.01874279492365,real_fitbit_joined
5.633333333333334,70.0,40.0,47.0,91.71814671814671,9172.0,9.2,2.0428215357261674,19.0,27.79,67.37911756491039,real_fitbit_joined
6.1,60.0,70.0,65.0,115.66272448532632,10199.0,10.0,9.462072172824618,53.0,23.7,50.569249191655445,real_fitbit_joined
7.2,90.0,30.0,49.0,77.41980624327233,5077.0,10.0,3.403254431524792,36.0,25.23,78.90544419392572,real_fitbit_joined
8.516666666666667,70.0,60.0,56.0,84.20750347383047,5029.0,8.8,3.195906790411752,55.0,26.96,76.83255284855115,real_fitbit_joined
6.5,90.0,30.0,74.0,124.0,6000.0,9.2,5.778439105708845,29.0,21.49,71.882049135638,independent_sample
5.966666666666667,70.0,70.0,61.0,116.70341098169717,12010.0,10.0,8.33342602371861,28.0,18.28,52.993502740565155,real_fitbit_joined
6.1,70.0,60.0,64.0,145.0,5000.0,8.0,5.037495678590883,40.0,25.13,66.87151671647827,independent_sample
6.6,80.0,50.0,52.0,124.0,6000.0,10.0,4.126089936329584,23.0,16.8,65.94659886206902,independent_sample
6.2,60.0,80.0,68.0,139.0,5500.0,10.0,9.650219368668337,33.0,24.78,51.31471963481342,independent_sample
7.033333333333333,90.0,30.0,59.0,87.78156221616712,10272.0,10.0,1.3540918660165868,59.0,21.16,87.69273402569154,real_fitbit_joined
6.4,70.0,60.0,49.0,90.7530443253775,7638.0,10.0,1.5984664063009975,57.0,21.06,68.91067176775856,real_fitbit_joined
6.45,90.0,30.0,62.0,95.34040062434964,6107.0,10.0,6.632739241428127,33.0,24.78,68.21030465457028,real_fitbit_joined
6.5,80.0,50.0,50.0,128.0,6000.0,8.0,2.8562690245253735,30.0,17.01,73.33580766299215,independent_sample
6.6,90.0,30.0,54.0,142.0,4800.0,6.8,5.484301140371082,18.0,30.44,65.90708214635843,independent_sample
7.133333333333334,70.0,40.0,46.0,80.08198433420365,10074.0,10.0,4.768934724028658,49.0,26.77,77.16317339169296,real_fitbit_joined
8.616666666666667,70.0,50.0,58.0,85.43375959079283,6760.0,10.0,8.779224248556734,38.0,21.8,69.68260699034172,real_fitbit_joined
7.1,70.0,60.0,73.0,159.0,7000.0,8.4,1.7303426068261523,30.0,18.33,73.1638646355974,independent_sample
9.15,60.0,80.0,43.0,113.4781433077963,12231.0,10.0,1.4070456001948426,42.0,27.55,74.58517751413599,real_fitbit_joined
7.366666666666666,70.0,70.0,55.0,73.99051233396584,1868.0,10.0,1.4651354905174694,33.0,24.78,74.55924968201202,real_fitbit_joined
7.7,90.0,30.0,55.0,122.0,8000.0,8.4,4.632409021254321,34.0,30.4,76.32751073202894,independent_sample
8.483333333333333,90.0,30.0,57.0,118.56019332161686,14097.0,10.0,4.699256228260342,41.0,19.44,78.18825573243147,real_fitbit_joined
8.6,80.0,50.0,55.0,91.73996952767902,2421.0,10.0,8.514372131193692,20.0,20.88,67.92415710212799,real_fitbit_joined
8.383333333333333,90.0,30.0,55.0,82.10113519091847,1619.0,8.4,1.6548670572777417,48.0,24.91,84.7764791689053,real_fitbit_joined
7.6,70.0,60.0,52.0,122.0,8000.0,10.0,7.971881780630636,39.0,23.05,57.3306698872557,independent_sample
6.516666666666667,80.0,50.0,69.0,98.85607008760951,1282.0,6.4,8.6430106944476,46.0,22.23,59.19557923637014,real_fitbit_joined
6.2,80.0,50.0,60.0,126.0,5000.0,8.4,2.851185359759996,22.0,27.16,72.92381649423486,independent_sample
5.783333333333333,60.0,80.0,56.0,77.26037735849057,10538.0,10.0,5.614196599148578,55.0,45.49,57.064038229325035,real_fitbit_joined
6.4,60.0,80.0,58.0,122.0,4100.0,10.0,7.245546314591412,43.0,25.44,54.42300298399222,independent_sample
6.583333333333333,80.0,40.0,61.0,93.12085944494181,10114.0,10.0,8.194742910720812,53.0,26.81,66.28969375371112,real_fitbit_joined
5.65,80.0,50.0,59.0,99.32393736017897,5245.0,6.8,9.365762298230432,18.0,30.44,47.75481023315644,real_fitbit_joined
9.2,80.0,50.0,51.0,76.8135593220339,10243.0,9.2,5.267927949917174,56.0,34.8,71.98372507656318,real_fitbit_joined
6.4,70.0,60.0,61.0,143.0,6000.0,6.4,4.722784074267717,23.0,18.52,61.709014646381114,independent_sample
7.3,70.0,60.0,51.0,128.0,8000.0,9.2,4.314785774561635,56.0,17.51,65.8397413671318,independent_sample
8.466666666666667,80.0,60.0,59.0,100.66456059735783,19542.0,6.4,1.7221037109547799,45.0,25.23,84.69804974595247,real_fitbit_joined
6.6,60.0,80.0,50.0,162.0,6000.0,9.6,2.576995948952446,22.0,36.25,61.509012801350835,independent_sample
9.116666666666667,60.0,80.0,45.0,77.07394876752055,10255.0,10.0,2.716189485972999,54.0,22.64,71.78802742913442,real_fitbit_joined
6.05,90.0,30.0,57.0,77.7039627039627,2483.0,10.0,9.870854086995406,54.0,18.88,57.55062158543011,real_fitbit_joined
6.0,80.0,50.0,59.0,144.0,10000.0,10.0,4.866911314650416,20.0,24.42,68.68645866818574,independent_sample
7.8,80.0,50.0,72.0,130.0,8000.0,10.0,8.456223695042054,26.0,31.64,59.56391034612039,independent_sample
8.5,40.0,80.0,50.0,137.0,5000.0,10.0,1.523474159549282,58.0,23.75,73.77172360437358,independent_sample
6.483333333333333,60.0,80.0,48.0,88.8284289276808,9917.0,10.0,7.25920486020876,49.0,30.12,53.11930457807555,real_fitbit_joined
6.5,60.0,80.0,50.0,150.0,6000.0,9.6,3.7882618779022206,18.0,19.47,63.828221901540786,independent_sample
1.65,60.0,80.0,58.0,118.52189781021897,11009.0,6.8,7.381544675058247,54.0,16.09,38.81945908058531,real_fitbit_joined
6.0,80.0,50.0,62.0,154.0,5000.0,10.0,5.092879082973949,20.0,24.26,66.07642373451702,independent_sample
6.2,80.0,50.0,52.0,147.0,10000.0,10.0,7.6412565401862285,44.0,27.94,61.29303866388771,independent_sample
8.4,50.0,70.0,73.0,143.0,5000.0,8.4,6.949128288225882,34.0,30.4,60.709285357709625,independent_sample
10.016666666666667,80.0,40.0,59.0,87.9021897810219,1022.0,8.0,9.464127259176228,42.0,27.78,69.79455690739421,real_fitbit_joined
7.9,60.0,70.0,63.0,121.0,8000.0,10.0,1.31203240053835,36.0,24.16,77.92802685273386,independent_sample
7.933333333333334,60.0,80.0,61.0,100.01129943502825,10742.0,9.6,8.471978781102925,40.0,17.4,59.337906197365115,real_fitbit_joined
7.95,70.0,40.0,49.0,117.00041101520756,8596.0,10.0,7.847065437552077,52.0,28.27,68.0272342868837,real_fitbit_joined
8.2,80.0,40.0,73.0,121.0,7000.0,10.0,1.4801319729000793,58.0,16.23,82.64771972752477,independent_sample
7.1,90.0,30.0,66.0,160.0,6000.0,10.0,5.394170233196004,26.0,31.64,75.8419737550765,independent_sample
8.5,60.0,80.0,74.0,124.0,5000.0,10.0,8.031896701725746,36.0,32.73,52.32416828839193,independent_sample
7.15,80.0,40.0,54.0,100.16707616707616,5351.0,10.0,6.309259181691698,39.0,23.05,66.18700624963083,real_fitbit_joined
6.0,60.0,70.0,55.0,127.0,10000.0,10.0,8.159049647107562,22.0,27.05,50.10858203262625,independent_sample
7.9,40.0,80.0,59.0,121.0,6800.0,8.4,7.323703957769647,22.0,16.56,61.16034593706585,independent_sample
6.3,80.0,40.0,62.0,166.0,6000.0,6.4,9.701609498193568,52.0,16.8,56.796242421688824,independent_sample
8.383333333333333,60.0,70.0,55.0,82.10113519091847,1619.0,10.0,3.8620312747467747,29.0,32.51,65.32060415076444,real_fitbit_joined
7.3,70.0,50.0,59.0,128.0,8000.0,10.0,2.483333341564934,18.0,21.02,78.28830325024626,independent_sample
7.7,80.0,50.0,64.0,160.0,8000.0,6.0,4.699189677389912,23.0,24.13,71.15850389123776,independent_sample
7.75,70.0,60.0,59.0,107.78594249201278,6711.0,10.0,5.100910775071417,31.0,23.46,71.77770681726255,real_fitbit_joined
6.5,70.0,60.0,73.0,136.0,4000.0,10.0,4.4544965673973955,45.0,27.11,57.30436090847804,independent_sample
1.9166666666666667,60.0,80.0,57.0,85.14752724224644,3428.0,10.0,8.052877114670288,52.0,27.85,40.19187415444817,real_fitbit_joined
8.316666666666666,60.0,70.0,47.0,100.66298342541437,10494.0,7.2,9.820293177569294,54.0,22.82,56.74649071009686,real_fitbit_joined
13.183333333333334,70.0,40.0,57.0,73.87310499719258,2937.0,6.0,3.538311153141758,39.0,25.51,92.82200314019671,real_fitbit_joined
7.1,80.0,40.0,58.0,93.51746132993144,2993.0,9.2,4.418072021613068,56.0,17.51,75.91556680493461,real_fitbit_joined
6.2,80.0,60.0,62.0,150.0,10000.0,8.0,8.075850870349523,43.0,16.76,57.04183304807468,independent_sample
1.3166666666666667,60.0,70.0,67.0,96.1689393939394,4631.0,9.6,4.76418732661557,24.0,21.34,48.781258978713915,real_fitbit_joined
8.4,80.0,40.0,56.0,158.0,5000.0,10.0,2.505891736009543,49.0,16.01,80.07235123418276,independent_sample
8.466666666666667,90.0,30.0,48.0,99.59399538106236,11045.0,7.6,5.749309981776698,48.0,26.58,75.66755720076847,real_fitbit_joined
8.4,80.0,50.0,65.0,131.0,5000.0,10.0,4.411846438047426,42.0,26.84,75.51566322665076,independent_sample
6.533333333333333,70.0,70.0,49.0,106.66451458632234,12087.0,10.0,2.053603147848453,55.0,21.8,70.52457530710706,real_fitbit_joined
5.366666666666666,60.0,80.0,56.0,94.87579329102448,11682.0,10.0,5.261245937025091,56.0,13.81,59.612300446274126,real_fitbit_joined
7.7,80.0,50.0,50.0,140.0,8000.0,10.0,4.3235269319398695,44.0,29.26,71.47539053779796,independent_sample
8.2,80.0,40.0,58.0,95.77142857142857,4477.0,10.0,2.463552454104022,54.0,27.55,81.02943245052774,real_fitbit_joined
7.966666666666667,80.0,40.0,59.0,103.84647077957281,10252.0,10.0,4.2037541078613545,22.0,21.26,76.91002349979715,real_fitbit_joined
7.5,40.0,80.0,55.0,152.0,8000.0,7.6,6.288272839984617,46.0,19.1,59.31635228822266,independent_sample
7.766666666666667,60.0,80.0,63.0,102.05072783414204,12912.0,10.0,5.319449512454112,44.0,26.16,68.29558625429891,real_fitbit_joined
6.8,80.0,40.0,53.0,162.0,5000.0,6.4,2.493594057662065,37.0,25.73,75.32260089929085,independent_sample
7.2,60.0,80.0,52.0,124.0,7000.0,10.0,1.1134676797818313,19.0,28.41,71.90627733207043,independent_sample
8.4,60.0,80.0,58.0,143.0,5000.0,10.0,1.4676091979884158,32.0,24.36,77.3422398692611,independent_sample
7.15,90.0,30.0,75.0,99.83423618634886,1988.0,10.0,6.6493724776427605,57.0,23.53,68.39682730061867,real_fitbit_joined
5.9,80.0,50.0,45.0,78.63302325581395,10299.0,10.0,2.3537520199317536,26.0,15.23,68.75736531474747,real_fitbit_joined
7.2,70.0,40.0,64.0,147.0,8000.0,7.6,9.55477947327583,56.0,27.12,66.47578855440071,independent_sample
7.766666666666667,90.0,30.0,63.0,102.05072783414204,12912.0,7.2,1.9443716057635738,28.0,29.62,83.17417671709964,real_fitbit_joined
1.9166666666666667,60.0,70.0,57.0,85.14752724224644,3428.0,6.0,2.446132359336001,23.0,26.26,55.02686538488829,real_fitbit_joined
7.016666666666667,60.0,80.0,52.0,83.76093023255814,10553.0,7.2,6.941776390459581,59.0,24.19,55.569833532258066,real_fitbit_joined
8.0,60.0,70.0,62.0,167.0,7000.0,9.2,7.108029610053083,32.0,24.71,62.21237099423958,independent_sample
6.2,80.0,40.0,70.0,145.0,10000.0,10.0,8.185423064665173,43.0,23.48,61.14414375473209,independent_sample
6.533333333333333,90.0,30.0,49.0,106.66451458632234,12087.0,10.0,7.26985741489203,57.0,30.63,64.28510109789812,real_fitbit_joined
5.766666666666667,70.0,70.0,55.0,77.51865008880995,3436.0,10.0,3.912491972345871,50.0,16.28,64.24878136071885,real_fitbit_joined
6.2,70.0,40.0,67.0,158.0,5500.0,7.6,5.6616447494132105,37.0,23.53,65.26206025039365,independent_sample
6.1,90.0,30.0,74.0,124.0,10000.0,10.0,7.5043626192840565,22.0,29.98,63.62006264490674,independent_sample
8.0,70.0,60.0,68.0,165.0,7000.0,10.0,9.694427546158096,56.0,15.07,53.89869235729629,independent_sample
6.6,90.0,30.0,56.0,145.0,6000.0,8.0,9.375356931795245,57.0,19.35,59.554538693494585,independent_sample
7.5,70.0,60.0,74.0,155.0,8000.0,10.0,8.937349824741796,22.0,29.98,55.00143540857569,independent_sample
8.15,80.0,50.0,63.0,98.69517439082657,12342.0,10.0,9.72372282057189,20.0,29.11,62.588607920005074,real_fitbit_joined
6.133333333333334,80.0,40.0,49.0,91.47652347652348,10096.0,10.0,7.047034692388555,52.0,23.97,60.839338688457474,real_fitbit_joined
4.583333333333333,90.0,30.0,69.0,116.62295973884657,13987.0,9.2,5.608837524693529,31.0,33.61,65.34580094736843,real_fitbit_joined
6.5,80.0,50.0,56.0,144.0,6000.0,10.0,2.7243365116134317,29.0,24.64,71.77835246214377,independent_sample
7.25,90.0,30.0,46.0,93.39894636015326,7401.0,10.0,7.824146281336822,44.0,22.31,66.29659650060243,real_fitbit_joined
6.2,80.0,50.0,69.0,135.0,10000.0,7.6,2.0268620639914,19.0,26.32,67.87361786347765,independent_sample
7.8,60.0,70.0,55.0,135.0,8000.0,10.0,2.464297694277093,47.0,27.2,68.8459092914723,independent_sample
6.1,70.0,60.0,58.0,162.0,4200.0,10.0,8.632378806413357,55.0,25.49,48.70453580195626,independent_sample
6.4,90.0,30.0,60.0,146.0,4100.0,8.0,9.157937080099698,50.0,18.12,56.03770163750803,independent_sample
7.1,80.0,40.0,56.0,131.0,7000.0,10.0,6.836543381068194,54.0,17.63,66.50274966408752,independent_sample
7.5,70.0,40.0,52.0,138.0,8000.0,9.2,9.856118468894179,45.0,20.55,54.74327120825351,independent_sample
7.2,60.0,70.0,55.0,137.0,7000.0,10.0,5.365851939815862,34.0,46.9,66.52863565980616,independent_sample
6.233333333333333,70.0,60.0,57.0,82.423786407767,8328.0,10.0,6.939856414307611,34.0,32.72,52.45029681475694,real_fitbit_joined
8.1,70.0,40.0,66.0,137.0,3700.0,6.0,1.034379303927248,23.0,24.13,82.54437328593316,independent_sample
7.133333333333334,80.0,40.0,46.0,80.08198433420365,10074.0,10.0,4.877987712956253,25.0,31.44,67.15824128164355,real_fitbit_joined
7.8,60.0,70.0,72.0,123.0,8000.0,10.0,8.203208570401255,52.0,27.85,59.05015566379751,independent_sample
7.1,70.0,60.0,73.0,133.0,7000.0,10.0,2.1834020790818345,27.0,30.76,75.50105871560768,independent_sample
7.35,70.0,40.0,56.0,76.82283252557889,11596.0,10.0,9.431467653922821,32.0,29.95,61.4839902300914,real_fitbit_joined
7.1,70.0,40.0,61.0,134.0,7000.0,10.0,2.390137725009914,43.0,17.88,78.93095781493388,independent_sample
4.566666666666666,90.0,30.0,63.0,91.15162241887906,6176.0,10.0,1.2373027704752682,47.0,24.51,76.16470653915354,real_fitbit_joined
7.3,60.0,80.0,67.0,134.0,5000.0,10.0,7.22866282321932,52.0,21.36,58.39332570873127,independent_sample
10.516666666666667,60.0,80.0,58.0,76.9119737561509,4112.0,8.8,6.727693701374023,59.0,15.46,72.73972007822785,real_fitbit_joined
7.366666666666666,60.0,80.0,55.0,73.99051233396584,1868.0,10.0,5.737623948425019,54.0,18.88,61.140628338740115,real_fitbit_joined
6.9,80.0,50.0,49.0,103.69459888800635,10830.0,8.4,6.086198652302881,44.0,22.19,60.63646246062824,real_fitbit_joined
6.7,70.0,40.0,53.0,98.837614279495,6157.0,10.0,1.2196070340088423,50.0,15.65,80.6113123622905,real_fitbit_joined
6.0,60.0,70.0,74.0,158.0,10000.0,9.2,9.664915152278855,48.0,22.79,49.99556847485287,independent_sample
6.333333333333333,60.0,80.0,66.0,103.73809523809524,14450.0,10.0,4.575585615043305,19.0,23.98,66.45825305287583,real_fitbit_joined
10.05,90.0,30.0,47.0,82.63835072031793,5206.0,10.0,1.388439207555185,35.0,25.39,86.32776305360586,real_fitbit_joined
6.7,80.0,50.0,67.0,130.0,5600.0,10.0,9.444743366036343,41.0,35.86,53.8849484009669,independent_sample
6.0,80.0,50.0,69.0,137.0,5000.0,6.4,4.591317858781912,51.0,29.26,60.96772605688626,independent_sample
6.6,60.0,70.0,69.0,127.0,4800.0,9.2,7.3203288942849785,28.0,24.13,57.85115544589957,independent_sample
12.916666666666666,80.0,50.0,59.0,73.0040369088812,1202.0,10.0,7.904694600380142,56.0,23.59,81.39961982056867,real_fitbit_joined
7.7,80.0,60.0,67.0,156.0,8000.0,8.8,7.193212354778879,55.0,26.96,63.636470150380404,independent_sample
7.8,80.0,40.0,68.0,122.0,8000.0,8.8,6.431437864390408,45.0,31.4,72.04841088899391,independent_sample
7.866666666666666,70.0,40.0,61.0,95.65979875419262,10254.0,6.4,1.185260448662222,22.0,19.71,82.51713569277722,real_fitbit_joined
6.2,60.0,80.0,63.0,144.0,5500.0,10.0,8.053644259677128,32.0,33.55,53.83999394636207,independent_sample
8.1,90.0,30.0,72.0,146.0,3700.0,8.0,2.9079464922879223,41.0,22.89,80.81489057848603,independent_sample
7.016666666666667,80.0,40.0,55.0,100.86001788908766,11393.0,7.2,8.846052099329814,31.0,19.45,63.45167738507091,real_fitbit_joined
7.216666666666667,70.0,40.0,59.0,91.4928292046936,9482.0,9.6,7.017788979319879,40.0,17.4,64.75856183287402,real_fitbit_joined
6.9,60.0,80.0,50.0,153.0,5500.0,10.0,2.904723087128751,46.0,18.62,63.23302773153742,independent_sample
6.8,90.0,30.0,73.0,130.0,6000.0,10.0,9.122079765572575,56.0,22.48,56.60539731767613,independent_sample
7.6,70.0,60.0,51.0,120.0,8000.0,10.0,7.760602430275763,36.0,30.09,61.25264011393362,independent_sample
1.0166666666666666,90.0,30.0,64.0,101.60488415779587,9910.0,10.0,2.6833937370177106,52.0,15.24,56.94256611641112,real_fitbit_joined
7.6,60.0,70.0,69.0,136.0,8000.0,10.0,1.1720448498678762,52.0,23.97,74.36353415074744,independent_sample
6.816666666666666,60.0,80.0,51.0,83.46244879380974,12533.0,10.0,9.050970042046822,43.0,17.32,52.302533829477255,real_fitbit_joined
8.516666666666667,70.0,60.0,73.0,97.04672897196262,7018.0,10.0,2.033531422652832,42.0,20.62,80.7269844677985,real_fitbit_joined
8.316666666666666,80.0,50.0,50.0,87.11576011157601,8758.0,8.4,8.856512522887675,25.0,12.73,62.54534472278242,real_fitbit_joined
10.316666666666666,80.0,40.0,55.0,78.76546391752578,4660.0,9.2,5.4853099546553175,31.0,33.61,78.142166907183,real_fitbit_joined
6.05,80.0,50.0,57.0,77.7039627039627,2483.0,9.6,6.80925066316451,41.0,26.33,56.87402111406191,real_fitbit_joined
7.033333333333333,80.0,40.0,60.0,110.0524492825334,10081.0,10.0,7.3561800444084655,41.0,18.66,66.91693317549807,real_fitbit_joined
1.0166666666666666,70.0,40.0,64.0,101.60488415779587,9910.0,10.0,5.485979790361515,20.0,40.26,50.06624944032252,real_fitbit_joined
4.966666666666667,70.0,50.0,62.0,91.87692307692308,6815.0,8.0,4.038536542632651,35.0,16.99,76.27480846506474,real_fitbit_joined
8.1,60.0,80.0,64.0,136.0,7000.0,6.8,6.95233549963373,37.0,22.44,65.14945549887207,independent_sample
7.35,60.0,70.0,73.0,116.27704485488127,11761.0,9.2,4.368437161805083,27.0,24.44,63.89811614364031,real_fitbit_joined
7.8,70.0,40.0,71.0,138.0,8000.0,7.2,8.096026089279688,59.0,24.19,64.66044938666633,independent_sample
1.3666666666666667,60.0,80.0,58.0,93.96402473299607,12139.0,10.0,3.386821309135529,56.0,31.84,48.58172994872742,real_fitbit_joined
7.2,90.0,30.0,73.0,160.0,5000.0,10.0,9.569996071278352,50.0,32.69,60.71127450034112,independent_sample
7.466666666666667,60.0,80.0,58.0,94.7200754005655,11423.0,10.0,9.525550056506338,44.0,13.51,49.955365184209406,real_fitbit_joined
6.3,80.0,40.0,73.0,169.0,6000.0,10.0,5.287021599709889,28.0,14.57,63.96266676215476,independent_sample
6.2,90.0,30.0,68.0,160.0,5000.0,10.0,3.2779138526164786,29.0,20.61,73.49637368816218,independent_sample
8.1,70.0,40.0,67.0,150.0,3700.0,9.6,4.853796534330533,50.0,13.03,70.27495740703382,independent_sample
6.5,80.0,40.0,68.0,120.0,6000.0,8.0,4.568983137909669,52.0,28.28,67.83852985177437,independent_sample
6.0,80.0,50.0,62.0,129.0,5000.0,10.0,4.437456756876063,37.0,30.74,66.44502298160492,independent_sample
6.966666666666667,60.0,80.0,58.0,97.11313697989715,15491.0,10.0,8.116508483550671,42.0,19.69,56.12960728035587,real_fitbit_joined
7.366666666666666,70.0,50.0,53.0,92.93109613533214,5546.0,6.4,7.277243155023553,42.0,14.1,57.91490776685067,real_fitbit_joined
6.316666666666666,80.0,50.0,52.0,107.31512415349887,13368.0,9.6,1.209447421622433,18.0,26.33,74.36283427425249,real_fitbit_joined
8.4,70.0,40.0,65.0,141.0,5000.0,10.0,8.993063700406323,54.0,22.48,68.428820195792,independent_sample
6.5,70.0,40.0,52.0,151.0,6000.0,7.2,6.016034526157073,33.0,27.64,65.27058249476931,independent_sample
7.1,70.0,40.0,65.0,130.0,7000.0,10.0,7.121006969022754,23.0,23.78,64.47826158003261,independent_sample
1.0333333333333334,60.0,80.0,51.0,81.03393541324576,10218.0,10.0,5.700189340493239,18.0,44.1,40.40494367221879,real_fitbit_joined
8.666666666666666,90.0,30.0,56.0,74.78026666666666,3727.0,10.0,9.157189465852625,40.0,24.31,72.65041249618497,real_fitbit_joined
7.5,80.0,50.0,54.0,141.0,8000.0,10.0,5.029060828693765,33.0,19.49,68.49826358652919,independent_sample
7.25,60.0,80.0,46.0,93.39894636015326,7401.0,10.0,9.971868266613527,23.0,44.84,47.39896158036967,real_fitbit_joined
7.2,80.0,50.0,56.0,150.0,7000.0,10.0,9.668036004302564,42.0,16.25,61.00140204696111,independent_sample
5.9,90.0,30.0,65.0,152.0,3000.0,10.0,1.9833778927865926,54.0,29.1,76.43845867418285,independent_sample
5.633333333333334,60.0,70.0,56.0,97.25783040488923,15444.0,10.0,1.507379469858344,55.0,18.46,72.755657466002,real_fitbit_joined
6.2,60.0,60.0,66.0,154.0,5000.0,7.6,8.401801363014506,43.0,15.5,58.54686589644091,independent_sample
6.5,60.0,70.0,63.0,128.0,6000.0,10.0,2.227957773010598,35.0,21.04,67.84133032577485,independent_sample
8.0,60.0,80.0,61.0,97.77891791044776,8206.0,10.0,2.8525708903309144,43.0,28.02,72.02480456271753,real_fitbit_joined
1.1666666666666667,90.0,30.0,68.0,122.81468531468532,16806.0,10.0,4.078735738443167,59.0,44.26,59.635628750730035,real_fitbit_joined
5.9,70.0,40.0,68.0,139.0,3000.0,10.0,8.787661830180213,25.0,31.44,57.06893366301239,independent_sample
9.216666666666667,80.0,40.0,57.0,71.351776354106,1807.0,10.0,5.4628816157089375,59.0,30.66,72.79501284014161,real_fitbit_joined
6.5,80.0,50.0,65.0,139.0,6000.0,9.2,3.1662344064925447,39.0,19.76,74.07421698812612,independent_sample
7.766666666666667,70.0,50.0,63.0,102.05072783414204,12912.0,9.2,4.904664843141758,19.0,27.79,74.23077007421725,real_fitbit_joined
8.783333333333333,80.0,50.0,47.0,97.60372093023256,9893.0,10.0,5.854080177240856,20.0,29.11,64.84082695308796,real_fitbit_joined
8.466666666666667,60.0,80.0,59.0,100.66456059735783,19542.0,6.4,1.5205840890705673,50.0,26.9,75.50314953584441,real_fitbit_joined
7.1,80.0,50.0,58.0,93.51746132993144,2993.0,10.0,7.360994951969012,52.0,28.46,65.26374687516122,real_fitbit_joined
5.6,60.0,80.0,68.0,100.45598731165741,7150.0,10.0,5.793304892964272,52.0,25.81,56.77513875487229,real_fitbit_joined
6.0,90.0,30.0,69.0,135.0,5000.0,10.0,1.7511767649044496,18.0,27.68,80.00651362406497,independent_sample
6.6,60.0,70.0,65.0,136.0,6000.0,10.0,1.298704191061836,42.0,21.29,78.22358219514749,independent_sample
6.6,80.0,50.0,73.0,143.0,6000.0,6.8,6.342048418409074,33.0,22.27,63.96703930866572,independent_sample
7.2,60.0,80.0,52.0,166.0,7000.0,9.2,1.8369157584081894,25.0,29.71,68.0325518603142,independent_sample
8.1,60.0,70.0,66.0,148.0,5000.0,10.0,6.450741003910703,29.0,23.65,66.87065534870514,independent_sample
7.8,70.0,60.0,68.0,131.0,8000.0,9.6,5.900340995202367,43.0,18.67,71.44782486227855,independent_sample
7.516666666666667,80.0,40.0,48.0,71.66283924843424,4363.0,10.0,1.6036882964958474,47.0,26.32,78.39860160177555,real_fitbit_joined
6.5,90.0,30.0,47.0,79.88053097345133,12375.0,10.0,6.55234226538168,53.0,22.96,67.00457092174761,real_fitbit_joined
7.2,80.0,50.0,62.0,129.0,7000.0,9.2,6.591632041446491,43.0,18.19,68.65108949203295,independent_sample
7.05,90.0,30.0,64.0,102.14521452145215,5162.0,8.4,8.102541147466045,44.0,22.69,64.9563120843585,real_fitbit_joined
4.566666666666666,70.0,60.0,63.0,91.15162241887906,6176.0,10.0,2.5451135726347314,48.0,25.33,65.13007318574525,real_fitbit_joined
8.3,60.0,70.0,68.0,168.0,5000.0,10.0,5.523094688170982,39.0,21.65,68.80037229256499,independent_sample
6.45,60.0,70.0,62.0,95.34040062434964,6107.0,10.0,4.210779940242304,52.0,40.09,71.23331394003297,real_fitbit_joined
6.75,70.0,60.0,60.0,87.72509578544062,7804.0,10.0,3.3290198344001523,31.0,27.96,71.37595104075773,real_fitbit_joined
8.8,60.0,80.0,58.0,115.95929276315789,20031.0,10.0,2.981648817548302,25.0,29.26,77.18329085248399,real_fitbit_joined
6.6,80.0,40.0,64.0,160.0,6000.0,10.0,8.928757050756918,59.0,19.5,60.11230118448976,independent_sample
6.416666666666667,80.0,50.0,57.0,91.96686464520162,4369.0,9.6,1.6851777354127018,37.0,22.15,77.4523173061016,real_fitbit_joined
6.7,80.0,40.0,63.0,100.15845070422536,14400.0,9.2,4.0550517328852544,45.0,24.28,75.32571969687137,real_fitbit_joined
6.866666666666666,80.0,50.0,58.0,98.23890942698706,11886.0,10.0,5.424350920672932,50.0,15.42,67.90778347713386,real_fitbit_joined
5.95,70.0,60.0,56.0,100.57398753894081,15482.0,8.8,3.1378899243148988,18.0,24.52,68.19432836290486,real_fitbit_joined
6.6,90.0,30.0,67.0,132.0,6000.0,8.8,9.716398998349455,56.0,36.22,57.50939638467264,independent_sample
8.5,70.0,40.0,72.0,123.0,5000.0,10.0,4.803662773122483,18.0,22.41,72.94621547455723,independent_sample
7.1,70.0,60.0,68.0,135.0,8000.0,10.0,3.254211089132491,47.0,24.25,71.99915884893576,independent_sample
8.383333333333333,70.0,60.0,55.0,82.10113519091847,1619.0,10.0,6.890600928530217,51.0,41.34,70.02434925490003,real_fitbit_joined
7.483333333333333,80.0,50.0,53.0,96.20393474088291,12574.0,8.0,2.3850631570586955,27.0,22.44,76.67619015003213,real_fitbit_joined
8.1,70.0,60.0,54.0,127.0,7000.0,8.0,3.4921403864002802,24.0,26.4,81.56179995945057,independent_sample
1.0166666666666666,70.0,60.0,64.0,101.60488415779587,9910.0,10.0,1.0444598284096864,31.0,30.43,57.13617605382601,real_fitbit_joined
8.4,80.0,50.0,65.0,130.0,5000.0,10.0,8.72887851414525,39.0,19.41,66.12269259999943,independent_sample
9.016666666666667,80.0,40.0,62.0,89.28435754189944,4188.0,10.0,1.1806407799995373,39.0,23.05,89.59265793443994,real_fitbit_joined
6.316666666666666,80.0,50.0,52.0,107.31512415349887,13368.0,8.0,6.920607741427324,39.0,21.87,62.05379155080913,real_fitbit_joined
5.95,80.0,50.0,61.0,108.97277529459569,13217.0,10.0,2.1598288072610066,44.0,27.94,70.10484291742375,real_fitbit_joined
7.9,80.0,40.0,60.0,107.34586466165413,10449.0,10.0,6.208078677151541,26.0,15.23,68.38698311609603,real_fitbit_joined
8.75,60.0,80.0,46.0,94.05631067961166,7439.0,8.0,7.500273115537596,30.0,17.01,59.21508367521059,real_fitbit_joined
7.583333333333333,80.0,50.0,58.0,92.69698420296793,10320.0,10.0,2.8146458804297008,31.0,19.31,76.2236197826791,real_fitbit_joined
6.0,90.0,30.0,65.0,157.0,10000.0,7.2,2.6895016512302687,48.0,18.98,77.76575273470553,independent_sample
7.05,90.0,30.0,63.0,119.31631328429252,13417.0,10.0,8.543037606832993,43.0,29.69,63.027271080639885,real_fitbit_joined
7.8,90.0,30.0,66.0,166.0,8000.0,10.0,6.037801152745443,40.0,20.86,71.04494710109302,independent_sample
9.15,70.0,60.0,43.0,113.4781433077963,12231.0,10.0,6.8971778257511955,49.0,24.31,60.06673588287214,real_fitbit_joined
8.2,80.0,40.0,58.0,162.0,7000.0,10.0,7.054326947880082,47.0,24.25,68.04420112233946,independent_sample
7.8,80.0,50.0,67.0,153.0,8000.0,10.0,5.053158810148714,23.0,21.16,76.02643505498689,independent_sample
6.6,50.0,70.0,56.0,131.0,6000.0,10.0,9.23581061566339,51.0,19.72,51.39293821159278,independent_sample
6.1,60.0,70.0,62.0,168.0,10000.0,10.0,2.0892250043667375,38.0,22.95,73.68219330097519,independent_sample
6.0,80.0,40.0,50.0,161.0,5000.0,10.0,9.264151780078933,46.0,40.45,48.85574655966291,independent_sample
6.45,60.0,80.0,62.0,95.34040062434964,6107.0,10.0,8.194693590181384,35.0,29.34,59.53125763364125,real_fitbit_joined
7.1,60.0,70.0,62.0,89.77948717948718,6580.0,10.0,3.2719324990961867,50.0,32.69,69.4797743090491,real_fitbit_joined
7.3,70.0,70.0,50.0,135.0,8000.0,10.0,9.343008711318658,47.0,24.25,56.05563621806618,independent_sample
7.816666666666666,70.0,40.0,45.0,77.22525414660247,10201.0,6.4,9.879963339404318,36.0,17.25,54.53343335060624,real_fitbit_joined
4.566666666666666,80.0,50.0,63.0,91.15162241887906,6176.0,8.4,8.34249812491556,20.0,25.36,51.32255611250566,real_fitbit_joined
8.8,60.0,80.0,53.0,88.60706521739131,3147.0,9.6,9.42591021619321,45.0,31.14,57.8648603048475,real_fitbit_joined
5.883333333333334,90.0,30.0,60.0,89.96766043456292,10001.0,6.8,5.801149827786894,21.0,22.98,61.466189443258706,real_fitbit_joined
7.2,70.0,60.0,54.0,127.0,7000.0,7.6,7.369128412668242,19.0,26.32,60.35553035244925,independent_sample
7.9,80.0,50.0,64.0,140.0,6800.0,8.8,1.433674111539666,55.0,26.96,78.32030976637505,independent_sample
6.7,60.0,80.0,66.0,129.0,6000.0,7.6,9.736088908687698,24.0,15.02,54.840357392114896,independent_sample
7.266666666666667,80.0,50.0,59.0,85.63649706457926,5980.0,8.4,9.72922958033143,49.0,20.75,55.095415215288995,real_fitbit_joined
6.5,80.0,50.0,54.0,135.0,6000.0,6.4,9.830061170811422,19.0,20.91,51.69285001345598,independent_sample
7.5,80.0,40.0,67.0,129.0,8000.0,10.0,1.9231116632523082,23.0,36.45,78.66085641656426,independent_sample
7.7,80.0,40.0,67.0,152.0,8000.0,8.4,4.006449691018923,54.0,28.68,75.26060722815478,independent_sample
1.3166666666666667,60.0,80.0,67.0,96.1689393939394,4631.0,10.0,1.087937626772653,58.0,21.27,53.13129409954883,real_fitbit_joined
5.666666666666667,90.0,30.0,57.0,96.92633361558002,11306.0,10.0,7.276782405221559,53.0,17.57,60.59048863915855,real_fitbit_joined
7.2,60.0,80.0,65.0,141.0,8000.0,10.0,4.616009205888918,55.0,45.49,65.59360289682593,independent_sample
7.183333333333334,80.0,50.0,49.0,96.97294685990339,4038.0,10.0,6.690752475342215,41.0,25.08,63.15709281331767,real_fitbit_joined
6.4,90.0,30.0,63.0,132.0,4100.0,10.0,8.842726307717689,52.0,24.78,64.21812867887904,independent_sample
7.5,60.0,60.0,55.0,135.0,8000.0,10.0,8.577986976010553,24.0,18.07,58.32094159099441,independent_sample
6.4,50.0,70.0,65.0,157.0,6000.0,8.8,3.7281552035079573,26.0,26.75,60.867792780831095,independent_sample
6.0,80.0,50.0,62.0,162.0,5000.0,10.0,1.0911806562496904,48.0,49.84,83.62050241633293,independent_sample
7.7,60.0,70.0,53.0,166.0,8000.0,10.0,8.447841060101869,31.0,18.79,53.888093041943044,independent_sample
10.516666666666667,60.0,80.0,58.0,76.9119737561509,4112.0,10.0,6.865001428382966,41.0,19.44,65.49852243495764,real_fitbit_joined
6.45,80.0,40.0,62.0,95.34040062434964,6107.0,8.8,3.229578905510417,25.0,22.99,77.32533347493438,real_fitbit_joined
7.533333333333333,60.0,80.0,61.0,96.12615643397814,10465.0,8.8,3.051416462877475,34.0,23.46,69.86695031262387,real_fitbit_joined
6.133333333333334,60.0,80.0,49.0,91.47652347652348,10096.0,10.0,6.170258018619207,59.0,20.28,58.94428739505481,real_fitbit_joined
6.0,80.0,50.0,50.0,166.0,10000.0,10.0,6.1459511684349,38.0,27.84,66.14056685524957,independent_sample
8.5,90.0,30.0,58.0,146.0,5000.0,10.0,6.390806573594895,27.0,19.01,79.15212141844867,independent_sample
7.8,80.0,50.0,53.0,138.0,8000.0,10.0,8.150639900416738,22.0,17.59,65.63389585906701,independent_sample
8.5,60.0,70.0,63.0,140.0,5000.0,10.0,8.40281314945777,47.0,24.25,63.44522572419139,independent_sample
6.0,60.0,80.0,56.0,127.0,8000.0,10.0,1.074879480044728,39.0,23.88,72.62131579285608,independent_sample
8.4,60.0,80.0,74.0,155.0,5000.0,10.0,1.3508138859501737,47.0,27.2,79.75344468720724,independent_sample
7.966666666666667,90.0,30.0,59.0,103.84647077957281,10252.0,10.0,2.152412550619952,45.0,20.83,82.97603324944035,real_fitbit_joined
8.0,70.0,40.0,50.0,155.0,7000.0,8.8,5.119296446433646,18.0,45.14,70.95948557956609,independent_sample
2.1,80.0,40.0,62.0,103.66447728516694,13743.0,8.0,2.5033771711085486,45.0,23.84,62.06994268895427,real_fitbit_joined
8.1,80.0,40.0,56.0,156.0,5000.0,10.0,7.189498381875046,43.0,33.8,67.6235508789665,independent_sample
1.0166666666666666,90.0,30.0,64.0,101.60488415779587,9910.0,7.6,5.162812445198331,23.0,23.6,55.53594808713792,real_fitbit_joined
8.2,70.0,40.0,50.0,144.0,7000.0,10.0,2.4058591181795976,54.0,22.64,84.41837191143686,independent_sample
7.9,70.0,60.0,52.0,142.0,8000.0,8.8,8.886874898280805,54.0,20.7,64.25069281284782,independent_sample
7.7,80.0,40.0,63.0,152.0,8000.0,10.0,1.1739486782584092,23.0,16.8,88.8522182036701,independent_sample
6.1,60.0,70.0,73.0,156.0,5000.0,10.0,6.723592364473556,39.0,19.41,58.04564903093578,independent_sample
7.5,80.0,50.0,62.0,139.0,8000.0,10.0,3.6576144464314897,55.0,24.76,76.4004697332931,independent_sample
5.483333333333333,80.0,50.0,51.0,84.991254919108,10181.0,10.0,2.177862946465148,40.0,21.26,70.14194592208077,real_fitbit_joined
8.2,60.0,70.0,72.0,149.0,7000.0,10.0,4.663958402130649,58.0,19.88,67.9924122864975,independent_sample
10.5,90.0,30.0,69.0,94.8559796437659,5652.0,10.0,6.31265448263327,34.0,31.94,78.26081551323252,real_fitbit_joined
7.8,70.0,50.0,71.0,144.0,8000.0,10.0,3.9397532448331987,23.0,19.73,71.92121778915553,independent_sample
6.533333333333333,70.0,40.0,59.0,102.43229389149936,9799.0,8.0,3.805498610159934,52.0,20.42,77.43694716463031,real_fitbit_joined
6.1,80.0,40.0,59.0,159.0,10000.0,10.0,4.911363647728406,20.0,27.69,67.31713221220085,independent_sample
8.0,70.0,50.0,59.0,130.0,7000.0,10.0,7.628817055013133,41.0,18.66,62.96084958350097,independent_sample
7.8,60.0,80.0,60.0,123.0,8000.0,7.6,1.0392694268527818,31.0,16.52,72.77418435520283,independent_sample
8.1,70.0,50.0,53.0,142.0,7000.0,10.0,5.503610311391811,29.0,23.65,73.33734908215877,independent_sample
8.0,80.0,40.0,60.0,132.0,7500.0,10.0,2.0245455412894127,26.0,30.54,80.05799408519732,independent_sample
6.0,60.0,80.0,61.0,145.0,8000.0,6.8,5.898285695023279,24.0,19.01,59.97111094050946,independent_sample
8.2,80.0,50.0,69.0,125.0,10000.0,8.8,8.752329967270924,22.0,15.72,63.49216826476726,independent_sample
6.1,80.0,50.0,69.0,128.0,5000.0,10.0,5.284163164318898,46.0,40.45,63.64547091369045,independent_sample
5.65,70.0,60.0,59.0,99.32393736017897,5245.0,9.6,5.957716335482254,55.0,15.02,60.633732555928056,real_fitbit_joined
7.216666666666667,70.0,50.0,59.0,91.4928292046936,9482.0,8.8,1.2287721406968566,55.0,26.96,78.75558946729441,real_fitbit_joined
8.516666666666667,80.0,50.0,56.0,84.20750347383047,5029.0,10.0,5.386880784245623,56.0,25.86,76.19472388901747,real_fitbit_joined
8.383333333333333,60.0,80.0,55.0,82.10113519091847,1619.0,8.0,9.473183278988726,20.0,34.83,51.388096028204394,real_fitbit_joined
7.1,60.0,80.0,52.0,166.0,7000.0,10.0,1.232307162545383,48.0,21.83,67.70711813765588,independent_sample
7.8,70.0,40.0,56.0,132.0,8000.0,10.0,7.12205001287518,57.0,43.4,67.64371009601028,independent_sample
6.5,60.0,80.0,60.0,152.0,6000.0,10.0,9.611198339358575,56.0,20.55,50.5254607695296,independent_sample
6.1,90.0,30.0,55.0,129.0,10000.0,6.4,9.926289562144271,36.0,17.25,56.984143521130335,independent_sample
8.2,70.0,50.0,61.0,97.57859680284191,11495.0,10.0,3.059183489424602,38.0,27.61,77.79210524219984,real_fitbit_joined
7.2,60.0,70.0,74.0,133.0,7000.0,6.8,7.42981747664118,39.0,22.26,51.110975211134544,independent_sample
10.966666666666667,80.0,50.0,62.0,89.42219541616406,3365.0,9.2,1.1914246976534844,28.0,26.47,94.62747266865932,real_fitbit_joined
5.883333333333334,60.0,80.0,60.0,89.96766043456292,10001.0,10.0,1.5424065126060476,20.0,17.05,72.05354743784729,real_fitbit_joined
2.1,60.0,80.0,62.0,103.66447728516694,13743.0,9.6,7.938296601796468,25.0,14.74,37.73711258730676,real_fitbit_joined
6.1,90.0,30.0,60.0,127.0,8000.0,10.0,2.573547645343713,57.0,27.7,80.17364426717093,independent_sample
7.8,60.0,80.0,73.0,134.0,8000.0,8.8,5.887221255618969,53.0,21.26,63.247340999604354,independent_sample
7.1,60.0,80.0,59.0,138.0,6000.0,8.4,5.061647017263295,36.0,43.31,69.61758393515747,independent_sample
7.8,60.0,80.0,56.0,166.0,8000.0,10.0,7.251358845279569,56.0,24.37,59.417207161248335,independent_sample
8.4,90.0,30.0,49.0,104.61335740072202,8869.0,10.0,4.530196405897591,41.0,26.64,74.04409990346079,real_fitbit_joined
5.9,60.0,70.0,74.0,147.0,3000.0,10.0,2.482357180890663,47.0,21.87,68.03270496591693,independent_sample
5.9,80.0,50.0,50.0,127.0,10000.0,8.0,3.610409787661932,18.0,30.26,67.1142186767057,independent_sample
7.966666666666667,60.0,80.0,51.0,90.53748296228987,13236.0,9.6,1.1639964308639477,40.0,19.45,78.08291004702878,real_fitbit_joined
7.483333333333333,90.0,30.0,53.0,96.20393474088291,12574.0,10.0,6.910629980871629,21.0,32.69,69.9388088153408,real_fitbit_joined
6.05,60.0,80.0,61.0,101.54278305963699,18952.0,10.0,1.492854749398282,46.0,33.16,75.44645830071336,real_fitbit_joined
6.1,80.0,40.0,61.0,165.0,10000.0,6.4,8.974840917818874,19.0,20.91,56.76785029106652,independent_sample
8.466666666666667,60.0,70.0,59.0,100.66456059735783,19542.0,10.0,8.459950292943486,50.0,36.8,60.97881972438151,real_fitbit_joined
7.1,60.0,70.0,50.0,156.0,8000.0,8.8,1.4108387095214536,40.0,23.87,75.21727114387004,independent_sample
7.2,60.0,80.0,66.0,143.0,7000.0,10.0,4.996393742819826,22.0,41.56,63.02426407632832,independent_sample
6.5,80.0,40.0,62.0,129.0,6000.0,8.8,8.635828411814723,26.0,26.75,60.830510897658726,independent_sample
8.0,90.0,30.0,64.0,157.0,7000.0,10.0,3.675140269377555,29.0,20.61,75.63042533217522,independent_sample
6.1,80.0,40.0,52.0,138.0,5000.0,10.0,5.556394535456825,29.0,34.63,66.40026746908852,independent_sample
7.233333333333333,80.0,50.0,66.0,114.05627887442252,12495.0,10.0,1.9070020123968399,21.0,24.87,73.8156028215067,real_fitbit_joined
1.2833333333333334,80.0,50.0,68.0,130.0587668593449,1982.0,10.0,1.330148826015381,57.0,26.46,55.20991450726183,real_fitbit_joined
6.5,80.0,50.0,65.0,136.0,6000.0,10.0,3.066383446785718,43.0,17.88,77.2339821426487,independent_sample
8.716666666666667,80.0,50.0,63.0,101.90025906735751,12409.0,10.0,6.862783495166778,33.0,20.66,71.24765917037527,real_fitbit_joined
7.8,90.0,30.0,57.0,139.0,8000.0,10.0,7.856183722399275,54.0,27.55,66.81533470248897,independent_sample
7.2,70.0,50.0,62.0,153.0,8000.0,10.0,2.6509797676309104,58.0,16.23,76.48232045937509,independent_sample
8.3,60.0,60.0,62.0,169.0,5000.0,10.0,8.4635811938508,51.0,20.76,63.22830478718391,independent_sample
6.6,80.0,50.0,74.0,169.0,6000.0,10.0,1.844715563410206,56.0,25.86,73.81017022871985,independent_sample
8.3,80.0,30.0,50.0,133.0,5000.0,10.0,8.834742696424458,29.0,23.65,65.83300885784395,independent_sample
6.0,60.0,80.0,68.0,138.0,10000.0,9.6,7.195645166429232,53.0,23.53,52.08032547643361,independent_sample
7.466666666666667,80.0,50.0,58.0,94.7200754005655,11423.0,8.4,4.829440010032679,20.0,25.36,75.00674732837714,real_fitbit_joined
8.5,80.0,40.0,66.0,167.0,5000.0,10.0,5.29210095821173,52.0,19.21,75.89611566113675,independent_sample
6.1,60.0,80.0,54.0,146.0,10000.0,10.0,1.3818006838620254,59.0,30.22,67.93593460583614,independent_sample
7.2,60.0,80.0,73.0,130.0,7300.0,10.0,1.7216201267371312,35.0,25.01,71.3965393219741,independent_sample
6.5,60.0,60.0,50.0,150.0,6000.0,10.0,8.44755687885899,58.0,16.23,57.089618023195335,independent_sample
6.6,80.0,50.0,66.0,166.0,4800.0,10.0,6.767436832211856,50.0,31.05,64.15001885532259,independent_sample
7.6,60.0,80.0,64.0,157.0,8000.0,8.8,9.046848722799256,58.0,29.88,56.49471914621452,independent_sample
6.5,70.0,60.0,74.0,145.0,6000.0,7.6,7.458379890923586,33.0,21.16,57.0394506099868,independent_sample
7.483333333333333,60.0,70.0,53.0,96.20393474088291,12574.0,10.0,1.9411105630096022,32.0,26.22,72.79913811188887,real_fitbit_joined
5.633333333333334,70.0,50.0,56.0,97.25783040488923,15444.0,9.2,8.339152856093508,58.0,17.82,55.38030014685681,real_fitbit_joined
7.483333333333333,80.0,50.0,53.0,96.20393474088291,12574.0,10.0,9.586459245328502,37.0,22.67,58.819858769634735,real_fitbit_joined
7.8,80.0,50.0,67.0,164.0,8000.0,10.0,1.3775610108847265,32.0,37.76,79.90695554210569,independent_sample
5.966666666666667,70.0,40.0,61.0,116.70341098169717,12010.0,10.0,8.983777818386056,58.0,37.56,57.06815893910456,real_fitbit_joined
6.85,70.0,50.0,61.0,87.1576059850374,5454.0,8.8,9.881982429404655,28.0,26.14,55.517212289497806,real_fitbit_joined
7.1,60.0,70.0,63.0,129.0,8000.0,8.0,9.791202956595933,46.0,22.22,54.58029911506156,independent_sample
7.766666666666667,50.0,70.0,63.0,102.05072783414204,12912.0,10.0,8.146226703432664,41.0,23.01,62.284306974959755,real_fitbit_joined
5.9,60.0,80.0,71.0,129.0,3000.0,8.8,7.468656560681772,25.0,23.11,49.79892313277044,independent_sample
1.0166666666666666,60.0,80.0,64.0,101.60488415779587,9910.0,10.0,6.252905006657849,23.0,24.84,44.123462922687594,real_fitbit_joined
7.2,90.0,30.0,68.0,143.0,8000.0,10.0,5.939727985696203,28.0,18.28,73.0946474616075,independent_sample
6.6,70.0,40.0,72.0,123.0,6000.0,9.6,8.10086643928714,18.0,19.47,59.10023571456053,independent_sample
7.116666666666666,60.0,80.0,64.0,92.64671532846715,2121.0,10.0,5.380020472822325,49.0,17.44,63.06542417060321,real_fitbit_joined
8.85,70.0,60.0,83.5,110.5619335347432,10685.0,6.8,7.824368763361203,26.0,23.07,60.112348920397544,real_fitbit_joined
6.95,80.0,50.0,67.0,100.44439617723718,15459.0,6.8,4.2354203609777965,54.0,16.09,63.3572973806897,real_fitbit_joined
7.1,60.0,70.0,65.0,142.0,8000.0,10.0,5.657017165795372,53.0,22.96,65.01243625017673,independent_sample
8.75,60.0,70.0,46.0,94.05631067961166,7439.0,10.0,2.6390612411982937,47.0,27.2,76.61790240373462,real_fitbit_joined
1.2833333333333334,60.0,80.0,68.0,130.0587668593449,1982.0,10.0,8.84314531168946,37.0,22.67,32.70046560738191,real_fitbit_joined
2.05,90.0,30.0,67.0,138.01760563380282,6543.0,8.8,9.967005244510677,41.0,25.05,41.83593211682055,real_fitbit_joined
7.316666666666666,60.0,80.0,47.0,78.52028218694885,11193.0,6.0,7.587945476302646,53.0,15.43,53.05193829322723,real_fitbit_joined
1.9166666666666667,90.0,30.0,57.0,85.14752724224644,3428.0,10.0,9.3785382595628,31.0,19.31,44.2381283122482,real_fitbit_joined
7.1,70.0,60.0,50.0,150.0,7000.0,10.0,8.889856856453804,55.0,43.4,53.20425533683103,independent_sample
8.783333333333333,90.0,30.0,59.0,99.77391304347826,10467.0,10.0,9.856751222793656,52.0,28.46,68.19215229729167,real_fitbit_joined
7.8,80.0,50.0,71.0,131.0,8000.0,9.2,9.81194444213639,52.0,15.88,59.36652627909337,independent_sample
7.9,80.0,40.0,60.0,107.34586466165413,10449.0,6.8,2.679103216461752,21.0,22.98,80.70193857080426,real_fitbit_joined
7.8,80.0,40.0,69.0,120.0,8000.0,10.0,3.58424162276118,40.0,25.14,79.11626255456807,independent_sample
7.6,60.0,80.0,66.0,148.0,8000.0,6.4,8.714613312988778,25.0,25.41,54.714138296828104,independent_sample
7.9,90.0,30.0,61.0,107.83735224586289,12480.0,10.0,9.106316776101327,34.0,29.7,66.13055459963577,real_fitbit_joined
6.866666666666666,90.0,30.0,58.0,98.23890942698706,11886.0,7.2,1.5882070671904813,33.0,27.64,77.24701483633466,real_fitbit_joined
1.2833333333333334,80.0,50.0,68.0,130.0587668593449,1982.0,6.4,1.2307785922579213,25.0,25.41,57.25126593830822,real_fitbit_joined
6.05,60.0,70.0,61.0,101.54278305963699,18952.0,10.0,1.2806482155515622,32.0,22.96,71.52042516233153,real_fitbit_joined
6.916666666666667,60.0,70.0,54.0,81.11024007839295,1831.0,10.0,8.954072964670832,35.0,32.74,53.34072843818181,real_fitbit_joined
7.2,60.0,70.0,66.0,138.0,8000.0,10.0,9.96541906148901,43.0,28.02,51.59140469218006,independent_sample
7.1,90.0,30.0,69.0,166.0,8000.0,9.6,7.8791804779278465,34.0,22.48,61.545758248088504,independent_sample
6.283333333333333,60.0,80.0,55.0,92.24769433465086,16556.0,9.6,5.68147151000794,50.0,20.13,63.85588329326738,real_fitbit_joined
7.9,60.0,80.0,71.0,168.0,8000.0,10.0,8.94174731566605,31.0,22.28,58.71375100719683,independent_sample
6.5,80.0,40.0,44.0,99.92120075046904,8964.0,10.0,8.989337644824698,59.0,30.22,60.36737305889514,real_fitbit_joined
6.1,70.0,60.0,65.0,115.66272448532632,10199.0,10.0,8.579070308221379,25.0,26.05,59.744207133852385,real_fitbit_joined
1.3166666666666667,90.0,30.0,67.0,96.1689393939394,4631.0,6.4,2.9410763715794546,46.0,22.23,51.55630744915769,real_fitbit_joined
7.6,80.0,40.0,56.0,127.0,8000.0,8.4,9.126054956727884,18.0,21.66,61.074764556526816,independent_sample
6.9,70.0,40.0,65.0,107.34679543459174,10148.0,10.0,9.548199219627316,48.0,28.43,59.69033285706263,real_fitbit_joined
7.7,80.0,50.0,68.0,138.0,8000.0,8.0,4.194966752487436,41.0,23.94,78.62409813327916,independent_sample
7.1,70.0,40.0,54.0,141.0,7000.0,10.0,6.7348132912745236,39.0,23.88,67.89041885456862,independent_sample
7.2,60.0,80.0,63.0,127.0,8000.0,10.0,6.432734805034376,54.0,27.55,58.49361213844065,independent_sample
6.6,60.0,80.0,69.0,132.0,6000.0,10.0,9.916112413591893,56.0,30.2,51.50356187421968,independent_sample
6.2,70.0,40.0,71.0,131.0,5000.0,10.0,1.0898089899260444,38.0,25.89,75.0152720329709,independent_sample
7.7,60.0,70.0,71.0,135.0,8000.0,10.0,6.682770290965387,32.0,24.84,63.37608220660498,independent_sample
6.133333333333334,80.0,50.0,49.0,91.47652347652348,10096.0,10.0,7.527318943736229,27.0,32.93,56.79445812522394,real_fitbit_joined
8.1,70.0,40.0,50.0,140.0,3700.0,10.0,7.965922403374863,58.0,23.51,65.3937190557055,independent_sample
7.25,70.0,60.0,46.0,93.39894636015326,7401.0,10.0,5.891975750025898,59.0,20.28,61.30272652550401,real_fitbit_joined
5.883333333333334,70.0,40.0,60.0,89.96766043456292,10001.0,6.0,9.557772060253694,27.0,18.1,62.49682279675709,real_fitbit_joined
7.35,70.0,60.0,56.0,103.66576454668471,10433.0,10.0,3.0796731692926427,37.0,22.67,70.52592259538837,real_fitbit_joined
6.4,80.0,40.0,72.0,167.0,6000.0,10.0,1.5940885972621741,59.0,33.07,79.43242253601838,independent_sample
6.0,80.0,40.0,68.0,137.0,10000.0,10.0,4.5321236760653205,41.0,25.75,68.3350028909501,independent_sample
8.5,80.0,50.0,68.0,158.0,5000.0,8.0,2.285652585707547,28.0,20.06,81.51620140002812,independent_sample
7.283333333333333,80.0,50.0,64.55,73.80434782608695,838.0,7.2,1.2284772009431038,36.0,21.3,78.59377907724492,real_fitbit_joined
6.6,60.0,80.0,68.0,120.0,6000.0,10.0,5.388650287004898,51.0,32.75,58.599218846651766,independent_sample
6.1,60.0,70.0,62.0,167.0,10000.0,8.0,2.670820344111187,52.0,26.46,65.70477262103245,independent_sample
4.083333333333333,80.0,50.0,65.0,97.97114118069692,7476.0,8.8,6.5675024039366585,22.0,35.47,56.07376677932651,real_fitbit_joined
6.316666666666666,90.0,30.0,52.0,107.31512415349887,13368.0,9.2,2.3671242416106493,25.0,19.91,75.28547525816373,real_fitbit_joined
6.3,90.0,30.0,55.0,135.0,6000.0,10.0,8.433803914372735,30.0,39.16,62.34398163274481,independent_sample
8.4,90.0,30.0,64.0,140.0,5000.0,8.8,9.680289885107305,43.0,28.88,67.57146729702596,independent_sample
7.8,60.0,70.0,63.0,169.0,8000.0,7.2,6.313129214128956,52.0,26.61,59.87382996937158,independent_sample
6.1,80.0,50.0,57.0,121.0,4200.0,10.0,7.426293800201708,49.0,15.72,57.59446259844137,independent_sample
7.566666666666666,70.0,60.0,47.0,81.15589541193883,4499.0,10.0,2.466409843732867,46.0,33.38,73.18488163524133,real_fitbit_joined
7.583333333333333,80.0,50.0,58.0,92.69698420296793,10320.0,10.0,9.91048465093837,53.0,24.75,62.18631798607122,real_fitbit_joined
7.2,60.0,80.0,50.0,149.0,7000.0,8.4,7.296756126599095,44.0,22.69,58.5815329395224,independent_sample
7.216666666666667,80.0,40.0,57.0,97.60278902384165,10946.0,10.0,7.442424682138797,21.0,45.43,64.11149126330045,real_fitbit_joined
6.6,80.0,50.0,50.0,167.0,6000.0,10.0,5.931635400763237,25.0,16.14,66.25674401001751,independent_sample
9.3,60.0,70.0,61.0,96.72630043753038,7444.0,10.0,7.646042883261939,29.0,33.04,68.8461009328027,real_fitbit_joined
6.55,80.0,50.0,62.0,109.67017543859649,12362.0,10.0,1.3361336987429298,56.0,40.71,76.53361528366493,real_fitbit_joined
10.0,80.0,50.0,62.0,100.16905311778291,9592.0,10.0,2.162434736363455,47.0,32.42,85.5824325510837,real_fitbit_joined
5.2,60.0,80.0,45.0,95.31601272534465,2862.0,10.0,6.72787224589273,23.0,18.62,51.288403317160785,real_fitbit_joined
7.4,90.0,30.0,61.0,129.0,8000.0,10.0,5.153297181622607,46.0,21.07,76.4089534374645,independent_sample
7.516666666666667,90.0,30.0,59.0,120.24580498866213,11835.0,7.6,4.348162772135049,28.0,24.01,74.188789073108,real_fitbit_joined
6.566666666666666,70.0,70.0,61.0,96.62704523580366,12109.0,8.8,8.759148555389055,56.0,33.97,55.53082309004446,real_fitbit_joined
7.5,60.0,80.0,62.0,140.0,8000.0,10.0,9.71259230845683,35.0,32.74,54.90479321342486,independent_sample
6.6,60.0,80.0,56.0,137.0,6000.0,6.0,8.854572254361416,42.0,21.87,50.860747315196754,independent_sample
7.8,70.0,40.0,54.0,148.0,8000.0,8.4,4.895344019885224,27.0,26.54,72.47742555136942,independent_sample
7.116666666666666,60.0,80.0,64.0,92.64671532846715,2121.0,8.4,7.31770189531933,34.0,30.4,60.35350790789695,real_fitbit_joined
6.633333333333334,80.0,40.0,59.0,102.44939467312349,8360.0,10.0,9.06482169931144,27.0,31.13,61.693273327966395,real_fitbit_joined
7.2,60.0,70.0,63.0,169.0,7000.0,6.0,5.614009533607748,33.0,23.78,65.02410560483106,independent_sample
7.65,60.0,80.0,47.0,98.09787234042552,7924.0,9.6,8.422128693326343,34.0,19.43,58.117352081249976,real_fitbit_joined
7.9,70.0,60.0,67.0,129.0,8000.0,8.4,3.2580374112199224,36.0,43.31,74.09711771344388,independent_sample
8.5,70.0,40.0,71.0,168.0,5000.0,7.6,3.235386343328202,26.0,19.91,73.0356959722615,independent_sample
6.0,80.0,40.0,63.0,127.0,10000.0,9.6,8.863287341197106,22.0,26.65,60.840178511101946,independent_sample
6.0,80.0,40.0,60.0,157.0,5000.0,10.0,6.05865514962314,52.0,27.85,66.12209945459551,independent_sample
8.1,70.0,40.0,50.0,156.0,7000.0,10.0,3.942384547042712,48.0,32.7,77.1748040114188,independent_sample
10.016666666666667,70.0,60.0,59.0,87.9021897810219,1022.0,8.0,4.835631720123756,28.0,20.06,79.26871362308839,real_fitbit_joined
7.6,90.0,30.0,50.0,153.0,8000.0,10.0,9.563416391591085,35.0,22.72,61.255493317266236,independent_sample
1.3666666666666667,90.0,40.0,58.0,93.96402473299607,12139.0,10.0,7.820614994179322,38.0,26.48,46.853043000167546,real_fitbit_joined
8.1,60.0,80.0,66.0,157.0,7000.0,10.0,1.3631574417372974,22.0,33.72,76.72334925439587,independent_sample
1.1,60.0,70.0,63.0,107.92268786127168,12084.0,10.0,6.736869113483859,19.0,23.98,43.32847691130512,real_fitbit_joined
5.483333333333333,60.0,80.0,51.0,84.991254919108,10181.0,10.0,1.5180288401497986,26.0,24.07,62.190734061337515,real_fitbit_joined
8.4,70.0,40.0,51.0,137.0,5000.0,10.0,9.529192233680236,52.0,21.63,62.226246812620815,independent_sample
7.2,60.0,70.0,58.0,120.0,7000.0,10.0,3.9821230639274567,52.0,15.24,68.37799493439775,independent_sample
6.6,70.0,70.0,70.0,164.0,6000.0,7.2,8.343522450717554,57.0,27.11,52.460258271514384,independent_sample
6.533333333333333,80.0,50.0,59.0,102.43229389149936,9799.0,6.8,3.2917658928738747,37.0,18.13,70.91986415182032,real_fitbit_joined
6.3,70.0,60.0,57.0,153.0,6000.0,8.4,9.061072998569008,32.0,27.74,55.8453879859258,independent_sample
6.65,60.0,70.0,59.0,112.6396933560477,12437.0,10.0,6.680247633975366,54.0,18.45,62.07134338270946,real_fitbit_joined
7.466666666666667,70.0,40.0,58.0,94.7200754005655,11423.0,10.0,7.264268170074757,21.0,45.43,68.90757046347929,real_fitbit_joined
8.4,60.0,80.0,66.0,163.0,5000.0,7.2,5.126707079937016,23.0,16.78,62.09561037436175,independent_sample
6.1,90.0,30.0,64.0,125.6437659033079,5893.0,6.8,2.000777340755362,37.0,22.44,73.08983196225049,real_fitbit_joined
8.4,80.0,50.0,54.0,132.0,5000.0,9.6,3.9103440590396867,33.0,45.14,78.81284147946447,independent_sample
6.6,60.0,80.0,74.0,166.0,6000.0,8.0,6.8647578442954895,50.0,24.55,50.80318134898095,independent_sample
7.1,60.0,80.0,74.0,156.0,8000.0,10.0,1.099281379857825,44.0,38.5,72.26697671103487,independent_sample
6.2,90.0,40.0,63.0,142.0,5000.0,10.0,2.339992452992002,40.0,15.75,72.43834775814398,independent_sample
7.2,70.0,60.0,56.0,158.0,5000.0,10.0,8.507301373006083,32.0,33.4,60.828807607893815,independent_sample
7.2,70.0,60.0,58.0,141.0,8000.0,10.0,8.729350940513392,33.0,19.49,59.29137611970391,independent_sample
7.3,70.0,60.0,56.0,128.0,5000.0,10.0,2.913799387339865,30.0,30.18,71.42840511255912,independent_sample
7.066666666666666,80.0,50.0,63.0,93.71524163568773,1467.0,10.0,2.3728513862283522,41.0,21.39,80.309907641269,real_fitbit_joined
7.2,90.0,30.0,69.0,158.0,7000.0,10.0,9.81083003657328,28.0,32.66,60.50495867078614,independent_sample
8.75,90.0,30.0,46.0,94.05631067961166,7439.0,9.2,8.846591749707088,45.0,20.55,70.88894557938461,real_fitbit_joined
6.3,70.0,60.0,52.0,123.0,6000.0,7.2,2.1707260284605225,23.0,16.78,66.27195132033611,independent_sample
8.5,80.0,40.0,73.0,129.0,5000.0,10.0,5.703189394030707,19.0,24.2,72.29109639874416,independent_sample
7.1,70.0,60.0,68.0,165.0,8000.0,10.0,4.352799463835957,43.0,29.34,71.15263653914613,independent_sample
6.516666666666667,60.0,80.0,69.0,98.85607008760951,1282.0,8.8,8.294979977036496,18.0,27.18,54.26991670742075,real_fitbit_joined
7.2,80.0,40.0,64.0,169.0,8000.0,10.0,7.637575235131062,18.0,21.66,66.85431775517343,independent_sample
3.7666666666666666,90.0,30.0,60.0,103.68772277227723,11728.0,8.8,5.628109945722504,36.0,18.65,62.33884724153422,real_fitbit_joined
7.2,90.0,30.0,58.0,122.0,7000.0,10.0,6.905456539129643,31.0,27.96,71.46584909526504,independent_sample
6.416666666666667,80.0,50.0,55.0,80.07186544342508,12252.0,8.8,3.338232229577438,36.0,18.65,71.91408832850391,real_fitbit_joined
7.466666666666667,80.0,40.0,58.0,94.7200754005655,11423.0,9.2,7.263767854843282,58.0,26.19,68.91206946641158,real_fitbit_joined
5.95,60.0,80.0,56.0,99.65567010309279,17022.0,10.0,2.085722839905407,25.0,29.26,65.50432704383181,real_fitbit_joined
7.8,60.0,80.0,50.0,145.0,8000.0,8.8,5.60999728731407,18.0,24.52,62.176535720700564,independent_sample
1.1,70.0,60.0,63.0,107.92268786127168,12084.0,8.0,2.630344145812123,35.0,16.99,52.329169340018204,real_fitbit_joined
7.8,60.0,70.0,54.0,125.0,8000.0,9.6,6.497020639681915,34.0,19.43,64.21159898067678,independent_sample
7.7,80.0,50.0,70.0,164.0,8000.0,10.0,3.1777941728534085,45.0,27.35,76.49462642990432,independent_sample
7.3,80.0,40.0,54.0,148.0,5000.0,9.6,9.262688969792356,47.0,22.18,63.574723202762684,independent_sample
6.0,70.0,40.0,52.0,165.0,5000.0,10.0,7.647377123190976,48.0,49.84,58.1664327994346,independent_sample
8.15,70.0,70.0,63.0,98.69517439082657,12342.0,6.8,7.684358690799829,47.0,17.47,61.42016367557595,real_fitbit_joined
6.8,70.0,60.0,72.0,143.0,5000.0,10.0,4.749092456340629,44.0,25.58,62.2033008634948,independent_sample
6.5,80.0,50.0,74.0,166.0,6000.0,10.0,1.1090869717950396,41.0,23.62,74.84915454766806,independent_sample
6.0,60.0,80.0,61.0,126.0,10000.0,10.0,2.998682836239885,28.0,28.09,64.39338108323082,independent_sample
10.5,70.0,60.0,69.0,94.8559796437659,5652.0,8.8,2.2869251384755227,26.0,30.89,90.88681674515831,real_fitbit_joined
6.1,60.0,80.0,58.0,132.0,10000.0,10.0,8.066705888335676,19.0,34.34,51.3373808071031,independent_sample
8.466666666666667,60.0,80.0,63.0,79.66167355371901,1551.0,10.0,3.793257630312164,23.0,24.97,70.74247049320655,real_fitbit_joined
8.0,90.0,30.0,58.0,134.0,7000.0,8.8,8.701264844537855,53.0,21.26,70.33471118294851,independent_sample
7.516666666666667,60.0,80.0,59.0,120.24580498866213,11835.0,9.2,9.176055052002654,54.0,18.67,58.88177007374543,real_fitbit_joined
7.75,80.0,50.0,58.0,104.06337709370756,11135.0,10.0,9.181292685990769,58.0,23.51,65.82062224849965,real_fitbit_joined
7.7,80.0,50.0,54.0,129.0,8000.0,6.8,9.562868293256491,26.0,25.73,55.427584641625444,independent_sample
6.6,70.0,60.0,56.0,143.0,6000.0,6.8,8.65554452057024,33.0,20.4,51.57251743668672,independent_sample
7.7,80.0,40.0,73.0,169.0,8000.0,10.0,3.6885301622989575,34.0,31.94,73.16813678168286,independent_sample
7.016666666666667,80.0,60.0,55.0,100.86001788908766,11393.0,10.0,9.585357193023286,40.0,15.61,60.04471504968115,real_fitbit_joined
7.2,80.0,50.0,56.0,131.0,7300.0,10.0,6.338994130966459,45.0,27.35,74.13479017519346,independent_sample
6.666666666666667,60.0,80.0,56.0,96.6335346028797,13239.0,10.0,7.471413146658209,19.0,23.98,52.744445534663434,real_fitbit_joined
7.45,80.0,50.0,50.0,95.73523809523809,8330.0,10.0,2.143544613866963,32.0,24.72,74.48560484994877,real_fitbit_joined
6.9,60.0,80.0,65.0,142.0,6800.0,8.4,9.466113206038065,32.0,37.74,52.519737225475204,independent_sample
8.2,70.0,40.0,60.0,157.0,7000.0,9.2,1.5188282397912238,27.0,19.71,85.20418752200426,independent_sample
6.05,80.0,40.0,61.0,101.54278305963699,18952.0,10.0,2.365073917594761,47.0,24.25,73.53981986387174,real_fitbit_joined
8.0,50.0,70.0,57.0,155.0,7000.0,10.0,6.019379436250396,57.0,26.79,67.01920156358588,independent_sample
8.8,70.0,40.0,53.0,88.60706521739131,3147.0,10.0,1.462832321358253,20.0,37.53,81.60613475008729,real_fitbit_joined
6.2,60.0,80.0,50.0,134.0,10000.0,10.0,7.594291455312524,54.0,27.55,52.15391428822427,independent_sample
6.983333333333333,90.0,30.0,55.0,95.79854576561164,14331.0,8.8,7.26418556248413,53.0,28.35,63.541759058683795,real_fitbit_joined
7.8,80.0,50.0,74.0,166.0,8000.0,6.0,7.229452075247187,33.0,23.95,62.87811888942823,independent_sample
5.883333333333334,80.0,40.0,67.0,100.34287867370007,7623.0,10.0,1.768127184943912,29.0,28.7,74.85864213779506,real_fitbit_joined
3.7666666666666666,60.0,80.0,60.0,103.68772277227723,11728.0,10.0,8.360507945575193,54.0,17.63,43.57955489722855,real_fitbit_joined
6.55,90.0,30.0,62.0,109.67017543859649,12362.0,10.0,4.388170301902447,54.0,22.64,75.06190223451732,real_fitbit_joined
6.233333333333333,80.0,40.0,57.0,82.423786407767,8328.0,10.0,6.342332081986438,33.0,12.85,64.86576033086602,real_fitbit_joined
7.8,80.0,50.0,63.0,133.0,8000.0,10.0,5.611273997912116,50.0,25.16,74.80766090711306,independent_sample
6.233333333333333,90.0,30.0,58.0,108.07702237521515,16901.0,10.0,6.752079440339504,34.0,34.92,67.68707629870339,real_fitbit_joined
8.783333333333333,80.0,40.0,59.0,99.77391304347826,10467.0,8.0,3.1387378959315972,43.0,16.76,80.73385206892695,real_fitbit_joined
8.75,60.0,80.0,46.0,94.05631067961166,7439.0,6.8,9.053446153848839,34.0,18.09,56.268430687340235,real_fitbit_joined
6.7,60.0,80.0,58.0,123.0,5600.0,10.0,4.556178168503529,54.0,23.09,62.88002070922944,independent_sample
6.066666666666666,50.0,70.0,58.0,96.20471851204594,5862.0,10.0,8.251031376550479,39.0,23.05,52.61471071269872,real_fitbit_joined
7.3,80.0,40.0,50.0,151.0,5000.0,8.0,8.543394774897783,55.0,15.92,59.79634000717248,independent_sample
5.966666666666667,80.0,50.0,61.0,116.70341098169717,12010.0,10.0,7.71440391338881,47.0,34.53,61.012256664570614,real_fitbit_joined
7.7,70.0,40.0,74.0,169.0,8000.0,10.0,8.114588148473965,36.0,14.78,65.87477263355545,independent_sample
7.2,60.0,70.0,55.0,154.0,7000.0,10.0,5.796620078962018,43.0,24.64,65.89456824136722,independent_sample
8.316666666666666,80.0,40.0,61.0,98.68643439584878,4853.0,10.0,5.038242603602776,50.0,18.23,77.35328687622305,real_fitbit_joined
7.35,60.0,80.0,56.0,103.66576454668471,10433.0,8.8,7.480328828914669,18.0,27.14,58.82630618925228,real_fitbit_joined
8.1,50.0,70.0,54.0,84.68608037274316,1219.0,10.0,7.755532764767725,42.0,26.84,63.316127326711,real_fitbit_joined
8.1,80.0,40.0,70.0,145.0,7000.0,9.6,1.0140859467232561,19.0,34.12,82.28082345842391,independent_sample
7.8,80.0,50.0,67.0,166.0,8000.0,10.0,8.695271814579417,51.0,25.35,66.15979419896152,independent_sample
6.3,60.0,80.0,71.0,130.0,6000.0,10.0,7.25176863004355,42.0,14.87,52.802059617973946,independent_sample
7.2,60.0,80.0,50.0,161.0,7000.0,8.4,1.5269583631958128,49.0,20.75,72.24827827211926,independent_sample
7.8,90.0,30.0,60.0,157.0,8000.0,10.0,4.810016297378778,59.0,34.24,76.48038942294988,independent_sample
6.0,80.0,50.0,61.0,162.0,5000.0,10.0,8.110273926763552,54.0,31.17,62.357920874672224,independent_sample
8.316666666666666,70.0,60.0,47.0,100.66298342541437,10494.0,10.0,7.641072250261916,42.0,17.77,65.16696857105158,real_fitbit_joined
8.516666666666667,90.0,30.0,73.0,97.04672897196262,7018.0,7.2,5.249934326457543,32.0,26.86,77.0473878521958,real_fitbit_joined
7.35,80.0,50.0,73.0,116.27704485488127,11761.0,8.0,7.23363357003548,21.0,17.33,60.9737864120918,real_fitbit_joined
2.85,80.0,50.0,59.0,103.09258160237388,7833.0,8.0,8.51772246030314,48.0,26.99,47.84247680716846,real_fitbit_joined
7.2,90.0,30.0,69.0,162.0,7000.0,10.0,3.5261489396437686,36.0,33.17,76.40634020571984,independent_sample
8.5,80.0,40.0,65.0,140.0,5000.0,9.2,4.309834157895606,33.0,23.2,76.26180179812738,independent_sample
8.1,80.0,60.0,60.0,146.0,3700.0,9.6,8.223271116218315,19.0,17.16,63.00371200478414,independent_sample
8.433333333333334,90.0,30.0,88.0,110.0,6017.0,10.0,7.55369880583243,41.0,43.31,59.984201480422904,real_fitbit_joined
5.9,70.0,60.0,65.0,131.0,3000.0,6.8,8.8938152291637,37.0,18.13,54.668206161521475,independent_sample
8.6,90.0,30.0,63.0,95.37914230019493,3587.0,10.0,3.019965146529946,44.0,36.46,81.12444148151205,real_fitbit_joined
7.2,70.0,60.0,54.0,135.0,8000.0,10.0,8.18842772489117,59.0,30.66,57.59496167436509,independent_sample
8.0,90.0,30.0,50.0,126.0,7000.0,7.2,5.362266584170423,22.0,15.14,70.65112916942189,independent_sample
1.2333333333333334,60.0,80.0,66.0,103.23147853736089,5129.0,10.0,9.04689283311221,43.0,20.71,29.35515960028774,real_fitbit_joined
6.3,60.0,80.0,50.0,162.0,6000.0,10.0,3.677936061869385,20.0,24.26,64.24011199582088,independent_sample
7.1,60.0,80.0,60.0,156.0,8000.0,8.4,8.920711788053124,39.0,13.88,52.03458419566243,independent_sample
6.2,80.0,50.0,65.0,140.0,5500.0,10.0,8.522433351194644,34.0,29.53,58.66805183571133,independent_sample
4.566666666666666,90.0,30.0,63.0,91.15162241887906,6176.0,8.8,8.225681037382103,18.0,27.18,63.15893838412762,real_fitbit_joined
6.4,80.0,40.0,59.0,86.12005928853755,2332.0,7.6,4.860946246375165,42.0,24.22,70.56392890205787,real_fitbit_joined
7.5,60.0,80.0,71.0,131.0,8000.0,10.0,7.040417260417198,27.0,30.76,58.932765590053535,independent_sample
8.483333333333333,70.0,60.0,57.0,118.56019332161686,14097.0,8.0,5.079599512732249,44.0,22.55,72.19611625109808,real_fitbit_joined
7.316666666666666,80.0,50.0,47.0,78.52028218694885,11193.0,10.0,8.741101574702842,52.0,40.09,50.938438303418216,real_fitbit_joined
6.1,70.0,50.0,53.0,158.0,10000.0,6.0,2.8084031979315083,52.0,31.41,68.47691651404303,independent_sample
8.1,80.0,50.0,50.0,148.0,7000.0,8.4,9.782863794190485,20.0,24.52,57.899264559550204,independent_sample
5.95,90.0,30.0,61.0,108.97277529459569,13217.0,9.2,5.874707931947802,33.0,23.2,68.46727741952076,real_fitbit_joined
8.3,60.0,70.0,74.0,156.0,5000.0,10.0,8.264399836283943,53.0,31.04,60.02921129516941,independent_sample
8.2,90.0,30.0,58.0,95.77142857142857,4477.0,10.0,4.589405028072104,51.0,32.75,73.67099131202372,real_fitbit_joined
7.7,60.0,80.0,60.0,127.0,8000.0,7.2,2.2527703121112594,23.0,26.16,71.16721923821338,independent_sample
10.316666666666666,80.0,30.0,55.0,78.76546391752578,4660.0,10.0,1.845837458567821,35.0,25.01,86.54944204602565,real_fitbit_joined
7.6,90.0,30.0,66.0,167.0,8000.0,8.4,1.350369669931007,32.0,37.74,84.37264609106909,independent_sample
6.316666666666666,80.0,40.0,56.0,95.43331836551414,9938.0,10.0,7.842050739007179,42.0,20.62,61.781074934281314,real_fitbit_joined
7.966666666666667,60.0,80.0,51.0,90.53748296228987,13236.0,10.0,4.973774512360393,41.0,26.64,67.0535039499265,real_fitbit_joined
7.2,70.0,60.0,60.0,126.0,7000.0,10.0,9.154999019192473,47.0,27.2,61.49577996683663,independent_sample
10.05,80.0,40.0,47.0,82.63835072031793,5206.0,10.0,4.662171646505835,57.0,23.53,79.36596108579629,real_fitbit_joined
7.9,90.0,30.0,64.0,145.0,8000.0,10.0,9.641220439649025,21.0,32.69,67.3554664250523,independent_sample
6.4,90.0,30.0,74.0,156.0,6000.0,7.2,3.8291510186537354,42.0,21.78,73.4810700150598,independent_sample
1.1666666666666667,80.0,50.0,68.0,122.81468531468532,16806.0,6.8,7.84921591848699,18.0,30.44,34.20487001366448,real_fitbit_joined
6.9,80.0,50.0,51.0,151.0,5500.0,10.0,8.40232507270925,19.0,28.41,56.79079914370453,independent_sample
7.316666666666666,60.0,80.0,47.0,78.52028218694885,11193.0,10.0,8.316109082170698,21.0,25.03,56.29102964868261,real_fitbit_joined
7.2,70.0,50.0,57.0,121.0,5000.0,6.4,3.368013129197586,52.0,16.8,72.58111625554037,independent_sample
7.3,80.0,50.0,53.0,140.0,5000.0,7.2,3.54230869579324,32.0,26.86,72.96918919585163,independent_sample
7.9,60.0,80.0,61.0,107.83735224586289,12480.0,10.0,6.56396256984635,50.0,22.31,59.785826289886565,real_fitbit_joined
6.65,90.0,30.0,53.0,97.59076212471132,12346.0,8.0,4.678607539882868,40.0,25.13,72.437193807698,real_fitbit_joined
7.1,60.0,80.0,61.0,142.0,7000.0,8.0,7.711604044581089,47.0,12.32,56.483489504887984,independent_sample
7.1,80.0,40.0,63.0,152.0,7000.0,8.4,1.6206221472077906,53.0,17.65,83.11987001224254,independent_sample
5.616666666666666,80.0,40.0,62.0,105.38860759493672,12409.0,10.0,3.5851509248867357,54.0,22.64,70.43860229334794,real_fitbit_joined
6.9,60.0,80.0,52.0,163.0,5500.0,10.0,3.3879352379992027,27.0,18.35,65.67608763204673,independent_sample
7.3,60.0,80.0,68.0,155.0,5000.0,10.0,3.6026870166635483,29.0,31.63,63.66553117105385,independent_sample
6.5,60.0,80.0,66.0,157.0,6000.0,6.0,8.026854274615959,33.0,15.24,54.01403816153409,independent_sample
10.316666666666666,90.0,30.0,55.0,78.76546391752578,4660.0,6.8,7.336717912893012,33.0,22.27,72.57469279402268,real_fitbit_joined
7.816666666666666,90.0,30.0,62.0,116.25631768953069,15448.0,10.0,4.693571442906954,44.0,15.5,79.7559880007992,real_fitbit_joined
8.2,70.0,60.0,65.0,153.0,7000.0,9.6,6.984864131283957,50.0,18.24,70.10400506704404,independent_sample
6.85,70.0,60.0,57.0,69.50108459869848,42.0,10.0,1.2281566907391177,53.0,17.11,74.43035911767556,real_fitbit_joined
7.2,40.0,80.0,61.0,131.0,7000.0,10.0,2.5062132901310292,40.0,24.31,68.44280279396143,independent_sample
7.866666666666666,60.0,80.0,47.0,90.81570109151973,22770.0,10.0,4.884935916067114,22.0,29.98,65.61171863737832,real_fitbit_joined
7.8,80.0,50.0,54.0,127.0,8000.0,10.0,3.760989395699271,46.0,14.36,74.96755126629516,independent_sample
6.866666666666666,60.0,80.0,45.0,92.45415057915058,9776.0,10.0,3.178405142762747,50.0,15.65,63.78712532268688,real_fitbit_joined
7.8,60.0,80.0,59.0,154.0,8000.0,10.0,3.5290404901784225,53.0,27.18,65.91015954619006,independent_sample
9.05,80.0,40.0,49.0,108.64182692307692,15764.0,10.0,4.359783846517777,57.0,14.07,76.77728208234478,real_fitbit_joined
8.3,70.0,60.0,68.0,149.0,5000.0,8.8,4.192941626523858,52.0,24.72,73.88844486318015,independent_sample
7.8,90.0,30.0,62.0,156.0,8000.0,10.0,6.85180983158338,47.0,17.75,76.08001757067545,independent_sample
8.2,70.0,60.0,61.0,97.57859680284191,11495.0,10.0,6.5631541641210625,45.0,16.5,69.95546342008554,real_fitbit_joined
7.7,50.0,70.0,64.0,132.0,8000.0,7.6,7.322864513813263,55.0,28.92,61.266197250755106,independent_sample
6.6,70.0,60.0,60.0,127.0,6000.0,10.0,9.487682539702368,37.0,30.74,54.81788188711959,independent_sample
8.0,70.0,70.0,53.0,130.0,7000.0,10.0,9.784124409512922,40.0,15.61,53.63611548133024,independent_sample
6.4,70.0,50.0,62.0,151.0,4100.0,8.0,2.264976708205247,47.0,12.32,73.18295666307212,independent_sample
7.6,60.0,70.0,66.0,146.0,8000.0,10.0,6.780929733147047,59.0,33.07,62.974221440724484,independent_sample
7.516666666666667,70.0,40.0,48.0,71.66283924843424,4363.0,10.0,4.58351824231849,29.0,32.51,68.16299088674909,real_fitbit_joined
7.8,70.0,60.0,66.0,138.0,8000.0,10.0,7.094085757615084,33.0,24.13,63.80586155869299,independent_sample
6.6,60.0,70.0,67.0,157.0,6000.0,10.0,7.056699601549892,32.0,22.96,60.05701986612929,independent_sample
6.1,70.0,60.0,50.0,128.0,10000.0,9.6,3.2410786249818093,34.0,30.1,66.98920318802254,independent_sample
7.2,70.0,70.0,61.0,132.0,8000.0,10.0,1.6413105498873275,57.0,27.7,72.92124471804586,independent_sample
9.266666666666667,80.0,40.0,63.0,89.24902723735408,5472.0,10.0,8.669633502866862,31.0,19.51,68.3779063987571,real_fitbit_joined
6.4,70.0,50.0,72.0,136.0,6000.0,10.0,5.218911689180553,21.0,31.31,65.45947861702713,independent_sample
6.7,80.0,50.0,63.0,100.15845070422536,14400.0,10.0,6.431037340432401,26.0,31.64,63.865584602002265,real_fitbit_joined
7.016666666666667,80.0,60.0,48.0,93.25023084025854,6393.0,8.0,7.9502029236699165,46.0,22.22,61.220603500984595,real_fitbit_joined
7.2,70.0,60.0,67.0,158.0,8000.0,10.0,2.317365929460242,33.0,22.33,75.42840518387398,independent_sample
7.7,80.0,50.0,51.0,125.0,8000.0,10.0,8.076503794456297,22.0,21.26,64.17039355455651,independent_sample
7.366666666666666,70.0,60.0,59.0,99.33434190620272,11404.0,10.0,9.319565758388773,50.0,36.47,59.51756581845006,real_fitbit_joined
8.616666666666667,90.0,30.0,58.0,85.43375959079283,6760.0,10.0,1.9618923078526946,56.0,40.71,88.37606124455876,real_fitbit_joined
7.35,70.0,60.0,73.0,116.27704485488127,11761.0,8.8,2.5930943584907213,49.0,18.18,70.94471170969697,real_fitbit_joined
7.1,70.0,70.0,50.0,148.0,7000.0,10.0,1.2267407256330642,39.0,26.64,76.52988204894211,independent_sample
6.1,90.0,30.0,65.0,115.66272448532632,10199.0,10.0,6.204521268965566,19.0,18.77,70.81971532330917,real_fitbit_joined
7.05,70.0,50.0,63.0,119.31631328429252,13417.0,10.0,4.448246754245477,30.0,35.79,77.84917374092657,real_fitbit_joined
7.016666666666667,70.0,40.0,48.0,93.25023084025854,6393.0,10.0,7.195621567849624,36.0,42.3,66.77197923879875,real_fitbit_joined
6.3,60.0,70.0,52.0,124.0,6000.0,10.0,5.9803407077479465,32.0,26.22,59.13636809835366,independent_sample
8.5,80.0,50.0,64.0,140.0,5000.0,9.6,4.7485398871349105,40.0,19.45,70.92207536576701,independent_sample
7.333333333333333,60.0,70.0,59.0,116.14836396234872,12627.0,9.2,1.2842753034307783,36.0,23.76,73.95647936164941,real_fitbit_joined
10.05,80.0,50.0,47.0,82.63835072031793,5206.0,10.0,1.3741557314535289,42.0,20.62,84.36771424256196,real_fitbit_joined
9.016666666666667,60.0,80.0,62.0,89.28435754189944,4188.0,9.2,2.870976296314246,45.0,26.57,77.81148621404844,real_fitbit_joined
7.966666666666667,90.0,30.0,59.0,103.84647077957281,10252.0,10.0,2.0446537645622462,20.0,29.49,87.74258347329432,real_fitbit_joined
8.15,70.0,40.0,63.0,98.69517439082657,12342.0,10.0,9.87975620651058,44.0,15.5,67.3644406836737,real_fitbit_joined
7.6,70.0,60.0,62.0,169.0,8000.0,10.0,2.3391637246460406,20.0,20.88,77.45216243327164,independent_sample
6.6,40.0,80.0,54.0,146.0,6000.0,10.0,9.189488294689529,41.0,19.44,50.68426920966961,independent_sample
7.816666666666666,60.0,80.0,62.0,116.25631768953069,15448.0,10.0,6.347176438169216,36.0,25.42,58.806655598609574,real_fitbit_joined
7.283333333333333,80.0,40.0,64.55,73.80434782608695,838.0,7.2,9.954170403817917,57.0,26.36,60.42616344519037,real_fitbit_joined
7.5,60.0,80.0,59.0,154.0,8000.0,8.0,4.365289423115322,28.0,20.06,72.04239042910245,independent_sample
7.8,80.0,40.0,69.0,137.0,8000.0,10.0,6.795138281870176,21.0,21.77,71.46594277727922,independent_sample
6.866666666666666,90.0,30.0,45.0,92.45415057915058,9776.0,6.0,5.884264748424236,53.0,15.43,64.42321699441321,real_fitbit_joined
6.1,90.0,30.0,74.0,147.0,10000.0,10.0,7.6887387885844305,23.0,24.84,61.224480739974595,independent_sample
7.316666666666666,80.0,60.0,63.0,86.94711538461539,2283.0,9.2,9.981406994800038,45.0,20.55,56.17832842785637,real_fitbit_joined
7.55,80.0,50.0,57.0,114.65259348612787,11611.0,10.0,5.83395887636693,43.0,19.37,67.0016162136247,real_fitbit_joined
7.2,70.0,60.0,73.0,120.0,7000.0,9.2,5.57524492224652,45.0,18.7,57.68107288192335,independent_sample
8.5,70.0,60.0,71.0,149.0,5000.0,10.0,9.33744346057078,56.0,38.73,57.13280024265997,independent_sample
6.75,70.0,60.0,60.0,87.72509578544062,7804.0,10.0,3.0899142563213555,49.0,23.73,72.98265061824078,real_fitbit_joined
8.85,70.0,50.0,54.0,82.38741044012282,1320.0,9.2,3.3109891094845714,56.0,19.67,79.28674867733541,real_fitbit_joined
6.3,60.0,80.0,60.0,126.0,6000.0,8.0,8.541175373666231,38.0,30.43,56.106701362190904,independent_sample
7.2,80.0,50.0,73.0,132.0,7000.0,8.8,8.100392245984064,53.0,31.3,58.1770952080199,independent_sample
6.166666666666667,70.0,60.0,59.0,89.72397959183674,5563.0,9.6,3.8053996848046987,37.0,30.89,70.4305320324442,real_fitbit_joined
6.5,90.0,30.0,73.0,125.0,6000.0,10.0,4.345653654156973,31.0,18.79,75.59438243585083,independent_sample
2.05,70.0,60.0,67.0,138.01760563380282,6543.0,6.0,3.442141285965063,53.0,15.43,48.71500550141174,real_fitbit_joined
5.783333333333333,70.0,60.0,56.0,77.26037735849057,10538.0,8.4,2.0851019719955093,54.0,22.1,69.45099521741774,real_fitbit_joined
8.4,70.0,60.0,59.0,136.0,5000.0,10.0,9.985127602536547,24.0,27.53,66.10811097583473,independent_sample
6.0,60.0,60.0,69.0,161.0,10000.0,10.0,7.920305038968769,35.0,32.74,55.317566288247185,independent_sample
7.6,80.0,50.0,54.0,156.0,8000.0,10.0,3.82444127401974,58.0,23.51,75.97461558277847,independent_sample
8.1,60.0,80.0,67.0,166.0,3700.0,8.4,4.869379696511333,28.0,33.86,67.45212000663587,independent_sample
6.0,90.0,30.0,52.0,129.0,5000.0,8.8,8.240451781886401,53.0,31.3,64.27046878284409,independent_sample
6.766666666666667,90.0,30.0,45.0,106.9023075860163,14269.0,10.0,6.331670061935658,50.0,31.14,65.30122966683237,real_fitbit_joined
7.583333333333333,60.0,80.0,52.0,70.86292498650836,4832.0,10.0,2.454658426851524,28.0,29.61,73.19883937838728,real_fitbit_joined
8.5,70.0,60.0,52.0,165.0,5000.0,10.0,5.68152903079676,59.0,19.5,71.3667871464085,independent_sample
5.883333333333334,80.0,40.0,60.0,89.96766043456292,10001.0,7.2,5.057554342637189,28.0,29.62,66.62351975233351,real_fitbit_joined
6.8,90.0,30.0,56.0,136.0,5000.0,9.6,8.390784542952039,51.0,25.02,64.10100149882489,independent_sample
6.3,60.0,80.0,66.0,158.0,6000.0,10.0,7.86072362050864,50.0,16.28,53.995447178713725,independent_sample
6.5,80.0,40.0,69.0,128.0,6000.0,8.4,9.980387701137804,22.0,27.47,57.757417440648155,independent_sample
6.0,70.0,60.0,52.0,120.0,5000.0,10.0,3.8386620617321148,50.0,15.42,64.64496967697687,independent_sample
7.7,70.0,40.0,63.0,134.0,8000.0,10.0,3.4322292291770493,43.0,21.0,78.34785726896402,independent_sample
7.2,80.0,60.0,67.0,130.0,7000.0,10.0,1.235770376788583,21.0,31.31,77.28587367270825,independent_sample
1.0333333333333334,80.0,50.0,51.0,81.03393541324576,10218.0,10.0,2.4053733762957132,43.0,33.8,55.056163791877545,real_fitbit_joined
6.1,90.0,30.0,65.0,140.0,10000.0,10.0,7.256300986428344,54.0,27.92,62.94158357605159,independent_sample
10.966666666666667,70.0,60.0,52.0,68.11269208878771,2713.0,10.0,6.331731119758382,22.0,27.05,77.21380142074851,real_fitbit_joined
7.2,60.0,80.0,66.0,137.0,7000.0,7.2,6.727612331650663,25.0,16.42,54.42906847636829,independent_sample
5.483333333333333,60.0,80.0,51.0,84.991254919108,10181.0,10.0,2.147397960987842,33.0,41.6,68.84889162983106,real_fitbit_joined
1.2833333333333334,70.0,40.0,68.0,130.0587668593449,1982.0,10.0,6.312076001821784,36.0,27.69,43.77527991718311,real_fitbit_joined
4.583333333333333,90.0,30.0,69.0,116.62295973884657,13987.0,8.8,8.362132893302437,19.0,23.93,55.30989101523952,real_fitbit_joined
6.4,80.0,50.0,61.0,143.0,6000.0,9.2,7.889616090919988,28.0,26.47,60.719501782753056,independent_sample
8.3,70.0,60.0,57.0,153.0,5000.0,9.6,2.4406447145911567,47.0,18.26,74.58321619977127,independent_sample
8.0,80.0,50.0,64.0,151.0,7000.0,10.0,2.368223678157833,23.0,23.77,83.38357143331446,independent_sample
7.9,80.0,40.0,60.0,107.34586466165413,10449.0,10.0,3.638896945282581,50.0,23.27,81.07437211632183,real_fitbit_joined
7.016666666666667,80.0,50.0,48.0,93.25023084025854,6393.0,10.0,8.018879912718614,28.0,32.34,57.6202147989931,real_fitbit_joined
6.6,60.0,80.0,72.0,165.0,4800.0,10.0,5.766937515510579,42.0,27.55,58.134528647831274,independent_sample
1.65,90.0,30.0,58.0,118.52189781021897,11009.0,8.0,7.124493718672418,55.0,15.92,47.8646269560441,real_fitbit_joined
7.716666666666667,40.0,80.0,59.0,73.91745036572622,4926.0,7.2,6.698362380346201,32.0,26.86,56.71204768920759,real_fitbit_joined
8.0,60.0,80.0,62.0,151.0,7000.0,6.8,8.263638134800328,26.0,23.07,62.81295907418633,independent_sample
12.916666666666666,60.0,70.0,59.0,73.0040369088812,1202.0,6.4,9.43505638512806,22.0,19.71,73.63838021226184,real_fitbit_joined
6.0,70.0,60.0,73.0,160.0,5000.0,10.0,9.01193502372557,43.0,25.56,52.02755952355371,independent_sample
6.2,70.0,40.0,63.0,164.0,5500.0,10.0,6.845580367367026,49.0,39.3,65.57568443157838,independent_sample
7.2,70.0,70.0,51.0,153.0,7300.0,8.4,7.319314865636465,54.0,22.1,57.598815239144585,independent_sample
8.15,60.0,70.0,63.0,98.69517439082657,12342.0,10.0,2.5939961146634403,56.0,24.37,74.23071385305931,real_fitbit_joined
7.9,70.0,60.0,57.0,153.0,8000.0,10.0,2.985507574400901,54.0,29.17,76.26199629549839,independent_sample
8.15,80.0,50.0,63.0,98.69517439082657,12342.0,10.0,5.248602505989993,37.0,16.22,75.98177837062637,real_fitbit_joined
6.916666666666667,90.0,30.0,54.0,81.11024007839295,1831.0,10.0,1.610533531946547,39.0,30.47,77.43164488513973,real_fitbit_joined
4.083333333333333,90.0,40.0,65.0,97.97114118069692,7476.0,9.2,9.994723531936,43.0,15.5,54.39634688263074,real_fitbit_joined
6.55,80.0,40.0,61.0,95.64293478260869,3403.0,9.2,3.4679368211380304,19.0,27.34,72.92695385544181,real_fitbit_joined
7.066666666666666,70.0,50.0,48.0,92.59003291020217,6805.0,10.0,1.8745884439369167,29.0,27.52,73.51118104049976,real_fitbit_joined
8.4,70.0,40.0,69.0,133.0,5000.0,9.6,2.3270727403565554,18.0,26.33,81.98546091163476,independent_sample
6.5,80.0,50.0,50.0,142.0,6000.0,9.2,8.13335604659545,54.0,44.66,56.1720004124566,independent_sample
7.2,70.0,60.0,61.0,129.0,8000.0,10.0,6.5164562424507295,51.0,19.02,64.77466920001721,independent_sample
7.1,70.0,40.0,64.0,140.0,7000.0,10.0,8.649778343325957,47.0,21.81,66.74325583281136,independent_sample
7.2,90.0,30.0,66.0,134.0,8000.0,9.2,7.964916901571407,38.0,30.68,66.42289654369954,independent_sample
7.1,90.0,40.0,70.0,151.0,7000.0,10.0,7.551453762763886,46.0,21.05,62.21737985576112,independent_sample
6.1,90.0,30.0,50.0,139.0,5000.0,10.0,5.749097195995255,26.0,24.91,71.02924535374856,independent_sample
8.0,90.0,30.0,65.0,129.0,7000.0,10.0,4.128143718150839,31.0,30.43,78.1144936257473,independent_sample
8.5,80.0,40.0,60.0,132.0,5000.0,10.0,1.6085130723299341,30.0,22.43,84.03083666249266,independent_sample
9.65,90.0,30.0,61.0,91.79057071960298,7485.0,10.0,9.91454627800606,20.0,20.29,63.81283042334741,real_fitbit_joined
7.866666666666666,90.0,30.0,61.0,95.65979875419262,10254.0,9.2,7.044158760335196,42.0,25.35,72.3110411398548,real_fitbit_joined
7.216666666666667,70.0,40.0,57.0,97.60278902384165,10946.0,8.4,8.402835186308522,53.0,30.59,65.16469143409869,real_fitbit_joined
6.8,70.0,70.0,73.0,143.0,6000.0,10.0,1.6184230995156488,40.0,24.31,70.07722298934232,independent_sample
7.483333333333333,60.0,80.0,53.0,96.20393474088291,12574.0,6.8,1.2188436978830846,57.0,14.88,71.30918757767486,real_fitbit_joined
7.15,70.0,40.0,75.0,99.83423618634886,1988.0,10.0,5.218238438154732,50.0,18.23,68.35856978311857,real_fitbit_joined
9.65,80.0,50.0,61.0,91.79057071960298,7485.0,10.0,3.571408776536747,42.0,20.62,84.88651723508814,real_fitbit_joined
6.9,90.0,30.0,52.0,124.0,5500.0,10.0,3.62996407415708,56.0,15.07,78.74695944095957,independent_sample
7.2,60.0,70.0,73.0,126.0,7000.0,7.2,1.0752731368917139,22.0,22.85,71.084770150949,independent_sample
8.2,70.0,60.0,54.0,142.0,7000.0,10.0,7.692345245589038,32.0,18.79,67.76218270138861,independent_sample
8.4,70.0,60.0,72.0,143.0,5000.0,10.0,3.30877056199823,30.0,17.06,74.06406219428915,independent_sample
7.2,80.0,50.0,64.0,160.0,7000.0,10.0,4.640746470164827,38.0,27.84,73.54306889991317,independent_sample
6.5,90.0,30.0,67.0,166.0,4000.0,8.8,6.588357107305881,43.0,13.38,71.23124211922969,independent_sample
10.316666666666666,60.0,80.0,55.0,87.22557349192863,4599.0,10.0,7.938704619591049,20.0,25.62,64.64733011304224,real_fitbit_joined
13.183333333333334,80.0,50.0,57.0,73.87310499719258,2937.0,10.0,7.111920872300407,59.0,19.5,89.78179775299232,real_fitbit_joined
6.1,40.0,80.0,63.0,142.0,10000.0,8.8,9.795771171923533,43.0,28.88,51.272951841327966,independent_sample
6.233333333333333,80.0,50.0,58.0,108.07702237521515,16901.0,10.0,4.8269215402231005,45.0,23.17,73.72344871891727,real_fitbit_joined
7.7,70.0,40.0,73.0,138.0,8000.0,10.0,7.025382596783711,50.0,31.75,71.90838430702709,independent_sample
6.0,70.0,70.0,50.0,130.0,5000.0,10.0,6.246334511238368,44.0,20.12,57.3920003597503,independent_sample
12.366666666666667,80.0,50.0,55.0,71.5053974484789,1515.0,9.2,1.7572596849554394,25.0,29.71,92.08767890293299,real_fitbit_joined
6.5,90.0,30.0,65.0,139.0,6000.0,7.2,4.503074245226096,22.0,22.85,71.31759655001761,independent_sample
7.25,60.0,80.0,46.0,93.42785843920146,10461.0,9.2,4.226191556898454,43.0,15.5,63.54024899628828,real_fitbit_joined
8.2,80.0,40.0,73.0,143.0,7000.0,10.0,3.8934613112309377,29.0,33.04,74.37032801876404,independent_sample
6.2,70.0,60.0,72.0,143.0,10000.0,10.0,5.671538118174434,36.0,18.42,61.56883890458092,independent_sample
8.0,70.0,50.0,67.0,130.0,7000.0,10.0,4.1080775702039904,46.0,18.62,73.38687699742371,independent_sample
8.1,80.0,50.0,71.0,131.0,3700.0,10.0,5.466328775941254,24.0,18.76,70.74178023727283,independent_sample
9.216666666666667,90.0,30.0,57.0,71.351776354106,1807.0,8.0,7.961258131179406,52.0,26.46,72.03212020698685,real_fitbit_joined
8.2,70.0,60.0,54.0,153.0,10000.0,10.0,9.21958252818613,45.0,14.85,56.373778097214036,independent_sample
6.1,80.0,40.0,74.0,169.0,10000.0,8.4,4.99042012941269,53.0,13.95,63.171003013745604,independent_sample
8.2,80.0,50.0,73.0,134.0,10000.0,10.0,5.868145034542727,47.0,24.51,68.82759497019855,independent_sample
6.65,70.0,60.0,59.0,112.6396933560477,12437.0,9.6,8.153301731874835,55.0,26.43,59.06350449018895,real_fitbit_joined
7.8,60.0,80.0,71.0,161.0,8000.0,8.4,3.573161103152441,30.0,18.33,71.97195975662362,independent_sample
6.4,80.0,40.0,72.0,143.0,4100.0,10.0,6.198340292930418,28.0,17.2,65.16420766216824,independent_sample
6.533333333333333,40.0,80.0,49.0,106.66451458632234,12087.0,8.8,2.6930904375138516,28.0,26.14,65.51527523348885,real_fitbit_joined
7.6,70.0,60.0,74.0,124.0,8000.0,8.8,6.612839004612395,50.0,20.11,59.01506217066923,independent_sample
6.1,80.0,40.0,57.0,132.0,4200.0,10.0,9.186641374929332,22.0,19.06,57.27252160360754,independent_sample
8.3,90.0,30.0,65.0,169.0,5000.0,10.0,2.596858925227362,26.0,23.84,85.16515132536345,independent_sample
8.4,60.0,80.0,54.0,146.0,5000.0,8.8,5.50561841263376,58.0,29.88,62.83997365603548,independent_sample
7.416666666666667,70.0,40.0,61.0,87.92023065833733,10129.0,10.0,9.794567657991855,45.0,23.17,62.6272568412202,real_fitbit_joined
2.1,90.0,30.0,62.0,103.66447728516694,13743.0,6.4,1.994267018182552,45.0,16.35,65.21660268641585,real_fitbit_joined
13.183333333333334,80.0,50.0,57.0,73.87310499719258,2937.0,9.6,2.503305514828677,38.0,16.01,92.60330112106097,real_fitbit_joined
6.5,60.0,80.0,52.0,151.0,6000.0,9.2,3.8067747212519487,45.0,26.57,62.64107701083603,independent_sample
7.283333333333333,80.0,50.0,64.55,73.80434782608695,838.0,9.6,8.199244768358703,37.0,24.21,63.66131872651949,real_fitbit_joined
6.45,80.0,50.0,62.0,95.34040062434964,6107.0,10.0,1.5067294811365362,54.0,27.92,75.10782444815328,real_fitbit_joined
7.3,90.0,30.0,54.0,125.0,8000.0,10.0,4.21326409573011,31.0,17.91,77.95781448213864,independent_sample
8.5,60.0,70.0,63.0,142.0,5000.0,10.0,6.860328263935067,37.0,23.22,68.3509919230107,independent_sample
6.6,60.0,70.0,74.0,145.0,6000.0,8.0,5.34735727803001,50.0,24.55,58.92705272525459,independent_sample
6.55,80.0,50.0,61.0,95.64293478260869,3403.0,10.0,5.72280788469014,39.0,26.64,68.42491741682315,real_fitbit_joined
7.1,80.0,50.0,69.0,155.0,7000.0,10.0,5.635050937387508,18.0,18.12,65.97622294152578,independent_sample
6.1,60.0,80.0,63.0,125.0,10000.0,10.0,3.1588670148035023,56.0,25.86,65.19708163191073,independent_sample
10.05,60.0,70.0,47.0,82.63835072031793,5206.0,8.4,9.556428757689245,52.0,25.98,59.52998378286356,real_fitbit_joined
6.2,80.0,40.0,72.0,141.0,5500.0,10.0,4.551184680378817,26.0,42.63,71.98388471161073,independent_sample
7.3,80.0,50.0,61.0,121.0,3500.0,6.0,4.188441944954941,23.0,26.26,70.07726176783818,independent_sample
6.6,60.0,80.0,67.0,120.0,6000.0,9.6,5.995764543720576,39.0,26.13,58.72234700248325,independent_sample
6.3,60.0,80.0,70.0,120.0,6000.0,10.0,1.2127472744170276,21.0,21.77,64.40962393275879,independent_sample
7.2,70.0,60.0,69.0,162.0,8000.0,10.0,5.250536237466836,27.0,36.95,69.08859715811946,independent_sample
7.1,60.0,70.0,52.0,141.0,6000.0,8.0,8.392495266106248,58.0,26.43,51.44799490510951,independent_sample
6.4,70.0,40.0,66.0,124.0,6000.0,10.0,2.7109688480535485,50.0,31.14,75.29025923002483,independent_sample
7.1,90.0,30.0,68.0,137.0,7000.0,10.0,5.612523838932985,19.0,23.59,71.80010965456754,independent_sample
6.7,60.0,70.0,63.0,100.15845070422536,14400.0,10.0,4.111263941535275,50.0,36.8,68.53800382952802,real_fitbit_joined
7.366666666666666,70.0,60.0,60.0,95.29390187987161,9471.0,9.6,6.767872703228932,41.0,14.87,65.22876503802752,real_fitbit_joined
8.5,80.0,40.0,67.0,152.0,5000.0,10.0,6.536974944079098,23.0,16.8,70.09697358559757,independent_sample
8.1,70.0,60.0,71.0,150.0,7000.0,10.0,5.160660049005465,55.0,25.49,70.96736562139091,independent_sample
8.4,70.0,40.0,55.0,138.0,5000.0,10.0,3.0278523695611157,40.0,19.63,81.5979197564356,independent_sample
7.5,80.0,50.0,56.0,97.84070175438596,12764.0,10.0,1.577880433676207,43.0,24.16,84.68014038601085,real_fitbit_joined
8.1,90.0,30.0,68.0,158.0,3700.0,10.0,1.1972199589750807,37.0,30.74,86.41192213712408,independent_sample
8.4,80.0,50.0,61.0,140.0,5000.0,10.0,9.618627560548422,52.0,13.82,62.64252611690389,independent_sample
7.9,90.0,30.0,61.0,107.83735224586289,12480.0,10.0,3.3191459966009234,56.0,16.97,85.11315057286387,real_fitbit_joined
5.783333333333333,80.0,40.0,56.0,77.26037735849057,10538.0,10.0,6.460435417445703,56.0,20.55,63.45584167629122,real_fitbit_joined
7.6,60.0,80.0,74.0,127.0,8000.0,10.0,2.674912760616496,47.0,24.51,69.05009901018444,independent_sample
6.416666666666667,70.0,40.0,55.0,80.07186544342508,12252.0,10.0,6.105809976660132,21.0,32.69,62.755939491661145,real_fitbit_joined
8.516666666666667,60.0,80.0,56.0,84.20750347383047,5029.0,8.8,2.282459886113619,53.0,31.3,75.39463637960931,real_fitbit_joined
6.0,60.0,70.0,68.0,141.0,5000.0,10.0,6.896563430719042,23.0,29.46,57.215884899510485,independent_sample
6.05,90.0,30.0,57.0,77.7039627039627,2483.0,7.2,5.646703134710758,31.0,26.47,68.11306912300864,real_fitbit_joined
6.1,90.0,30.0,53.0,158.0,5000.0,10.0,9.935351550991633,56.0,15.07,56.898173094822845,independent_sample
7.7,80.0,50.0,54.0,169.0,8000.0,10.0,7.732658614865789,49.0,26.77,64.33024319281016,independent_sample
8.3,80.0,50.0,74.0,169.0,5000.0,7.6,1.395099483787046,28.0,24.01,76.99783985928906,independent_sample
6.1,70.0,50.0,59.0,134.0,10000.0,10.0,2.8826691886713505,57.0,30.63,76.40146731516654,independent_sample
7.866666666666666,80.0,40.0,61.0,95.65979875419262,10254.0,10.0,8.018658900040148,41.0,19.44,65.85212291941497,real_fitbit_joined
6.0,80.0,50.0,53.0,153.0,5000.0,7.2,2.0472975809692846,42.0,21.78,66.7288600114127,independent_sample
1.0333333333333334,90.0,30.0,51.0,81.03393541324576,10218.0,10.0,8.355679929662443,49.0,23.73,43.5380957629209,real_fitbit_joined
6.4,80.0,50.0,69.0,137.0,6000.0,10.0,5.338369523008743,43.0,25.44,67.7100686383174,independent_sample
5.783333333333333,70.0,40.0,56.0,77.26037735849057,10538.0,7.2,9.54568561291878,48.0,18.98,54.24114047106259,real_fitbit_joined
7.483333333333333,80.0,50.0,53.0,96.20393474088291,12574.0,10.0,5.2066136012488275,22.0,33.72,68.07056166125923,real_fitbit_joined
7.8,90.0,30.0,55.0,153.0,8000.0,8.8,5.048061839391902,34.0,35.19,69.855651857206,independent_sample
5.366666666666666,60.0,80.0,61.0,93.4197794779478,4496.0,7.2,1.109390272208347,49.0,29.56,65.13828216165692,real_fitbit_joined
6.8,60.0,70.0,63.0,147.0,6000.0,9.2,4.063483938290551,28.0,24.13,70.5221373446971,independent_sample
6.1,80.0,60.0,62.0,153.0,5000.0,7.2,6.636108892789575,49.0,29.56,57.74568260637471,independent_sample
6.1,90.0,30.0,64.0,132.0,10000.0,10.0,1.3025224016495436,45.0,23.81,82.09099660964496,independent_sample
6.766666666666667,60.0,60.0,45.0,106.9023075860163,14269.0,8.4,6.26818927957077,54.0,22.1,55.928074311021376,real_fitbit_joined
6.4,80.0,40.0,60.0,157.0,6000.0,9.6,1.7061023468541157,25.0,14.74,82.74564948917501,independent_sample
7.3,60.0,80.0,69.0,158.0,8000.0,7.6,9.108648061214211,42.0,24.22,52.565368949256666,independent_sample
7.6,70.0,40.0,59.0,129.0,8000.0,10.0,4.7076228553069175,39.0,32.32,72.57155086102844,independent_sample
7.6,70.0,40.0,65.0,165.0,8000.0,8.4,1.6508482773214475,58.0,30.49,78.53110961006658,independent_sample
6.1,60.0,80.0,50.0,162.0,10000.0,10.0,6.342947120876846,30.0,30.18,53.67434567742061,independent_sample
7.866666666666666,40.0,80.0,47.0,90.81570109151973,22770.0,10.0,2.254204666655417,56.0,31.53,73.13219733496932,real_fitbit_joined
6.5,40.0,80.0,64.0,144.0,4000.0,10.0,7.350272763794422,24.0,28.77,62.3805483262997,independent_sample
6.1,60.0,70.0,61.0,167.0,10000.0,9.2,2.9759853090682173,41.0,26.47,69.76324611599242,independent_sample
6.0,70.0,50.0,59.0,130.0,5000.0,9.2,4.4256096412892205,38.0,30.68,68.60268651801344,independent_sample
7.9,60.0,60.0,60.0,120.0,8000.0,7.6,5.709966680752672,24.0,15.02,74.81755176348322,independent_sample
6.7,90.0,30.0,63.0,152.0,5600.0,6.0,8.943038890951126,48.0,25.89,60.134640022835455,independent_sample
7.7,70.0,60.0,55.0,130.0,8000.0,10.0,6.977974464900714,39.0,21.65,67.23314340530301,independent_sample
4.583333333333333,80.0,40.0,69.0,116.62295973884657,13987.0,10.0,1.0416882070414257,30.0,35.79,69.51631971128529,real_fitbit_joined
6.8,90.0,30.0,72.0,153.0,6000.0,10.0,5.1554452943180715,47.0,19.69,69.71366441924252,independent_sample
6.866666666666666,80.0,50.0,48.0,109.7082774049217,12363.0,9.2,9.75709499277201,59.0,22.15,51.470642095274044,real_fitbit_joined
7.05,60.0,70.0,63.0,119.31631328429252,13417.0,10.0,6.493004049798265,37.0,23.35,62.446319349153306,real_fitbit_joined
8.3,70.0,40.0,56.0,144.0,5000.0,10.0,2.6142040926031687,49.0,16.01,77.76611114235762,independent_sample
6.2,70.0,60.0,55.0,144.0,10000.0,6.0,3.699272003562862,31.0,23.88,66.52654419473153,independent_sample
7.1,90.0,30.0,58.0,93.51746132993144,2993.0,8.4,2.6329451292606425,43.0,22.44,78.82530738919462,real_fitbit_joined
7.8,50.0,70.0,69.0,126.0,8000.0,10.0,3.4426844240204293,30.0,30.4,66.77568545261938,independent_sample
7.9,80.0,40.0,61.0,134.0,8000.0,9.6,4.228439728753122,50.0,13.03,78.50180058508889,independent_sample
7.8,80.0,40.0,54.0,142.0,8000.0,10.0,7.084236592472927,18.0,27.68,67.59035945789574,independent_sample
7.2,90.0,40.0,65.0,149.0,8000.0,10.0,7.4255736925593085,51.0,33.61,67.47470541266986,independent_sample
6.5,80.0,50.0,72.0,149.0,6000.0,10.0,2.277747907848945,38.0,15.8,76.35008212201109,independent_sample
8.0,60.0,80.0,58.0,90.0301568154403,4592.0,10.0,6.09158767596212,37.0,22.67,63.432627090531206,real_fitbit_joined
6.85,80.0,40.0,61.0,87.1576059850374,5454.0,10.0,5.524111209059753,36.0,32.73,73.86592835284038,real_fitbit_joined
8.3,70.0,60.0,63.0,102.63363636363637,7336.0,10.0,5.430500708032313,47.0,22.81,70.81980726278204,real_fitbit_joined
7.033333333333333,70.0,60.0,60.0,110.0524492825334,10081.0,9.6,1.6061554132189453,22.0,14.59,82.28929774484821,real_fitbit_joined
7.45,90.0,30.0,53.0,70.48880597014926,4249.0,10.0,2.2313676782706526,40.0,26.74,80.49921668969742,real_fitbit_joined
7.583333333333333,70.0,40.0,58.0,92.69698420296793,10320.0,10.0,7.19097150070732,27.0,33.2,67.40036577132327,real_fitbit_joined
6.516666666666667,60.0,80.0,55.0,91.00980872976949,4068.0,10.0,4.069597159452327,58.0,21.27,65.04942881159346,real_fitbit_joined
6.5,60.0,80.0,74.0,133.0,4000.0,6.4,9.830293586126396,25.0,23.75,47.087625551051424,independent_sample
6.2,60.0,70.0,70.0,128.0,5000.0,10.0,2.81814101562241,44.0,13.51,67.80348434617788,independent_sample
7.566666666666666,60.0,80.0,47.0,81.15589541193883,4499.0,10.0,7.577807276832798,52.0,24.78,49.269861310571976,real_fitbit_joined
8.316666666666666,40.0,80.0,61.0,98.68643439584878,4853.0,10.0,8.820144860308464,51.0,25.35,59.48558876227795,real_fitbit_joined
6.333333333333333,80.0,40.0,66.0,103.73809523809524,14450.0,7.2,5.640364257213252,32.0,21.41,60.74422029173996,real_fitbit_joined
4.583333333333333,50.0,70.0,69.0,116.62295973884657,13987.0,9.2,1.1295413976678028,39.0,17.83,64.19421688213386,real_fitbit_joined
10.366666666666667,90.0,30.0,55.0,76.70588235294117,5164.0,8.0,6.861096793373429,50.0,23.56,82.24909529661805,real_fitbit_joined
6.85,60.0,80.0,57.0,69.50108459869848,42.0,10.0,7.5980172017375285,41.0,43.31,54.13640510498269,real_fitbit_joined
7.7,70.0,60.0,56.0,121.0,8000.0,8.8,4.125493351274568,19.0,23.93,72.81365292194093,independent_sample
13.183333333333334,60.0,80.0,57.0,73.87310499719258,2937.0,10.0,5.026711301411092,43.0,30.55,87.60044896173743,real_fitbit_joined
8.1,70.0,40.0,68.0,149.0,5000.0,10.0,9.622661321074421,57.0,27.7,61.00292209565957,independent_sample
6.333333333333333,80.0,50.0,56.0,94.32602018429135,12848.0,10.0,6.542650882469948,24.0,25.83,64.38545968287544,real_fitbit_joined
8.0,80.0,50.0,59.0,161.0,7000.0,10.0,2.792937474046478,53.0,23.7,77.25186480337373,independent_sample
8.0,60.0,80.0,68.0,163.0,7000.0,10.0,8.406854245375907,44.0,29.26,54.048814072625376,independent_sample
7.2,70.0,40.0,71.0,144.0,7000.0,10.0,2.0818650620851864,52.0,13.82,77.27865422601441,independent_sample
8.4,60.0,70.0,55.0,161.0,5000.0,8.4,3.6824698777549885,53.0,13.95,74.0297375522035,independent_sample
6.516666666666667,60.0,60.0,69.0,98.85607008760951,1282.0,10.0,2.008350119512471,19.0,24.2,69.3805778797822,real_fitbit_joined
6.6,70.0,40.0,56.0,158.0,6000.0,10.0,1.6210683335153466,45.0,23.81,76.62840718676274,independent_sample
6.3,90.0,30.0,52.0,149.0,6000.0,7.2,2.5289290544566176,22.0,20.05,74.85806045591286,independent_sample
7.2,50.0,70.0,69.0,128.0,8000.0,10.0,3.2794514517044355,39.0,26.64,70.95762061106214,independent_sample
8.5,80.0,50.0,54.0,132.0,5000.0,10.0,1.3178021944621516,41.0,22.16,82.24446038909923,independent_sample
7.1,70.0,40.0,74.0,120.0,7000.0,10.0,9.518108618353649,44.0,22.31,59.01752465573614,independent_sample
7.25,70.0,60.0,46.0,93.39894636015326,7401.0,9.6,6.097641762672074,40.0,20.2,64.26759774824184,real_fitbit_joined
7.1,70.0,60.0,63.0,152.0,7000.0,10.0,4.938951953333831,42.0,16.25,69.07032970136439,independent_sample
7.766666666666667,80.0,50.0,63.0,102.05072783414204,12912.0,10.0,9.73952420648831,29.0,19.88,59.863698543396886,real_fitbit_joined
7.7,80.0,50.0,54.0,148.0,8000.0,7.6,5.6001622531350685,28.0,24.01,68.007195851584,independent_sample
6.2,90.0,30.0,71.0,158.0,10000.0,10.0,7.848916840252844,30.0,26.66,64.14041812471366,independent_sample
6.0,60.0,80.0,55.0,138.0,10000.0,6.4,5.240511090395332,19.0,20.91,55.557392935306744,independent_sample
7.5,90.0,30.0,68.0,163.0,8000.0,10.0,6.584264065467735,30.0,24.87,70.33258058240794,independent_sample
7.3,90.0,30.0,56.0,127.0,8000.0,9.2,3.6413994088730948,32.0,24.71,76.9176431514888,independent_sample
6.1,60.0,70.0,71.0,129.0,8000.0,10.0,7.850093833388422,57.0,43.4,58.04884885666707,independent_sample
5.95,80.0,50.0,56.0,100.57398753894081,15482.0,10.0,8.907669877196422,50.0,31.14,52.24712111659843,real_fitbit_joined
6.983333333333333,90.0,30.0,55.0,95.79854576561164,14331.0,10.0,1.0827734645496667,38.0,23.71,81.04496570036942,real_fitbit_joined
8.4,70.0,40.0,60.0,154.0,5000.0,7.6,4.518153963149632,54.0,23.1,80.16738797358036,independent_sample
7.2,90.0,30.0,64.0,128.0,8000.0,8.8,5.388140743060458,43.0,36.29,71.49263170254174,independent_sample
7.35,80.0,50.0,73.0,116.27704485488127,11761.0,10.0,5.258889160224014,21.0,26.69,68.95439682802945,real_fitbit_joined
6.1,80.0,50.0,52.0,157.0,10000.0,9.2,9.562808987610094,45.0,20.55,54.09779481691884,independent_sample
7.1,60.0,70.0,53.0,158.0,8000.0,8.4,4.423604940733687,54.0,30.34,63.33312469347783,independent_sample
7.1,80.0,50.0,63.0,133.0,7000.0,10.0,3.491328770121752,50.0,15.42,74.58325758135162,independent_sample
7.45,80.0,50.0,53.0,70.48880597014926,4249.0,6.4,6.41003510568888,45.0,25.23,63.59359699191028,real_fitbit_joined
8.216666666666667,70.0,70.0,69.0,97.454,5153.0,10.0,7.332920734420213,36.0,41.84,64.40623026607618,real_fitbit_joined
6.516666666666667,90.0,30.0,55.0,91.00980872976949,4068.0,7.2,9.72523389947832,42.0,21.78,58.67294046794702,real_fitbit_joined
8.0,90.0,30.0,61.0,97.77891791044776,8206.0,9.6,7.46310768603845,50.0,18.24,69.00955664838091,real_fitbit_joined
6.816666666666666,80.0,50.0,51.0,83.46244879380974,12533.0,10.0,6.129007163841849,25.0,36.01,69.26947015802648,real_fitbit_joined
7.3,80.0,40.0,50.0,166.0,8000.0,10.0,4.727167772760343,49.0,17.44,67.53414217783066,independent_sample
7.2,60.0,70.0,67.0,159.0,8000.0,10.0,6.887194633250863,45.0,27.11,61.85854053878838,independent_sample
6.9,60.0,80.0,57.0,149.0,6800.0,10.0,7.5655740578715704,36.0,33.17,55.94536279469214,independent_sample
8.333333333333334,80.0,50.0,59.0,88.45851339671565,8247.0,10.0,6.664587743217362,45.0,27.93,66.0448102725389,real_fitbit_joined
8.5,80.0,40.0,59.0,156.0,5000.0,8.8,1.6161284740022026,47.0,12.91,79.08731735460795,independent_sample
6.8,70.0,60.0,61.0,145.0,5000.0,8.8,9.939295138806676,18.0,17.27,55.8019147995667,independent_sample
7.6,60.0,70.0,55.0,154.0,8000.0,10.0,6.471146926816334,37.0,16.22,65.44620352152086,independent_sample
6.133333333333334,90.0,30.0,49.0,91.47652347652348,10096.0,6.0,4.241715772701366,24.0,23.53,65.29822477812405,real_fitbit_joined
7.083333333333333,60.0,80.0,60.0,109.83325902808738,10725.0,8.8,4.532005966803719,46.0,24.34,65.22322001646856,real_fitbit_joined
7.2,90.0,30.0,72.0,143.0,8000.0,10.0,1.8542614313950274,41.0,35.86,76.53305072943827,independent_sample
8.783333333333333,70.0,60.0,59.0,99.77391304347826,10467.0,10.0,4.947538772706315,49.0,26.77,78.08303617379397,real_fitbit_joined
7.75,80.0,50.0,58.0,104.06337709370756,11135.0,10.0,8.816211783081215,44.0,25.68,63.03954066765648,real_fitbit_joined
7.3,80.0,50.0,69.0,131.0,8000.0,10.0,6.999404311419573,38.0,18.64,62.28500861782877,independent_sample
6.6,90.0,30.0,60.0,156.0,6000.0,10.0,6.8124014765783585,49.0,30.12,69.05152310229006,independent_sample
7.1,70.0,60.0,69.0,128.0,8000.0,10.0,3.1734683673118105,38.0,21.8,69.42299860652105,independent_sample
6.1,80.0,50.0,71.0,128.0,10000.0,8.4,4.874764046159868,48.0,24.91,63.27320575046205,independent_sample
12.916666666666666,80.0,50.0,59.0,73.0040369088812,1202.0,10.0,5.405074842498067,21.0,22.41,93.26439053255142,real_fitbit_joined
7.433333333333334,90.0,30.0,65.0,91.30823680823681,1291.0,10.0,7.522900943758853,34.0,16.41,66.5308283509057,real_fitbit_joined
7.7,60.0,80.0,55.0,138.0,8000.0,10.0,4.395862485668736,36.0,20.28,69.95454983371232,independent_sample
6.7,90.0,30.0,58.0,136.0,5600.0,8.0,4.550286507130318,18.0,30.26,76.12064590203624,independent_sample
7.1,70.0,60.0,70.0,126.0,7000.0,10.0,3.7209992441634436,47.0,17.75,68.6992530587884,independent_sample
6.4,60.0,70.0,60.0,131.0,6000.0,10.0,9.67615666405932,51.0,41.34,47.91039546594111,independent_sample
7.2,80.0,50.0,60.0,121.0,8000.0,9.2,8.300113929401238,38.0,30.68,62.98862371753368,independent_sample
3.9166666666666665,60.0,80.0,62.5,105.92727272727272,4053.0,10.0,2.508572946594859,29.0,38.16,56.04322372964242,real_fitbit_joined
6.6,80.0,50.0,64.0,140.0,6000.0,8.8,9.291767609916779,22.0,27.84,59.41505174875249,independent_sample
7.1,90.0,30.0,59.0,155.0,7000.0,8.4,2.1494213527171135,51.0,18.32,82.74538458127635,independent_sample
6.3,60.0,80.0,63.0,147.0,3500.0,9.6,2.267226540034085,34.0,19.43,71.13638558687482,independent_sample
6.333333333333333,60.0,80.0,56.0,94.32602018429135,12848.0,9.2,1.1640932440872547,22.0,32.24,70.14767620413915,real_fitbit_joined
1.1,80.0,50.0,63.0,107.92268786127168,12084.0,8.8,7.0079490936232345,19.0,23.93,50.09538389013035,real_fitbit_joined
7.216666666666667,80.0,40.0,59.0,91.4928292046936,9482.0,10.0,4.155288029259372,50.0,25.7,74.76132588010998,real_fitbit_joined
8.0,60.0,80.0,52.0,149.0,7000.0,10.0,4.493491355142959,51.0,41.34,68.0269528093873,independent_sample
7.1,90.0,30.0,51.0,140.0,7000.0,10.0,7.595213902896255,20.0,24.42,66.68668987376861,independent_sample
7.2,90.0,30.0,72.0,160.0,8000.0,7.2,7.369492152407747,31.0,17.27,63.71141430279163,independent_sample
7.583333333333333,80.0,50.0,58.0,92.69698420296793,10320.0,10.0,8.597534040722774,18.0,29.5,65.04988394073568,real_fitbit_joined
7.7,60.0,80.0,55.0,143.0,8000.0,10.0,3.5203359659544047,32.0,18.79,68.02968735781056,independent_sample
6.3,60.0,80.0,55.0,143.0,6000.0,8.8,3.245915798645555,20.0,28.31,65.40908097738131,independent_sample
8.4,70.0,60.0,55.0,135.0,5000.0,10.0,7.668136505368643,47.0,19.69,66.57884740687297,independent_sample
7.1,40.0,80.0,70.0,129.0,7000.0,9.6,8.037639794421633,39.0,27.18,54.39658970216867,independent_sample
7.7,80.0,50.0,68.0,120.0,8000.0,8.8,2.863682282897697,41.0,25.05,78.60872625838277,independent_sample
1.1,60.0,80.0,63.0,107.92268786127168,12084.0,8.4,1.8805074458590134,19.0,17.93,54.804287199570915,real_fitbit_joined
7.283333333333333,90.0,30.0,64.55,73.80434782608695,838.0,10.0,2.9110519961044856,18.0,21.66,79.5229590540924,real_fitbit_joined
6.4,90.0,30.0,57.0,128.0,6000.0,10.0,6.858761204358587,24.0,18.29,66.2906666274127,independent_sample
7.283333333333333,90.0,30.0,64.55,73.80434782608695,838.0,10.0,8.403528866623105,23.0,24.84,65.01511827326036,real_fitbit_joined
7.8,80.0,50.0,61.0,127.0,8000.0,8.4,3.220109780694607,50.0,30.63,77.07626971862481,independent_sample
6.8,80.0,50.0,65.0,159.0,5000.0,10.0,6.543869052341611,43.0,24.64,66.02220307410366,independent_sample
1.1,80.0,50.0,63.0,107.92268786127168,12084.0,10.0,4.371513531638241,21.0,21.77,49.53342322779016,real_fitbit_joined
7.8,80.0,50.0,53.0,132.0,8000.0,8.8,4.98290963333271,47.0,12.91,72.83735267012358,independent_sample
7.3,70.0,40.0,74.0,146.0,8000.0,9.2,9.52060356031056,27.0,19.71,55.862624521416784,independent_sample
7.25,80.0,50.0,67.0,104.20406732117812,10789.0,10.0,1.2697623088541015,41.0,23.14,75.57814081551743,real_fitbit_joined
6.966666666666667,80.0,50.0,59.0,106.57502953918866,16358.0,8.0,1.5854643368675156,29.0,23.76,78.27996345411648,real_fitbit_joined
7.2,90.0,30.0,60.0,153.0,8000.0,10.0,8.166173054872317,55.0,18.46,65.08000568367208,independent_sample
6.7,80.0,40.0,53.0,98.837614279495,6157.0,10.0,4.297256589643226,54.0,29.17,70.01038856468399,real_fitbit_joined
7.1,60.0,80.0,67.0,167.0,8000.0,10.0,7.021201035961975,45.0,26.08,56.42757495591193,independent_sample
6.4,90.0,30.0,64.0,148.0,6000.0,10.0,7.8899207546427474,46.0,24.78,61.31216410422947,independent_sample
7.583333333333333,80.0,50.0,52.0,70.86292498650836,4832.0,10.0,9.650715074415228,43.0,18.44,58.332691402563064,real_fitbit_joined
7.2,80.0,40.0,58.0,129.0,7000.0,10.0,2.2802443181847654,41.0,25.75,76.98650430847269,independent_sample
6.0,80.0,50.0,61.0,120.0,5000.0,10.0,2.9368168481551375,20.0,24.42,70.0189671327061,independent_sample
6.55,60.0,80.0,61.0,95.64293478260869,3403.0,10.0,8.189049121962988,45.0,14.85,50.57794439708942,real_fitbit_joined
10.516666666666667,70.0,40.0,58.0,76.9119737561509,4112.0,9.2,9.721923671267302,41.0,22.06,71.01172243096724,real_fitbit_joined
7.2,60.0,80.0,52.0,121.0,8000.0,10.0,4.044407553950485,47.0,19.69,68.16446088532602,independent_sample
7.55,50.0,70.0,57.0,114.65259348612787,11611.0,10.0,6.582785962181182,59.0,34.89,60.94953103687371,real_fitbit_joined
7.25,60.0,70.0,46.0,93.42785843920146,10461.0,10.0,5.325279195939832,49.0,24.31,60.66317180991514,real_fitbit_joined
8.1,80.0,50.0,50.0,167.0,7000.0,10.0,1.1322404978945846,59.0,20.28,82.45856335212432,independent_sample
6.1,90.0,30.0,73.0,132.0,5000.0,7.6,3.5866863681902177,35.0,19.69,74.52658602085002,independent_sample
8.466666666666667,60.0,80.0,48.0,99.59399538106236,11045.0,10.0,1.0496990541124216,43.0,25.56,74.78951463850362,real_fitbit_joined
7.8,80.0,40.0,68.0,165.0,8000.0,10.0,4.459195346717214,57.0,31.74,76.5003785325989,independent_sample
6.6,80.0,40.0,52.0,126.0,6000.0,10.0,5.523681183671174,25.0,20.88,65.03897413233372,independent_sample
6.0,80.0,60.0,65.0,158.0,10000.0,10.0,4.423780067568061,59.0,30.66,72.41307410287415,independent_sample
8.466666666666667,90.0,30.0,48.0,99.59399538106236,11045.0,10.0,5.12427601442365,21.0,22.41,74.86303918450501,real_fitbit_joined
6.3,60.0,80.0,61.0,166.0,6000.0,9.6,8.070864562722088,40.0,17.4,55.81782553417341,independent_sample
7.1,70.0,60.0,63.0,128.0,7000.0,10.0,4.858318188877902,47.0,32.42,67.83792808110374,independent_sample
5.916666666666667,90.0,30.0,49.0,105.13025780189959,14873.0,9.2,3.908826388186797,49.0,26.36,74.361897876158,real_fitbit_joined
8.6,80.0,60.0,63.0,95.37914230019493,3587.0,10.0,6.137004742020207,45.0,24.54,70.83110219855853,real_fitbit_joined
8.0,60.0,80.0,67.0,156.0,7500.0,8.8,8.901768884005627,44.0,24.25,55.508350090826035,independent_sample
8.2,50.0,70.0,50.0,162.0,7000.0,9.2,2.769882264576628,56.0,19.67,76.34965715114248,independent_sample
9.033333333333333,70.0,60.0,60.0,103.41366742596811,9411.0,7.2,5.766855205204059,23.0,26.16,75.10895938946801,real_fitbit_joined
7.8,60.0,80.0,56.0,142.0,8000.0,9.6,9.013685654973957,43.0,18.67,52.807438384855466,independent_sample
6.5,70.0,40.0,54.0,169.0,6000.0,9.2,6.320172729326648,52.0,15.88,67.43225037333958,independent_sample
7.816666666666666,90.0,30.0,45.0,77.22525414660247,10201.0,10.0,7.510781023197264,36.0,35.18,64.17875173080756,real_fitbit_joined
6.6,60.0,70.0,51.0,168.0,6000.0,9.2,9.335746615886038,22.0,34.06,55.46948723308623,independent_sample
12.366666666666667,90.0,30.0,55.0,71.5053974484789,1515.0,9.6,1.7515064502880189,41.0,14.87,95.79835392806122,real_fitbit_joined
6.7,60.0,70.0,71.0,130.0,5600.0,9.6,3.0541182714432917,20.0,16.48,67.03689545728237,independent_sample
5.6,60.0,80.0,68.0,100.45598731165741,7150.0,10.0,7.627998120622506,54.0,18.45,54.482466396899305,real_fitbit_joined
7.2,60.0,60.0,49.0,77.41980624327233,5077.0,9.6,4.849958203622761,40.0,17.4,66.92452358104534,real_fitbit_joined
6.2,70.0,60.0,56.0,158.0,10000.0,10.0,8.239934869115544,41.0,30.19,53.22458771802739,independent_sample
6.8,90.0,30.0,63.0,85.80868320610686,5439.0,6.0,8.285644672523903,54.0,28.46,64.4932822591499,real_fitbit_joined
6.2,80.0,50.0,62.0,150.0,5500.0,10.0,6.681767977827898,53.0,27.18,62.861598711130924,independent_sample
6.8,60.0,70.0,71.0,131.0,6000.0,7.2,6.83775061091934,32.0,21.41,57.791597904111775,independent_sample
6.4,80.0,50.0,63.0,138.0,6000.0,10.0,2.5638543382216943,51.0,34.25,75.01863326840773,independent_sample
7.1,70.0,50.0,63.0,142.0,6000.0,10.0,5.791786140476954,34.0,17.94,68.82661923080006,independent_sample
8.3,50.0,70.0,66.0,166.0,5000.0,6.8,4.90125009480071,29.0,23.22,67.80033928415519,independent_sample
8.1,60.0,80.0,51.0,151.0,7000.0,10.0,1.9226436765982702,19.0,21.45,73.64038525930873,independent_sample
6.5,70.0,60.0,65.0,154.0,6000.0,10.0,9.50003724424873,38.0,27.61,50.6485193886317,independent_sample
9.25,90.0,30.0,62.0,97.93510184746566,7328.0,9.6,7.052666104693346,37.0,30.89,79.64772335167004,real_fitbit_joined
7.533333333333333,90.0,30.0,61.0,106.09291061206517,6722.0,10.0,6.690378591275773,18.0,29.5,70.28739100429871,real_fitbit_joined
6.1,80.0,50.0,74.0,152.0,5000.0,10.0,4.257279917540785,21.0,38.76,66.29283989673343,independent_sample
7.8,90.0,30.0,53.0,123.0,8000.0,6.4,1.1885046492782152,19.0,27.03,81.77489688284513,independent_sample
5.9,70.0,60.0,53.0,133.0,3000.0,10.0,4.909629871059488,56.0,23.59,60.94829472927233,independent_sample
7.233333333333333,90.0,30.0,66.0,114.05627887442252,12495.0,10.0,3.6740954406085753,59.0,30.66,71.93551285216749,real_fitbit_joined
8.0,70.0,50.0,50.0,139.0,7500.0,10.0,5.43578126002702,43.0,25.56,68.37259119849705,independent_sample
6.55,80.0,50.0,45.0,99.93121693121694,11080.0,9.6,3.223929106091318,25.0,26.48,72.87019725153644,real_fitbit_joined
7.966666666666667,80.0,50.0,59.0,103.84647077957281,10252.0,10.0,8.896054180428829,31.0,20.27,60.54619162994431,real_fitbit_joined
7.366666666666666,60.0,80.0,60.0,95.29390187987161,9471.0,10.0,8.231328373463636,28.0,32.34,55.596799961456355,real_fitbit_joined
7.3,60.0,80.0,63.0,133.0,8000.0,10.0,3.7880907328818934,27.0,30.76,70.69611036375748,independent_sample
7.25,80.0,40.0,46.0,93.39894636015326,7401.0,7.6,4.92513876221785,37.0,23.53,68.17821228912639,real_fitbit_joined
7.316666666666666,90.0,30.0,47.0,78.52028218694885,11193.0,10.0,9.969731533665149,39.0,38.49,55.94700593508298,real_fitbit_joined
10.85,70.0,40.0,57.0,76.34227820372399,5771.0,6.0,9.841407552177458,23.0,24.13,66.37238674487719,real_fitbit_joined
6.016666666666667,60.0,80.0,49.0,102.01366742596811,9841.0,10.0,1.4077360879484007,32.0,26.22,61.96167448685414,real_fitbit_joined
7.2,80.0,40.0,50.0,144.0,7000.0,10.0,5.866286289804193,49.0,14.69,67.36627107877553,independent_sample
5.666666666666667,60.0,70.0,57.0,96.92633361558002,11306.0,10.0,7.774449756018771,48.0,49.84,55.32356356772821,real_fitbit_joined
7.983333333333333,80.0,50.0,58.0,95.17008387698043,7238.0,8.4,4.35926612466406,21.0,25.85,71.7838828690532,real_fitbit_joined
6.65,60.0,70.0,59.0,112.6396933560477,12437.0,8.4,6.648022720756571,37.0,24.35,62.576410251866925,real_fitbit_joined
6.5,90.0,30.0,71.0,158.0,6000.0,9.2,4.22032675702194,45.0,24.28,69.78126103570095,independent_sample
8.5,60.0,70.0,53.0,155.0,5000.0,10.0,4.28134355377786,42.0,20.62,69.01467237236201,independent_sample
6.5,90.0,30.0,62.0,166.0,6000.0,9.6,6.2938204025355144,41.0,14.87,66.32310500490347,independent_sample
6.533333333333333,60.0,80.0,59.0,102.43229389149936,9799.0,10.0,9.287630630341182,42.0,16.04,51.71527833361699,real_fitbit_joined
6.5,70.0,60.0,53.0,154.0,6000.0,10.0,1.152528984006229,28.0,24.89,74.03223225846048,independent_sample
6.5,90.0,30.0,55.0,122.0,6000.0,10.0,1.2478304788251893,43.0,28.02,84.95066571776991,independent_sample
7.116666666666666,60.0,70.0,64.0,92.64671532846715,2121.0,10.0,9.44506411138934,34.0,16.41,54.60628553883064,real_fitbit_joined
6.7,60.0,70.0,63.0,100.15845070422536,14400.0,8.4,1.821580091075202,23.0,13.36,74.99999858485775,real_fitbit_joined
8.6,90.0,30.0,63.0,95.37914230019493,3587.0,8.0,6.827272427391427,42.0,27.78,75.12817703526821,real_fitbit_joined
10.0,80.0,50.0,62.0,100.16905311778291,9592.0,8.4,6.1305505308042845,44.0,22.19,81.0076113806697,real_fitbit_joined
7.516666666666667,90.0,30.0,48.0,71.66283924843424,4363.0,10.0,5.998885350423647,39.0,23.05,67.17006119687333,real_fitbit_joined
6.5,60.0,60.0,52.0,157.0,6000.0,8.0,6.955158595598708,55.0,15.92,57.04020027535729,independent_sample
6.4,50.0,70.0,74.0,166.0,6000.0,6.8,4.929527707918895,28.0,24.37,60.7290417474714,independent_sample
6.6,70.0,40.0,73.0,134.0,6000.0,6.4,5.580015000319503,57.0,28.15,69.49679995258934,independent_sample
6.5,70.0,60.0,61.0,168.0,6000.0,7.2,9.598012178535354,53.0,17.6,52.77766736513837,independent_sample
6.4,60.0,80.0,74.0,124.0,4100.0,9.6,4.478864561407251,19.0,17.16,57.70159603779932,independent_sample
1.1666666666666667,70.0,40.0,68.0,107.98215384615385,10320.0,7.2,8.660230043651712,23.0,16.78,39.9793154638946,real_fitbit_joined
7.5,70.0,60.0,63.0,152.0,8000.0,10.0,3.92765620620728,44.0,25.58,70.36354108211894,independent_sample
7.8,70.0,60.0,65.0,129.0,8000.0,10.0,5.800479658888263,53.0,23.7,65.10428715671858,independent_sample
6.55,80.0,50.0,62.0,109.67017543859649,12362.0,6.0,3.1436450294205387,23.0,26.26,70.39640683584423,real_fitbit_joined
8.433333333333334,60.0,70.0,88.0,110.0,6017.0,10.0,6.225295152502391,29.0,33.04,58.68803451242513,real_fitbit_joined
6.0,90.0,30.0,54.0,168.0,5000.0,8.4,1.6053032257063107,23.0,13.36,74.45874409415002,independent_sample
6.1,90.0,30.0,57.0,121.0,10000.0,10.0,7.092467046971536,40.0,26.74,67.22997596185509,independent_sample
5.9,60.0,80.0,45.0,78.63302325581395,10299.0,9.2,7.9797485502550956,58.0,17.82,43.671732167591905,real_fitbit_joined
12.366666666666667,60.0,60.0,55.0,71.5053974484789,1515.0,8.4,9.666341877138219,39.0,13.88,71.38130508054194,real_fitbit_joined
5.8,90.0,30.0,62.0,169.0,5200.0,10.0,3.5424645937556702,46.0,33.16,72.62594658311376,independent_sample
6.333333333333333,60.0,70.0,56.0,94.32602018429135,12848.0,10.0,8.836749111452603,52.0,27.85,54.0641321530599,real_fitbit_joined
4.966666666666667,80.0,40.0,62.0,91.87692307692308,6815.0,8.4,3.957980908329244,22.0,16.56,69.94967350584234,real_fitbit_joined
6.2,80.0,40.0,53.0,165.0,10000.0,10.0,5.501014768689643,46.0,18.62,69.06429936118046,independent_sample
8.216666666666667,80.0,50.0,69.0,97.454,5153.0,10.0,2.8013521982032907,43.0,28.02,79.40709780466699,real_fitbit_joined
8.1,60.0,70.0,50.0,139.0,7000.0,10.0,3.390245496627455,42.0,26.01,71.2362665075912,independent_sample
10.366666666666667,50.0,70.0,55.0,76.70588235294117,5164.0,10.0,6.598780302050861,18.0,30.52,68.60328542921562,real_fitbit_joined
7.583333333333333,90.0,30.0,58.0,92.69698420296793,10320.0,10.0,3.8687725263886295,33.0,20.66,76.17387767307649,real_fitbit_joined
7.816666666666666,80.0,50.0,45.0,77.22525414660247,10201.0,10.0,5.513646652184796,40.0,15.75,67.59759835258498,real_fitbit_joined
8.216666666666667,80.0,50.0,69.0,97.454,5153.0,9.2,4.320222756127952,45.0,38.78,74.68368965599313,real_fitbit_joined
7.7,80.0,40.0,73.0,143.0,8000.0,10.0,2.2339873515609914,52.0,15.24,81.42623373981618,independent_sample
6.1,80.0,60.0,74.0,135.0,5000.0,10.0,8.262689417955944,18.0,44.1,53.6755613335051,independent_sample
8.0,80.0,40.0,69.0,155.0,7500.0,8.8,7.062808757274169,56.0,33.97,63.52531833900258,independent_sample
7.583333333333333,60.0,80.0,52.0,70.86292498650836,4832.0,10.0,4.139814398886958,21.0,29.89,68.37278065477588,real_fitbit_joined
7.2,90.0,30.0,63.0,133.0,8000.0,10.0,6.051005094542724,34.0,32.84,70.802709911958,independent_sample
9.25,90.0,30.0,62.0,97.93510184746566,7328.0,7.6,6.575413114086531,38.0,21.99,77.66553548775418,real_fitbit_joined
